年,月,日,時,分,縣市,區,死,受傷,2-30,天候,光線,道路類別,速限,道路型態,事故位置,路面鋪裝,路面狀態,路面缺陷,障礙物,視距,號誌種類,號誌動作,分向設施,快車道或一般車道間,快慢車道間,路面邊線,事故類型及型態,主要肇因,受傷程度,主要傷處,保護裝備,行動電話,當事者區分,車輛用途,當事者行動狀態,駕駛資格情形,駕駛執照種類,飲酒情形,車輛撞擊部位最初,車輛撞擊部位其他,肇事因素個別,肇事因素主要,肇事逃逸,職業,旅次目的,車種,GPS緯度,GPS經度,事故類別
2022,3,2,18,28,臺中市,南屯區,0,1,0,8,3,5,40,14,7,1,5,4,5,7,4,4,5,4,4,2,17,19,3,10,1,1,B03,7,1,1,8,2,4,,19,19,1,22,8,B03,120.649378,24.141816,2
2022,3,2,18,28,臺中市,西區,0,0,0,,,,50,,,,,,,,,,,,,,,26,,,,,B03,,,1,,1,,,26,26,1,21,,B03,120.665768,24.13927,3
2022,3,2,18,36,臺中市,南屯區,0,1,0,8,3,5,50,4,1,1,5,4,5,7,2,1,5,4,4,2,2,8,3,10,3,4,B03,7,5,1,8,2,1,,8,8,1,22,9,B03,120.652944,24.153606,2
2022,3,2,18,45,臺中市,東區,0,1,0,8,3,5,50,4,1,1,5,4,5,7,1,1,10,5,5,2,16,25,2,9,1,1,C03,7,5,3,18,2,11,,25,25,1,22,8,C03,120.694344,24.147983,2
2022,3,2,18,47,臺中市,西區,0,0,0,8,,,50,,,,,,,,,,,,,,,17,,,,,C03,,,1,,2,,,17,17,1,5,,C03,120.667101,24.132158,3
2022,3,2,18,52,臺中市,豐原區,0,0,0,8,,,50,,,,,,,,,,,,,,,8,,,,,C03,,,1,,2,,,8,8,1,21,,C03,120.715078,24.249103,3
2022,3,2,18,53,臺中市,西屯區,0,1,0,8,3,5,50,3,1,1,5,4,5,7,1,1,5,4,4,2,16,10,3,10,1,1,B12,7,11,1,8,2,5,,10,10,1,22,8,B12,120.643625,24.200329,2
2022,3,2,18,54,臺中市,南屯區,0,0,0,8,,,40,,,,,,,,,,,,,,,12,,,,,B01,,,1,,2,,,12,12,1,22,,B01,120.636765,24.148025,3
2022,3,2,18,56,臺中市,沙鹿區,0,1,0,8,3,5,40,4,2,1,5,4,5,7,4,4,5,5,5,2,17,23,2,9,1,1,C03,7,9,1,10,2,15,,23,23,1,4,8,C03,120.568705,24.252829,2
2022,3,2,18,57,臺中市,西屯區,0,1,0,8,3,5,50,14,7,1,5,4,5,7,4,4,5,4,4,2,29,43,2,9,1,4,C03,7,9,1,10,2,11,,43,43,1,22,8,C03,120.588551,24.169715,2
2022,3,2,19,0,臺中市,南屯區,0,0,0,8,,,40,,,,,,,,,,,,,,,17,,,,,B03,,,1,,2,,,17,17,1,21,,B03,120.634165,24.159123,3
2022,3,2,19,3,臺中市,大里區,0,1,0,8,3,5,50,14,9,1,5,4,5,7,4,4,5,4,5,1,11,26,3,10,3,4,F01,7,5,8,20,2,16,,26,26,1,22,8,F01,120.691002,24.109879,2
2022,3,2,19,5,臺中市,烏日區,0,0,0,8,,,50,,,,,,,,,,,,,,,23,,,,,B03,,,1,,2,,,23,23,1,4,,B03,120.622013,24.102935,3
2022,3,2,19,9,臺中市,東區,0,0,0,8,,,50,,,,,,,,,,,,,,,26,,,,,B12,,,1,,2,,,26,26,1,22,,B12,120.695208,24.141603,3
2022,3,2,19,14,臺中市,南屯區,0,1,0,8,3,5,50,4,1,1,5,4,5,7,2,1,10,5,5,2,16,6,3,10,1,1,C03,7,5,1,10,2,12,,6,6,1,5,8,C03,120.620854,24.13999,2
2022,3,2,19,24,臺中市,太平區,0,1,0,8,3,5,50,14,9,1,5,4,5,7,4,4,5,5,4,1,16,26,3,10,1,1,B12,7,1,1,8,2,4,,26,26,1,21,8,B12,120.731118,24.150279,2
2022,3,2,19,26,臺中市,北區,0,1,0,8,3,5,50,4,2,1,5,4,5,7,1,1,5,5,5,2,12,17,2,9,1,1,C03,7,9,1,10,2,14,,17,17,1,22,8,C03,120.676567,24.160407,2
2022,3,2,19,35,臺中市,龍井區,0,1,0,8,3,5,50,3,1,1,5,4,5,7,1,1,3,4,4,2,17,7,2,9,1,1,C03,7,7,1,10,2,13,,7,7,1,21,8,C03,120.5,24.1,2
2022,3,2,19,43,臺中市,西屯區,0,2,0,8,3,5,50,14,9,1,5,4,5,7,4,4,5,5,5,2,17,19,3,10,1,1,B03,7,1,1,8,2,4,,19,19,1,21,8,B03,120.665318,24.167483,2
2022,3,2,19,47,臺中市,西屯區,0,0,0,,,,40,,,,,,,,,,,,,,,7,,,,,B01,,,1,,2,,,7,7,1,22,,B01,120.637903,24.158476,3
2022,3,2,19,54,臺中市,西屯區,0,0,0,8,,,50,,,,,,,,,,,,,,,23,,,,,B03,,,1,,1,,,23,23,1,22,,B03,120.656846,24.200986,3
2022,3,2,20,1,臺中市,大里區,0,0,0,8,,,50,,,,,,,,,,,,,,,16,,,,,C03,,,1,,2,,,16,16,1,22,,C03,120.686316,24.095484,3
2022,3,2,20,16,臺中市,南屯區,0,2,0,8,3,5,50,4,1,1,5,4,5,7,2,1,10,5,5,2,3,15,2,9,1,1,C03,7,5,1,10,2,11,,15,15,1,22,8,C03,120.615408,24.147665,2
2022,3,2,20,21,臺中市,沙鹿區,0,1,0,8,3,5,50,4,1,1,5,4,5,7,3,1,5,4,5,2,15,6,2,8,1,1,F03,7,9,8,20,2,15,,6,6,1,15,8,F03,120.573294,24.222368,2
2022,3,2,20,29,臺中市,東區,0,0,0,8,,,50,,,,,,,,,,,,,,,7,,,,,C03,,,6,,2,,,7,7,1,21,,C03,120.697163,24.133145,3
2022,3,2,20,31,臺中市,清水區,0,0,0,8,3,5,50,14,9,1,5,4,5,7,4,4,5,4,5,1,14,12,3,10,1,1,B12,7,2,1,8,2,6,,12,12,1,5,5,B12,120.633587,24.272481,3
2022,3,2,20,34,臺中市,豐原區,0,0,0,8,,,50,,,,,,,,,,,,,,,7,,,,,B03,,,1,,2,,,7,7,1,21,,B03,120.719981,24.228537,3
2022,3,2,20,37,臺中市,南屯區,0,0,0,8,,,50,,,,,,,,,,,,,,,26,,,,,C03,,,1,,2,,,26,26,1,20,,C03,120.654373,24.134977,3
2022,3,2,20,40,臺中市,清水區,0,1,0,8,3,5,50,14,9,1,5,4,5,7,4,4,5,5,5,2,10,26,2,9,1,1,C03,7,9,1,10,2,11,,26,26,1,5,1,C03,120.571857,24.262649,2
2022,3,2,20,40,臺中市,西屯區,0,1,0,8,4,5,30,14,9,1,5,4,5,7,4,4,10,5,5,2,17,23,3,10,1,1,B03,7,15,1,8,2,1,,23,23,1,22,8,B03,120.649779,24.168888,2
2022,3,2,20,45,臺中市,西屯區,0,2,0,8,3,5,50,3,1,1,5,4,5,7,4,4,10,5,5,2,9,15,2,9,1,1,C03,7,9,2,18,2,11,,15,15,1,21,8,C03,120.644156,24.174043,2
2022,3,2,20,59,臺中市,清水區,0,0,0,8,3,5,30,4,1,1,5,4,5,7,4,4,10,5,5,2,16,6,3,10,1,1,B12,7,6,1,8,2,8,,6,6,1,5,5,B12,120.574642,24.300249,3
2022,3,2,21,1,臺中市,南屯區,0,1,0,8,3,5,50,4,1,1,5,4,5,7,2,1,5,4,5,2,16,8,2,7,1,1,C03,7,5,1,10,2,13,,8,8,1,4,8,C03,120.653254,24.128742,2
2022,3,2,21,9,臺中市,北屯區,0,0,0,8,,,1,,,,,,,,,,,,,,,23,,,,,F01,,,1,,8,,,23,23,1,22,,F01,120.719592,24.176194,3
2022,3,2,21,10,臺中市,西區,0,0,0,8,,,50,,,,,,,,,,,,,,,23,,,,,B03,,,1,,2,,,23,23,1,4,,B03,120.680501,24.136945,3
2022,3,2,21,20,臺中市,南區,0,1,0,8,3,5,50,14,7,1,5,4,5,7,4,4,4,5,4,2,13,23,2,9,1,1,C03,7,6,1,10,2,11,,23,23,1,22,8,C03,120.650584,24.120279,2
2022,3,2,21,38,臺中市,西屯區,0,3,0,8,3,5,50,4,1,1,5,4,5,7,1,1,10,5,5,2,16,25,2,9,1,4,C03,7,9,1,10,2,11,,25,25,1,22,8,C03,120.606746,24.169175,2
2022,3,2,21,50,臺中市,沙鹿區,0,0,0,,,,50,,,,,,,,,,,,,,,12,,,,,B12,,,1,,2,,,12,12,1,4,,B12,120.574512,24.227262,3
2022,3,2,21,59,臺中市,太平區,0,0,0,8,,,50,,,,,,,,,,,,,,,43,,,,,B03,,,1,,2,,,43,43,1,4,,B03,120.724857,24.137716,3
2022,3,2,22,0,臺中市,西屯區,0,2,0,8,1,5,40,3,1,1,5,4,5,7,4,4,5,4,4,2,16,8,2,9,1,1,C03,7,5,1,10,2,14,,8,8,1,22,8,C03,120.621434,24.186655,2
2022,3,2,22,14,臺中市,大里區,0,1,0,8,4,5,50,14,9,1,5,4,5,7,4,4,9,4,4,1,16,26,3,10,3,4,B01,7,5,1,4,2,7,,26,26,1,10,8,B01,120.690499,24.090704,2
2022,3,2,22,21,臺中市,北區,0,1,0,8,3,5,40,14,8,1,5,4,5,7,4,4,1,4,5,2,18,23,2,9,1,1,C03,7,9,1,10,2,14,,23,23,1,5,8,C03,120.675423,24.149195,2
2022,3,2,22,21,臺中市,北屯區,0,1,0,8,3,5,50,5,1,1,5,4,5,7,1,1,1,2,5,2,12,27,3,10,1,1,B03,7,6,1,8,2,5,,27,27,1,22,8,B03,120.679356,24.172862,2
2022,3,2,22,28,臺中市,南區,0,0,0,8,,,50,,,,,,,,,,,,,,,23,,,,,B03,,,1,,2,,,23,23,1,22,,B03,120.652279,24.112742,3
2022,3,2,22,30,臺中市,沙鹿區,0,1,0,8,3,5,40,4,1,1,5,4,5,7,1,1,5,4,5,2,16,6,3,10,1,1,B03,7,6,1,8,2,5,,6,6,1,4,8,B03,120.574761,24.20826,2
2022,3,2,22,34,臺中市,南屯區,0,2,0,8,3,5,50,4,2,1,5,4,5,7,1,1,5,5,5,2,13,16,2,9,1,1,C03,7,9,1,10,2,11,,16,16,1,22,8,C03,120.646697,24.146983,2
2022,3,2,23,14,臺中市,龍井區,0,1,0,8,3,5,40,14,9,1,5,4,5,7,4,4,9,5,5,1,27,42,2,9,1,4,C03,7,9,1,10,2,11,,42,42,1,18,8,C03,120.587588,24.190971,2
2022,3,2,23,22,臺中市,西屯區,0,0,0,8,,,30,,,,,,,,,,,,,,,23,,,,,B03,,,1,,2,,,23,23,1,22,,B03,120.644753,24.175506,3
2022,3,2,23,30,臺中市,南區,0,0,0,8,,,50,,,,,,,,,,,,,,,1,,,,,B03,,,1,,9,,,1,1,1,21,,B03,120.660078,24.119507,3
2022,3,2,23,55,臺中市,西屯區,0,1,0,8,1,5,50,4,1,1,5,4,5,7,4,4,5,5,5,2,16,6,2,9,3,4,C03,7,9,1,10,2,11,,6,6,1,22,8,C03,120.653615,24.161303,2
2022,3,3,0,7,臺中市,南屯區,0,2,0,8,3,5,50,4,1,1,5,4,5,7,4,4,5,5,4,2,15,6,2,9,1,1,C03,7,9,1,10,2,11,,6,6,1,18,8,C03,120.650729,24.133326,2
2022,3,3,1,44,臺中市,神岡區,0,0,0,8,,,50,,,,,,,,,,,,,,,25,,,,,B03,,,1,,2,,,25,25,1,22,,B03,120.696204,24.248529,3
2022,3,3,2,33,臺中市,西區,0,1,0,8,3,5,50,5,1,1,5,4,5,7,1,1,10,5,5,2,18,43,2,9,1,1,C03,7,9,1,10,2,12,,43,43,1,5,1,C03,120.675453,24.143952,2
2022,3,3,5,9,臺中市,大里區,0,0,0,8,,,50,,,,,,,,,,,,,,,23,,,,,B03,,,1,,2,,,23,23,1,4,,B03,120.698292,24.094508,3
2022,3,3,6,48,臺中市,外埔區,0,0,0,8,1,5,50,4,1,1,5,4,5,7,4,4,4,3,4,1,16,6,,,,,B12,,,1,,2,,,6,6,1,22,,B12,120.65496,24.330181,3
2022,3,3,6,57,臺中市,霧峰區,0,1,0,8,1,5,50,4,1,1,5,4,5,7,4,4,10,5,5,1,16,6,3,10,1,1,B03,7,5,1,8,2,1,,6,6,1,4,8,B03,120.696967,24.065097,2
2022,3,3,6,59,臺中市,南屯區,0,2,0,8,1,5,50,3,1,1,5,4,5,7,4,4,5,4,4,2,16,23,2,8,1,1,C03,7,6,1,10,2,12,,23,23,1,22,8,C03,120.610991,24.138508,2
2022,3,3,7,14,臺中市,豐原區,0,2,0,8,1,5,50,4,1,1,5,4,5,7,1,1,10,5,5,2,16,6,2,9,1,1,C03,7,5,1,10,2,12,,6,6,1,22,8,C03,120.715806,24.25453,2
2022,3,3,7,15,臺中市,后里區,0,0,0,8,2,5,50,12,9,1,5,4,5,7,4,4,5,4,5,1,26,23,,,,,B03,,,1,,2,,,23,23,1,22,,B03,120.714453,24.330282,3
2022,3,3,7,18,臺中市,清水區,0,0,0,8,,,60,,,,,,,,,,,,,,,23,,,,,B03,,,1,,2,,,23,23,1,21,,B03,120.603491,24.311282,3
2022,3,3,7,19,臺中市,豐原區,0,2,0,8,1,5,50,14,9,1,5,4,5,7,4,4,8,3,5,1,17,26,2,1,3,4,C03,7,9,1,10,2,11,,44,44,1,22,8,C03,120.716163,24.239244,2
2022,3,3,7,23,臺中市,龍井區,0,1,0,8,1,5,40,3,1,1,5,4,5,7,4,4,9,4,5,1,3,23,3,10,1,1,C03,7,9,1,10,2,11,,23,23,1,18,2,C03,120.587908,24.192106,2
2022,3,3,7,30,臺中市,北屯區,0,0,0,8,,,40,,,,,,,,,,,,,,,12,,,,,B03,,,1,,1,,,12,12,1,19,,B03,120.694676,24.174336,3
2022,3,3,7,30,臺中市,大甲區,0,1,0,8,1,5,70,4,1,1,5,4,5,7,1,1,10,4,4,1,12,9,3,10,1,1,B03,7,6,1,8,2,5,2,9,9,1,22,1,B03,120.633738,24.361079,2
2022,3,3,7,34,臺中市,龍井區,0,0,0,8,,,70,,,,,,,,,,,,,,,23,,,,,B03,,,1,,2,,,23,23,1,22,,B03,120.541159,24.213678,3
2022,3,3,7,37,臺中市,潭子區,0,2,0,8,1,5,40,3,1,1,5,4,5,7,1,1,10,5,5,2,12,16,2,9,1,1,C03,7,9,1,10,4,12,,16,16,1,22,8,C03,120.708645,24.229909,2
2022,3,3,7,37,臺中市,沙鹿區,0,0,0,8,,,30,,,,,,,,,,,,,,,42,,,,,B03,,,1,,2,,,42,42,1,4,,B03,120.564514,24.243688,3
2022,3,3,7,39,臺中市,北區,0,0,0,,,,50,,,,,,,,,,,,,,,25,,,,,C03,,,3,,2,,,25,25,1,5,,C03,120.674507,24.162862,3
2022,3,3,7,40,臺中市,石岡區,0,0,0,8,,,50,,,,,,,,,,,,,,,23,,,,,A04,,,1,,2,,,23,23,1,10,,A04,120.764801,24.276934,3
2022,3,3,7,41,臺中市,南屯區,0,0,0,8,,,30,,,,,,,,,,,,,,,6,,,,,B12,,,1,,1,,,6,6,1,22,,B12,120.639142,24.150043,3
2022,3,3,7,46,臺中市,北區,0,1,0,8,1,5,50,4,9,1,5,4,5,7,4,4,5,5,5,2,18,43,2,9,1,1,C03,7,9,1,10,2,14,,43,43,1,22,8,C03,120.676818,24.146298,2
2022,3,3,7,47,臺中市,神岡區,0,2,0,8,1,5,50,4,2,1,5,4,5,7,1,1,5,4,5,1,11,8,2,9,3,4,C03,7,5,1,10,2,12,,8,8,1,22,9,C03,120.699244,24.263971,2
2022,3,3,7,53,臺中市,豐原區,0,1,0,8,1,5,50,3,1,1,5,4,5,7,1,1,5,5,4,2,16,6,2,9,4,5,F03,7,5,8,20,2,16,,6,6,1,19,7,F03,120.704797,24.240064,2
2022,3,3,7,55,臺中市,西屯區,0,1,0,8,1,5,50,3,1,1,5,4,5,7,4,4,8,5,5,2,13,6,3,10,1,4,B03,7,6,1,8,1,3,,6,6,1,4,8,B03,120.637893,24.203506,2
2022,3,3,8,2,臺中市,北屯區,0,1,0,8,1,5,50,4,1,1,5,4,5,7,4,4,10,5,5,2,13,23,3,10,1,1,C03,7,6,1,10,2,11,,23,23,1,21,8,C03,120.671777,24.181517,2
2022,3,3,8,3,臺中市,梧棲區,0,1,0,8,1,5,40,3,2,1,5,4,5,7,3,3,10,5,5,2,16,6,3,10,1,1,A11,7,6,1,3,2,8,,6,6,1,10,8,A11,120.537027,24.251365,2
2022,3,3,8,5,臺中市,西屯區,0,1,0,8,1,5,30,15,9,1,5,4,5,7,4,4,10,5,5,2,16,42,2,9,3,4,C03,7,9,1,10,1,14,,42,42,1,22,8,C03,120.627064,24.187275,2
2022,3,3,8,8,臺中市,西區,0,0,0,8,1,5,50,4,1,1,5,4,5,7,4,4,10,5,5,2,12,19,,,,,B03,,,1,,1,,,19,19,1,22,,B03,120.65513,24.149932,3
2022,3,3,8,14,臺中市,烏日區,0,0,0,8,,,50,,,,,,,,,,,,,,,7,,,,,B03,,,1,,2,,,7,7,1,22,,B03,120.614212,24.11719,3
2022,3,3,8,15,臺中市,北屯區,0,1,0,8,1,5,50,4,1,1,5,4,5,7,1,1,10,5,5,2,12,3,2,9,1,1,C03,7,5,4,11,2,11,,3,3,1,19,8,C03,120.690623,24.179064,2
2022,3,3,8,16,臺中市,豐原區,0,1,0,8,1,5,60,14,7,1,5,4,5,7,4,4,1,4,4,2,13,23,3,10,1,1,B03,7,9,1,8,2,1,,23,23,1,22,8,B03,120.703026,24.240511,2
2022,3,3,8,17,臺中市,梧棲區,0,1,0,8,1,5,50,4,1,1,5,4,5,7,1,1,10,5,5,2,16,6,3,10,1,1,C03,7,5,1,10,2,14,,6,6,1,11,1,C03,120.535405,24.235742,2
2022,3,3,8,20,臺中市,南屯區,0,0,0,,,,50,,,,,,,,,,,,,,,6,,,,,B03,,,1,,1,,,6,6,1,22,,B03,120.624482,24.116328,3
2022,3,3,8,23,臺中市,沙鹿區,0,2,0,8,1,5,40,4,1,1,5,4,5,7,1,1,10,5,5,2,13,23,2,8,1,1,C03,7,9,1,10,2,11,,23,23,1,21,8,C03,120.574062,24.229745,2
2022,3,3,8,25,臺中市,西屯區,0,1,0,8,1,5,40,3,8,1,5,4,5,7,4,4,1,5,1,2,16,6,3,10,1,1,C03,7,6,1,10,2,13,,6,6,1,22,8,C03,120.615321,24.183535,2
2022,3,3,8,27,臺中市,北區,0,1,0,8,1,5,0,15,20,4,5,4,5,7,4,4,10,5,5,2,16,26,2,9,3,4,C03,7,9,1,10,2,11,,26,26,1,5,8,C03,120.67866,24.147929,2
2022,3,3,8,30,臺中市,大甲區,0,0,0,8,,,50,,,,,,,,,,,,,,,6,,,,,B12,,,1,,2,,,6,6,1,10,,B12,120.637474,24.418827,3
2022,3,3,8,34,臺中市,南屯區,0,1,0,8,1,5,50,14,8,1,5,4,5,7,4,4,10,4,3,2,18,13,2,9,1,1,C03,7,9,1,10,2,14,,13,13,1,22,8,C03,120.640133,24.115856,2
2022,3,3,8,39,臺中市,南屯區,0,0,0,8,,,50,,,,,,,,,,,,,,,60,,,,,,,,,,,,,60,60,1,,,,120.624461,24.149331,3
2022,3,3,8,45,臺中市,西屯區,0,3,0,8,1,5,50,4,1,1,5,4,5,7,4,4,10,5,5,2,13,42,2,8,3,4,C03,7,9,1,10,2,11,,42,42,1,22,8,C03,120.665817,24.174228,2
2022,3,3,8,48,臺中市,南屯區,0,0,0,8,1,5,50,4,1,1,5,4,5,7,1,1,10,5,5,2,16,26,3,10,3,4,B03,7,5,1,8,1,4,,8,26,1,12,8,B03,120.636716,24.148613,3
2022,3,3,8,50,臺中市,西區,0,2,0,8,1,5,50,3,2,1,5,4,5,7,2,1,5,4,4,2,17,7,2,9,1,1,C03,7,10,1,10,2,14,,7,7,1,21,8,C03,120.665287,24.145543,2
2022,3,3,8,50,臺中市,北屯區,0,1,0,8,1,5,50,4,1,1,5,4,5,7,1,1,10,5,5,2,12,8,2,8,1,1,C03,7,5,1,10,2,11,,8,8,1,19,8,C03,120.698246,24.182924,2
2022,3,3,8,55,臺中市,東區,0,1,0,8,1,5,50,3,1,1,5,4,5,7,4,4,10,5,5,2,16,1,2,9,1,1,C03,7,9,1,10,2,12,,1,1,1,22,8,C03,120.688155,24.14144,2
2022,3,3,9,7,臺中市,潭子區,0,1,0,8,1,5,50,14,9,1,5,4,5,7,1,1,5,4,4,2,17,10,2,9,1,1,C03,7,11,1,10,2,12,,10,10,1,22,8,C03,120.721921,24.195715,2
2022,3,3,9,7,臺中市,西屯區,0,0,0,8,,,50,,,,,,,,,,,,,,,23,,,,,B03,,,1,,1,,,23,23,1,22,,B03,120.633061,24.173853,3
2022,3,3,9,16,臺中市,北屯區,0,1,0,8,1,5,50,4,1,1,5,4,5,7,1,1,10,5,5,2,17,6,3,10,3,4,B03,7,5,1,8,2,1,,6,6,1,21,8,B03,120.661819,24.189421,2
2022,3,3,9,26,臺中市,梧棲區,0,2,0,8,1,5,40,4,1,1,5,4,5,7,1,3,10,5,5,2,16,8,2,1,1,1,B03,7,5,1,8,2,8,,8,8,1,3,8,B03,120.533244,24.243413,2
2022,3,3,9,29,臺中市,烏日區,0,2,0,8,1,5,50,4,1,1,5,4,5,7,4,4,10,5,5,2,16,10,2,8,1,1,C03,7,11,1,10,2,13,,10,10,1,21,8,C03,120.638557,24.106149,2
2022,3,3,9,40,臺中市,烏日區,0,1,0,8,1,5,50,4,1,1,5,4,5,7,2,1,1,2,5,2,16,8,2,9,1,1,C03,7,5,1,10,2,11,14,8,8,1,22,8,C03,120.607517,24.111886,2
2022,3,3,9,46,臺中市,西屯區,0,1,0,8,1,5,40,14,8,1,5,4,5,7,4,4,1,5,1,1,16,6,3,10,1,4,B03,7,6,1,8,2,3,,6,6,1,4,8,B03,120.616828,24.18256,2
2022,3,3,9,47,臺中市,大雅區,0,1,0,8,1,5,50,4,1,1,5,4,5,7,1,3,10,5,5,2,16,6,2,9,1,1,C03,7,5,1,10,2,14,,6,6,1,22,9,C03,120.656505,24.220444,2
2022,3,3,9,48,臺中市,大肚區,0,0,0,8,,,50,,,,,,,,,,,,,,,23,,,,,B12,,,1,,2,,,23,23,1,22,,B12,120.544657,24.153416,3
2022,3,3,9,55,臺中市,大肚區,0,0,0,,,,50,,,,,,,,,,,,,,,17,,,,,B03,,,1,,2,,,17,17,1,21,,B03,120.542587,24.15537,3
2022,3,3,10,2,臺中市,龍井區,0,1,0,8,1,5,50,14,7,1,5,4,5,7,4,4,1,4,4,1,13,23,2,8,1,1,B03,7,9,1,8,2,1,,23,23,1,21,8,B03,120.587606,24.185183,2
2022,3,3,10,4,臺中市,西屯區,0,0,0,8,,,50,,,,,,,,,,,,,,,23,,,,,B12,,,1,,1,,,23,23,1,22,,B12,120.656845,24.201408,3
2022,3,3,10,13,臺中市,北屯區,0,2,0,8,1,5,50,4,1,1,5,4,5,7,2,1,10,5,5,2,16,6,2,7,1,1,B03,7,5,1,8,2,1,,6,6,1,21,8,B03,120.720953,24.169893,2
2022,3,3,10,15,臺中市,清水區,0,1,0,8,1,5,50,14,9,1,5,4,5,7,4,4,5,5,5,1,17,43,3,10,1,1,B03,7,9,1,8,2,15,,43,43,1,22,8,B03,120.572361,24.269343,2
2022,3,3,10,17,臺中市,沙鹿區,0,1,0,8,1,5,15,4,1,1,5,4,5,7,4,4,10,5,5,2,15,6,2,8,4,1,F01,7,9,8,20,2,16,,6,6,1,12,8,F01,120.563277,24.251214,2
2022,3,3,10,28,臺中市,烏日區,0,0,0,8,,,60,,,,,,,,,,,,,,,7,,,,,B12,,,1,,2,,,7,7,1,5,,B12,120.646613,24.09272,3
2022,3,3,10,37,臺中市,沙鹿區,0,0,0,8,,,50,,,,,,,,,,,,,,,23,,,,,A12,,,1,,2,,,23,23,1,21,,A12,120.569389,24.20215,3
2022,3,3,10,39,臺中市,西屯區,0,2,0,8,1,5,40,14,8,1,5,4,5,7,4,4,9,4,4,2,16,8,2,7,3,4,C03,7,5,1,10,2,12,,8,8,1,22,8,C03,120.633921,24.159975,2
2022,3,3,10,42,臺中市,南屯區,0,0,0,,,,50,,,,,,,,,,,,,,,6,,,,,B03,,,1,,2,,,6,6,1,22,,B03,120.633727,24.15338,3
2022,3,3,10,42,臺中市,沙鹿區,0,1,0,8,1,5,50,4,1,1,5,4,5,7,1,3,1,4,5,2,16,6,3,10,1,1,C03,7,9,1,10,2,12,,6,6,1,18,8,C03,120.575215,24.226738,2
2022,3,3,10,52,臺中市,太平區,0,1,0,8,1,5,50,4,7,1,5,4,5,7,1,1,5,4,5,1,16,25,3,10,1,1,B03,7,9,1,8,2,8,,25,25,1,21,8,B03,120.71683,24.151376,2
2022,3,3,11,10,臺中市,西區,0,1,0,8,1,5,50,4,1,1,5,4,5,7,1,1,1,2,4,1,16,6,3,10,1,1,B01,7,6,1,8,2,2,,6,6,1,21,8,B01,120.668328,24.12978,2
2022,3,3,11,14,臺中市,清水區,0,0,0,8,1,5,70,14,7,1,5,4,5,7,1,1,1,4,3,1,12,17,,,,,,,,,,,,,17,17,1,,,,120.540185,24.289216,3
2022,3,3,11,26,臺中市,南區,0,0,0,,,,50,,,,,,,,,,,,,,,42,,,,,B03,,,1,,11,,,42,42,1,22,,B03,120.649733,24.120631,3
2022,3,3,11,26,臺中市,烏日區,0,0,0,8,,,30,,,,,,,,,,,,,,,12,,,,,A12,,,1,,2,,,12,12,1,10,,A12,120.637596,24.066925,3
2022,3,3,11,28,臺中市,北區,0,0,0,,,,50,,,,,,,,,,,,,,,23,,,,,C04,,,1,,1,,,23,23,1,5,,C04,120.670212,24.159386,3
2022,3,3,11,30,臺中市,清水區,0,1,0,8,1,5,30,4,1,1,5,4,5,7,4,4,5,4,5,1,15,6,2,8,1,1,F03,7,9,8,20,2,16,,6,6,1,22,8,F03,120.589204,24.296811,2
2022,3,3,11,33,臺中市,龍井區,0,0,0,8,,,70,,,,,,,,,,,,,,,23,,,,,B03,,,1,,11,,,23,23,1,21,,B03,120.582915,24.187448,3
2022,3,3,11,40,臺中市,烏日區,0,1,0,8,1,5,50,8,9,1,5,4,5,7,4,4,9,5,5,1,17,17,3,10,1,1,B03,7,9,1,8,2,15,,17,17,1,22,8,B03,120.641172,24.101838,2
2022,3,3,11,40,臺中市,北屯區,0,2,0,8,1,5,50,14,9,1,5,4,5,7,4,4,7,4,5,2,16,19,2,7,1,1,C03,7,1,1,10,2,11,,19,19,1,21,8,C03,120.687186,24.186412,2
2022,3,3,11,50,臺中市,西屯區,0,1,0,8,1,5,50,3,1,1,5,4,5,7,4,4,9,4,5,2,12,1,2,9,1,1,C03,7,4,1,10,2,12,,1,1,1,12,8,C03,120.644567,24.185173,2
2022,3,3,11,52,臺中市,南區,0,0,0,8,,,30,,,,,,,,,,,,,,,12,,,,,B03,,,1,8,2,,,12,12,1,21,,B03,120.647234,24.111847,3
2022,3,3,11,59,臺中市,豐原區,0,1,0,8,1,5,50,14,8,1,5,4,5,7,4,4,5,5,4,2,9,60,3,10,1,1,B12,7,2,1,8,2,15,,12,60,1,22,8,B12,120.714283,24.248118,2
2022,3,3,12,0,臺中市,北屯區,0,1,0,8,1,5,50,14,9,1,5,4,5,7,4,4,5,4,5,2,13,16,2,9,1,1,C03,7,9,1,10,2,11,,16,16,1,5,8,C03,120.709704,24.171354,2
2022,3,3,12,5,臺中市,西區,0,0,0,,,,50,,,,,,,,,,,,,,,17,,,,,B03,,,1,,1,,,17,17,1,21,,B03,120.653964,24.146718,3
2022,3,3,12,10,臺中市,西區,0,0,0,8,,,50,,,,,,,,,,,,,,,23,,,,,B03,,,1,,2,,,23,23,1,21,,B03,120.658094,24.155926,4
2022,3,3,12,10,臺中市,大肚區,0,0,0,8,,,30,,,,,,,,,,,,,,,23,,,,,B03,,,1,,2,,,23,23,1,22,,B03,120.554949,24.134756,3