年,月,日,時,分,縣市,區,死,受傷,2-30,天候,光線,道路類別,速限,道路型態,事故位置,路面鋪裝,路面狀態,路面缺陷,障礙物,視距,號誌種類,號誌動作,分向設施,快車道或一般車道間,快慢車道間,路面邊線,事故類型及型態,主要肇因,受傷程度,主要傷處,保護裝備,行動電話,當事者區分,車輛用途,當事者行動狀態,駕駛資格情形,駕駛執照種類,飲酒情形,車輛撞擊部位最初,車輛撞擊部位其他,肇事因素個別,肇事因素主要,肇事逃逸,職業,旅次目的,車種,GPS緯度,GPS經度,事故類別
2022,3,3,20,1,臺中市,東區,0,1,0,7,3,5,50,14,9,1,5,4,5,7,4,4,9,5,5,2,17,12,3,10,1,1,B02,7,2,1,2,2,3,,12,12,1,22,8,B02,120.681044,24.140368,2
2022,3,3,20,17,臺中市,南屯區,0,0,0,8,,,40,,,,,,,,,,,,,,,23,,,,,B03,,,1,,1,,,23,23,1,22,,B03,120.637481,24.137465,3
2022,3,3,20,28,臺中市,神岡區,0,0,0,8,,,50,,,,,,,,,,,,,,,6,,,,,B03,,,1,,2,,,6,6,1,22,,B03,120.657439,24.270992,3
2022,3,3,20,32,臺中市,西屯區,0,2,0,8,3,5,50,3,1,1,5,4,5,7,4,4,10,5,5,2,13,16,2,9,1,1,C02,7,9,1,9,2,11,,16,16,1,4,8,C02,120.644272,24.174941,2
2022,3,3,20,43,臺中市,東區,0,2,0,8,3,5,50,4,2,1,5,4,5,7,1,1,5,5,5,2,13,23,3,10,1,1,B03,7,15,1,8,2,1,,23,23,1,22,8,B03,120.693248,24.13329,2
2022,3,3,20,46,臺中市,外埔區,0,1,0,8,3,5,30,14,11,1,5,4,5,7,4,4,8,3,4,1,16,38,3,10,1,1,B12,7,14,1,8,2,6,,38,38,1,22,8,B12,120.65928,24.326149,2
2022,3,3,20,59,臺中市,大安區,0,1,0,8,3,5,60,14,9,1,5,4,5,7,4,4,1,4,5,1,18,43,2,8,1,1,C03,7,9,1,10,2,12,,43,43,1,21,8,C03,120.58241,24.354318,2
2022,3,3,21,6,臺中市,大甲區,0,0,0,,,,50,,,,,,,,,,,,,,,12,,,,,B03,,,1,,8,,,12,12,2,22,,B03,120.619493,24.354782,3
2022,3,3,22,10,臺中市,大甲區,0,0,0,8,,,50,,,,,,,,,,,,,,,23,,,,,C03,,,1,,2,,,23,23,1,21,,C03,120.611245,24.348235,3
2022,3,3,22,15,臺中市,南區,0,0,0,8,,,50,,,,,,,,,,,,,,,12,,,,,B03,,,1,,2,,,12,12,1,4,,B03,120.683474,24.119178,3
2022,3,3,22,24,臺中市,南屯區,0,1,0,8,3,5,50,4,1,1,5,4,5,7,2,1,5,5,4,2,16,42,3,10,1,1,B03,4,6,1,8,2,5,,42,42,1,4,8,B03,120.643821,24.15108,2
2022,3,3,22,36,臺中市,南屯區,0,0,0,,,,50,,,,,,,,,,,,,,,44,,,,,C03,,,1,,10,,,44,44,1,22,,C03,120.63513,24.152063,3
2022,3,3,22,38,臺中市,中區,0,0,0,8,,,50,,,,,,,,,,,,,,,23,,,,,C03,,,1,,1,,,23,23,1,21,,C03,120.678815,24.147178,3
2022,3,3,22,46,臺中市,東區,0,1,0,8,3,5,50,4,1,1,5,4,5,7,1,1,10,5,5,2,16,25,3,10,1,1,C03,7,9,2,18,2,11,,25,25,1,21,8,C03,120.70475,24.144696,2
2022,3,3,22,51,臺中市,西屯區,0,1,0,8,3,5,50,14,9,1,5,4,5,7,4,4,5,5,5,2,13,42,3,10,1,4,B03,7,9,1,8,2,1,,42,42,1,22,8,B03,120.653423,24.160981,2
2022,3,3,23,42,臺中市,沙鹿區,0,0,0,8,,,50,,,,,,,,,,,,,,,6,,,,,C03,,,1,,2,,,6,6,1,22,,C03,120.580544,24.209606,3
2022,3,4,0,30,臺中市,后里區,0,0,0,8,3,5,30,14,9,1,5,4,5,7,4,4,8,3,5,1,26,42,,,,,B02,,,1,,2,,,42,42,1,22,,B02,120.681759,24.311629,3
2022,3,4,0,55,臺中市,南屯區,0,1,0,8,3,5,50,14,9,1,5,4,1,7,4,4,1,4,5,2,28,23,2,8,1,1,C03,7,12,1,10,2,11,,23,23,1,4,8,C03,120.64634,24.138415,2
2022,3,4,2,5,臺中市,后里區,0,1,0,8,3,5,30,14,9,1,5,4,5,7,4,4,8,3,5,1,16,23,2,9,1,1,C03,7,9,4,8,2,11,,23,23,1,22,8,C03,120.681802,24.31161,2
2022,3,4,6,31,臺中市,太平區,0,0,0,8,,,50,,,,,,,,,,,,,,,9,,,,,B03,,,1,,2,,,9,9,1,22,,B03,120.722222,24.112777,3
2022,3,4,6,57,臺中市,烏日區,0,1,0,8,1,5,60,4,1,1,5,4,5,7,2,1,10,5,5,2,16,9,3,10,1,1,B03,7,6,1,8,2,7,,9,9,1,21,8,B03,120.614368,24.106943,2
2022,3,4,7,0,臺中市,豐原區,0,0,0,8,,,50,,,,,,,,,,,,,,,6,,,,,C03,,,1,,2,,,6,6,1,22,,C03,120.70958,24.250319,3
2022,3,4,7,5,臺中市,北區,0,1,0,8,1,5,50,14,7,1,5,4,5,7,4,4,5,5,4,2,16,10,3,10,1,1,B03,7,11,1,8,2,8,,10,10,1,21,8,B03,120.686051,24.159162,2
2022,3,4,7,15,臺中市,東勢區,0,1,0,8,1,5,50,14,9,1,5,4,5,7,4,4,9,5,5,1,3,51,3,10,1,1,H01,8,18,8,20,1,16,,51,51,1,5,8,H01,120.830063,24.251432,2
2022,3,4,7,19,臺中市,沙鹿區,0,1,0,8,1,5,30,14,9,1,5,4,5,7,4,4,10,5,5,1,11,5,2,7,1,1,C03,7,9,1,10,2,14,,5,5,1,11,1,C03,120.593333,24.218333,2
2022,3,4,7,21,臺中市,大肚區,0,1,0,8,1,5,50,3,1,1,5,4,5,7,1,1,10,5,5,2,16,25,2,8,1,1,C03,7,5,1,10,2,11,,25,25,1,19,8,C03,120.543682,24.159439,2
2022,3,4,7,22,臺中市,西屯區,0,1,0,8,1,5,40,14,8,1,5,4,5,7,4,4,1,5,5,2,17,19,2,9,3,4,C03,7,1,1,10,2,14,,19,19,1,22,9,C03,120.618449,24.181187,2
2022,3,4,7,23,臺中市,龍井區,0,1,0,8,1,5,40,4,1,1,5,4,5,7,1,1,1,4,4,1,13,23,2,7,1,1,C03,7,9,1,10,2,11,,23,23,1,21,1,C03,120.583333,24.186883,2
2022,3,4,7,25,臺中市,外埔區,0,1,0,8,1,5,50,14,8,1,5,4,5,7,4,4,9,5,4,1,16,26,3,10,1,1,C03,7,11,1,10,2,12,,26,26,1,21,1,C03,120.636609,24.341387,2
2022,3,4,7,32,臺中市,豐原區,0,0,0,8,,,50,,,,,,,,,,,,,,,67,,,,,C03,,,3,,2,,,67,67,1,22,,C03,120.726441,24.245627,3
2022,3,4,7,34,臺中市,東區,0,0,0,8,,,50,,,,,,,,,,,,,,,6,,,,,B03,,,1,8,2,,,6,6,1,21,,B03,120.708696,24.142723,3
2022,3,4,7,40,臺中市,梧棲區,0,0,0,8,,,50,,,,,,,,,,,,,,,17,,,,,B03,,,1,,2,,,17,17,1,9,,B03,120.522801,24.224292,3
2022,3,4,7,43,臺中市,西屯區,0,1,0,8,1,5,50,14,9,1,5,4,5,7,4,4,5,4,5,2,16,26,3,10,3,4,B03,7,5,1,8,2,2,,26,26,1,22,8,B03,120.60622,24.192058,2
2022,3,4,7,49,臺中市,沙鹿區,0,1,0,8,1,5,40,3,2,1,5,4,5,7,1,1,1,4,4,2,12,19,3,10,1,1,B03,7,1,1,8,2,8,,19,19,1,4,8,B03,120.569396,24.220552,2
2022,3,4,7,51,臺中市,潭子區,0,2,0,8,1,5,30,4,2,1,5,4,5,7,1,1,10,5,5,2,13,23,2,9,1,1,C03,7,9,1,10,2,11,,23,23,1,22,8,C03,120.706272,24.211516,2
2022,3,4,7,51,臺中市,北屯區,0,2,0,8,1,5,40,14,8,1,5,4,5,7,4,4,1,4,4,2,2,23,2,9,1,1,C03,7,9,1,8,2,11,12,23,23,1,5,8,C03,120.69404,24.161538,2
2022,3,4,7,55,臺中市,龍井區,0,1,0,8,1,5,40,3,1,1,5,4,5,7,1,1,1,3,4,1,18,23,2,9,1,1,C03,7,9,1,10,2,14,,23,23,1,21,1,C03,120.580306,24.188565,2
2022,3,4,7,55,臺中市,清水區,1,0,0,8,2,5,50,4,1,1,5,4,5,7,1,1,10,5,5,2,15,25,1,9,1,1,C03,7,9,1,10,3,11,,25,25,1,5,5,C03,120.566866,24.268273,1
2022,3,4,7,55,臺中市,梧棲區,0,2,0,8,1,5,30,4,1,1,5,4,5,7,3,1,10,5,5,2,15,6,2,9,1,1,C03,7,9,1,10,2,14,,6,6,1,9,8,C03,120.547665,24.26077,2
2022,3,4,7,55,臺中市,東區,0,1,0,8,1,5,50,14,8,1,5,4,5,7,4,4,5,4,4,2,18,67,,,,,,,,,,,,,67,67,1,,,,120.709341,24.149338,2
2022,3,4,7,56,臺中市,西屯區,0,1,0,8,1,5,1,3,1,1,5,4,5,7,1,1,1,4,1,2,14,12,3,10,3,4,B03,7,2,1,8,2,6,,12,12,1,22,8,B03,120.656728,24.161093,2
2022,3,4,8,1,臺中市,神岡區,0,0,0,8,,,50,,,,,,,,,,,,,,,19,,,,,B03,,,1,,1,,,19,19,1,22,,B03,120.655526,24.257341,3
2022,3,4,8,4,臺中市,北區,0,2,0,8,1,5,40,14,9,1,5,4,5,7,4,4,5,5,5,2,16,26,2,9,3,4,C03,7,11,2,18,2,14,,26,26,1,5,8,C03,120.670731,24.160541,2
2022,3,4,8,5,臺中市,大甲區,0,1,0,8,1,5,60,3,1,1,5,4,5,7,4,4,5,5,5,2,3,51,2,1,4,5,H01,8,16,8,20,10,16,,51,51,1,21,8,H01,120.616116,24.349921,2
2022,3,4,8,7,臺中市,外埔區,0,1,0,8,1,5,50,14,9,1,5,4,5,7,4,4,9,4,5,1,18,42,2,9,1,1,C03,7,9,1,10,2,15,,42,42,1,22,8,C03,120.655408,24.332234,2
2022,3,4,8,18,臺中市,梧棲區,0,0,0,8,,,50,,,,,,,,,,,,,,,42,,,,,A11,,,1,,9,,,42,42,1,10,,A11,120.52556,24.223016,3
2022,3,4,8,19,臺中市,東區,0,0,0,8,,,50,,,,,,,,,,,,,,,9,,,,,C03,,,1,,9,,,9,9,1,3,,C03,120.68295,24.134424,3
2022,3,4,8,19,臺中市,西屯區,0,2,0,8,1,5,50,14,9,1,5,4,5,7,4,4,1,4,5,2,13,42,2,9,3,4,C03,7,15,1,10,2,14,,42,42,1,22,8,C03,120.65737,24.17045,2
2022,3,4,8,23,臺中市,東區,0,0,0,8,,,30,,,,,,,,,,,,,,,42,,,,,A11,,,1,1,2,,,42,42,1,21,,A11,120.695153,24.130499,3
2022,3,4,8,33,臺中市,烏日區,0,0,0,8,,,50,,,,,,,,,,,,,,,2,,,,,B03,,,1,,2,,,2,2,1,21,,B03,120.600749,24.110905,3
2022,3,4,8,45,臺中市,西屯區,0,1,0,8,1,5,60,14,7,1,5,4,5,7,1,1,1,4,1,2,13,23,3,10,3,4,B03,7,9,1,10,1,1,,23,23,1,22,8,B03,120.626841,24.159564,2
2022,3,4,8,49,臺中市,西屯區,0,2,0,8,1,5,50,14,8,1,5,4,5,7,4,4,1,4,4,2,16,7,2,9,1,1,C03,7,8,1,10,2,12,,7,7,1,4,8,C03,120.632666,24.180049,2
2022,3,4,8,55,臺中市,梧棲區,0,0,0,8,,,70,,,,,,,,,,,,,,,23,,,,,B03,,,1,,2,,,23,23,1,2,,B03,120.544331,24.247096,3
2022,3,4,9,0,臺中市,西區,0,1,0,8,1,5,50,14,9,1,5,4,5,7,4,4,5,4,5,2,17,23,2,9,1,1,C03,7,9,1,10,2,11,,23,23,1,21,8,C03,120.652323,24.146976,2
2022,3,4,9,2,臺中市,南區,0,2,0,8,1,5,50,4,1,1,5,4,5,7,1,1,10,5,5,2,16,25,2,8,1,1,F01,7,5,8,20,2,16,,25,25,1,22,9,F01,120.677701,24.125565,2
2022,3,4,9,5,臺中市,南屯區,0,1,0,8,1,5,50,14,9,1,5,4,5,7,4,4,2,3,5,2,17,26,2,9,1,4,C03,7,9,1,10,2,14,,26,26,1,22,8,C03,120.638705,24.147313,2
2022,3,4,9,7,臺中市,北區,0,2,0,8,1,5,40,3,1,1,5,4,5,7,2,1,5,5,4,2,15,25,2,9,1,1,C03,7,9,1,10,2,11,,25,25,1,22,8,C03,120.681741,24.149123,2
2022,3,4,9,13,臺中市,西區,0,2,0,8,1,5,50,4,1,1,5,4,5,7,1,1,10,5,5,2,16,6,2,6,3,4,B01,7,5,1,4,2,1,,6,6,1,21,8,B01,120.683804,24.138767,2
2022,3,4,9,16,臺中市,北屯區,0,1,0,8,1,5,60,14,9,1,5,4,5,7,4,4,1,4,5,1,23,23,2,9,3,4,C03,7,9,1,10,8,15,,23,23,1,21,8,C03,120.711147,24.164547,2
2022,3,4,9,19,臺中市,太平區,0,0,0,,,,,,,,,,,,,,,,,,,43,,,,,,,,,,,15,,43,43,1,,,,120.702817,24.155018,3
2022,3,4,9,20,臺中市,西屯區,0,1,0,8,1,5,50,4,1,1,5,4,5,7,2,1,10,5,5,2,16,26,3,10,3,4,B03,7,6,1,8,2,7,,26,26,1,22,8,B03,120.63677,24.16032,2
2022,3,4,9,30,臺中市,西屯區,0,0,0,8,,,40,,,,,,,,,,,,,,,12,,,,,B12,,,1,,1,,,12,12,1,4,,B12,120.646445,24.172505,3
2022,3,4,9,38,臺中市,后里區,1,0,0,8,1,5,50,14,9,1,5,4,5,7,4,4,9,5,5,2,26,42,1,1,1,1,C03,7,9,1,10,2,11,,42,42,1,21,8,C03,120.72386,24.338755,1
2022,3,4,9,41,臺中市,西區,0,1,0,8,1,5,40,4,1,1,5,4,5,7,1,1,10,5,5,2,17,42,2,9,1,1,F03,7,9,8,20,2,16,,44,44,1,5,1,F03,120.662469,24.155193,2
2022,3,4,9,51,臺中市,西屯區,0,0,0,8,,,50,,,,,,,,,,,,,,,23,,,,,B12,,,1,,1,,,23,23,1,22,,B12,120.643611,24.200141,3
2022,3,4,10,12,臺中市,北區,0,0,0,8,,,50,,,,,,,,,,,,,,,23,,,,,B12,,,1,,1,,,23,23,1,21,,B12,120.688959,24.153755,3
2022,3,4,10,18,臺中市,大安區,0,0,0,8,,,40,,,,,,,,,,,,,,,23,,,,,A12,,,1,,2,,,23,23,1,10,,A12,120.613135,24.378001,3
2022,3,4,10,23,臺中市,西屯區,0,0,0,8,,,30,,,,,,,,,,,,,,,23,,,,,B02,,,1,,1,,,23,23,1,4,,B02,120.635037,24.168292,3
2022,3,4,10,25,臺中市,大安區,0,2,0,8,1,5,60,4,1,1,5,4,5,7,1,1,5,5,5,2,13,23,2,9,1,1,C03,7,9,1,10,2,11,,23,23,1,20,8,C03,120.603505,24.360768,2
2022,3,4,10,48,臺中市,西屯區,0,0,0,8,,,50,,,,,,,,,,,,,,,23,,,,,B03,,,1,,11,,,23,23,1,5,,B03,120.645041,24.180993,3
2022,3,4,10,48,臺中市,北區,0,1,0,8,1,5,50,4,1,1,5,4,5,7,2,1,4,5,4,2,16,23,3,10,1,1,C03,7,5,1,10,2,13,,8,23,1,22,8,C03,120.686501,24.165333,2
2022,3,4,10,50,臺中市,南屯區,0,1,0,8,1,5,50,14,9,1,5,4,5,7,4,4,3,4,5,2,12,7,2,9,1,1,C03,7,7,3,18,2,14,,7,7,1,22,8,C03,120.642954,24.140379,2
2022,3,4,10,54,臺中市,大雅區,0,1,0,8,1,5,50,4,1,1,5,4,5,7,4,4,10,5,5,2,17,6,2,9,1,1,C03,7,9,1,10,2,11,,6,6,1,22,9,C03,120.647196,24.22571,2
2022,3,4,10,56,臺中市,南屯區,0,0,0,8,,,40,,,,,,,,,,,,,,,25,,,,,B03,,,1,,2,,,25,25,1,22,,B03,120.623497,24.149515,3
2022,3,4,11,0,臺中市,大雅區,0,1,0,8,1,5,30,4,1,1,5,4,5,7,1,1,10,5,5,1,17,6,3,10,1,1,C03,7,5,1,10,2,15,,6,6,1,22,9,C03,120.665663,24.229318,2
2022,3,4,11,1,臺中市,西區,0,1,0,8,1,5,50,14,7,1,5,4,5,7,4,4,1,4,4,2,13,23,2,9,3,4,B03,7,9,1,10,2,1,,23,23,1,21,8,B03,120.657285,24.152032,2
2022,3,4,11,15,臺中市,太平區,0,0,0,8,,,30,,,,,,,,,,,,,,,12,,,,,B03,,,1,,2,,,12,12,1,19,,B03,120.705606,24.150943,3
2022,3,4,11,21,臺中市,南區,0,2,0,8,1,5,50,3,2,1,5,4,5,7,1,1,10,5,5,2,17,19,2,9,1,1,C03,7,1,1,10,2,11,,19,19,1,22,8,C03,120.656732,24.126594,2
2022,3,4,11,22,臺中市,大甲區,0,1,0,8,1,5,50,3,2,1,5,4,5,7,4,4,5,5,5,1,17,42,2,9,1,1,C03,7,3,1,10,2,11,,42,42,1,20,7,C03,120.652583,24.38031,2
2022,3,4,11,22,臺中市,大里區,0,2,0,8,1,5,50,4,2,1,5,4,5,7,3,1,5,4,4,1,13,16,2,9,3,4,C03,7,9,1,10,2,11,,16,16,1,22,8,C03,120.704316,24.106252,2
2022,3,4,11,25,臺中市,清水區,0,1,0,8,1,5,50,4,1,1,5,4,5,7,3,2,5,5,5,1,15,6,3,10,1,1,B12,7,9,1,8,2,2,,6,6,1,21,8,B12,120.560428,24.278528,2
2022,3,4,11,27,臺中市,西區,0,0,0,8,,,50,,,,,,,,,,,,,,,7,,,,,B03,,,1,,1,,,7,7,1,4,,B03,120.657938,24.158316,3
2022,3,4,11,36,臺中市,豐原區,0,3,0,8,1,5,50,3,1,1,5,4,5,7,4,4,10,5,5,2,16,6,2,9,1,1,C03,7,5,1,10,2,12,,6,6,1,22,8,C03,120.717208,24.249343,2
2022,3,4,11,38,臺中市,大甲區,0,0,0,,,,50,,,,,,,,,,,,,,,67,,,,,B03,,,1,,1,,,67,67,1,22,,B03,120.599248,24.335189,3
2022,3,4,11,44,臺中市,北區,0,0,0,8,,,50,,,,,,,,,,,,,,,23,,,,,A12,,,1,,2,,,23,23,1,21,,A12,120.674507,24.162862,3
2022,3,4,11,45,臺中市,北區,0,0,0,,,,40,,,,,,,,,,,,,,,23,,,,,B12,,,1,,2,,,23,23,1,5,,B12,120.681876,24.147581,3
2022,3,4,11,46,臺中市,西屯區,0,1,0,8,1,5,50,14,9,1,5,4,5,7,4,4,5,5,5,2,13,16,2,9,1,1,C03,7,9,1,10,2,11,,16,16,1,4,8,C03,120.610587,24.199901,2
2022,3,4,11,50,臺中市,龍井區,0,0,0,,,,50,,,,,,,,,,,,,,,12,,,,,B12,,,1,,2,,,12,12,1,4,,B12,120.520796,24.211378,3
2022,3,4,11,51,臺中市,西區,0,1,0,8,1,5,50,14,9,1,5,4,5,7,4,4,5,4,5,2,13,16,3,10,1,1,C03,7,9,1,10,2,11,,16,16,1,21,8,C03,120.657124,24.151344,2
2022,3,4,11,52,臺中市,西區,0,0,0,8,,,50,,,,,,,,,,,,,,,12,,,,,B03,,,1,,2,,,12,12,1,21,,B03,120.657384,24.13653,3
2022,3,4,11,54,臺中市,沙鹿區,0,1,0,8,1,5,40,5,1,1,5,4,5,7,1,1,1,4,1,1,17,26,2,9,1,1,C03,7,5,1,10,2,11,14,26,26,1,4,8,C03,120.569509,24.237324,2
2022,3,4,11,55,臺中市,豐原區,0,0,0,,,,50,,,,,,,,,,,,,,,23,,,,,B03,,,1,,2,,,23,23,1,22,,B03,120.714897,24.251386,3
2022,3,4,11,57,臺中市,西區,0,1,0,8,1,5,50,4,1,1,5,4,5,7,1,1,10,5,5,2,16,6,3,10,1,1,B03,7,6,1,8,2,5,,6,6,1,5,5,B03,120.671257,24.134417,2
2022,3,4,12,10,臺中市,烏日區,0,1,0,8,1,5,50,14,9,1,5,4,5,7,4,4,4,4,5,1,16,26,3,10,1,1,B03,7,11,1,8,2,4,,26,26,1,21,8,B03,120.64269,24.063486,2
2022,3,4,12,22,臺中市,北區,0,0,0,8,,,50,,,,,,,,,,,,,,,8,,,,,B12,,,1,,2,,,8,8,1,22,,B12,120.680981,24.167125,3
2022,3,4,12,26,臺中市,大甲區,0,0,0,8,,,50,,,,,,,,,,,,,,,23,,,,,B03,,,1,,1,,,23,23,1,4,,B03,120.652101,24.382471,3
2022,3,4,12,27,臺中市,西區,0,1,0,8,1,5,50,3,1,1,5,4,5,5,4,4,10,5,5,2,17,23,3,10,1,1,C03,7,9,1,10,2,11,,23,23,1,21,8,C03,120.657859,24.153679,2
2022,3,4,12,27,臺中市,沙鹿區,0,0,0,8,,,30,,,,,,,,,,,,,,,23,,,,,C03,,,1,,2,,,23,23,1,18,,C03,120.577405,24.224319,3
2022,3,4,12,28,臺中市,太平區,0,0,0,8,,,50,,,,,,,,,,,,,,,12,,,,,B03,,,1,,1,,,12,12,1,21,,B03,120.705664,24.160295,3
2022,3,4,12,30,臺中市,西屯區,0,1,0,8,1,5,1,14,9,1,5,4,5,7,4,4,5,5,5,2,17,19,3,10,3,4,B03,7,1,1,8,2,8,,19,19,1,22,8,B03,120.66055,24.167538,2
2022,3,4,12,43,臺中市,梧棲區,0,1,0,8,1,5,40,4,1,1,5,4,5,7,3,1,10,5,5,2,15,6,2,5,1,1,C03,7,9,1,10,2,14,,6,6,1,5,8,C03,120.534593,24.250736,2
2022,3,4,13,10,臺中市,清水區,0,1,0,8,1,5,50,4,1,1,5,4,5,6,4,4,5,5,4,2,15,6,2,9,1,1,C03,7,9,1,10,2,12,,6,6,1,21,8,C03,120.576983,24.268905,2
2022,3,4,13,18,臺中市,西屯區,0,0,0,8,,,40,,,,,,,,,,,,,,,12,,,,,B03,,,1,,2,,,12,12,1,22,,B03,120.640463,24.15477,3
2022,3,4,13,21,臺中市,東區,0,1,0,8,1,5,30,4,1,1,5,4,5,7,4,4,10,5,5,2,15,6,3,10,1,1,C03,7,9,4,8,2,12,,6,6,1,5,8,C03,120.691056,24.148584,2
2022,3,4,13,38,臺中市,西屯區,0,1,0,8,1,5,40,14,8,1,5,4,5,7,4,4,5,4,4,2,17,19,3,10,3,4,C03,7,1,1,10,1,14,,19,19,1,22,8,C03,120.635308,24.166461,2
2022,3,4,13,44,臺中市,沙鹿區,0,0,0,8,,,50,,,,,,,,,,,,,,,23,,,,,B12,,,1,,2,,,23,23,1,22,,B12,120.567459,24.204778,3
2022,3,4,13,50,臺中市,西屯區,0,0,0,8,,,50,,,,,,,,,,,,,,,12,,,,,B03,,,1,,1,,,12,12,1,4,,B03,120.645195,24.176569,3
2022,3,4,13,58,臺中市,沙鹿區,0,1,0,8,1,5,50,4,3,1,5,4,5,7,2,1,10,5,5,2,14,12,3,10,1,1,A11,7,2,1,2,2,6,,12,12,1,10,4,A11,120.558797,24.234744,2
2022,3,4,13,58,臺中市,西屯區,0,1,0,8,1,5,40,14,8,1,5,4,5,7,4,4,1,4,4,2,16,23,2,9,1,1,C03,7,9,1,10,2,11,,23,23,1,4,8,C03,120.654747,24.199544,2
2022,3,4,14,3,臺中市,西屯區,0,1,0,8,1,5,50,14,9,1,5,4,5,7,4,4,5,4,5,2,16,6,3,10,3,4,B12,7,5,1,8,2,6,,6,6,1,22,8,B12,120.615015,24.180525,2
2022,3,4,14,4,臺中市,南區,0,1,0,8,1,5,50,3,1,1,5,4,5,7,4,4,10,5,5,2,18,23,2,7,1,1,F01,7,6,8,20,2,16,,23,23,1,21,8,F01,120.659478,24.126179,2
2022,3,4,14,18,臺中市,沙鹿區,0,1,0,8,1,5,60,5,1,1,5,4,5,7,2,1,10,5,5,2,16,25,3,10,1,1,B12,7,5,1,8,2,5,,44,25,1,22,9,B12,120.579417,24.221291,2
2022,3,4,14,20,臺中市,清水區,0,0,0,8,,,40,,,,,,,,,,,,,,,18,,,,,B03,,,1,,9,,,18,18,2,22,,B03,120.574918,24.268011,3
2022,3,4,14,22,臺中市,南區,0,0,0,8,,,40,,,,,,,,,,,,,,,42,,,,,C03,,,1,,2,,,42,42,1,5,,C03,120.677014,24.131909,3
2022,3,4,14,25,臺中市,沙鹿區,0,1,0,8,1,5,50,4,1,1,5,4,5,7,4,4,10,5,5,2,15,6,2,9,1,1,C03,7,9,1,10,2,12,,6,6,1,18,5,C03,120.569712,24.223094,2
2022,3,4,14,33,臺中市,西區,0,0,0,8,1,5,50,4,1,1,5,4,5,7,4,4,10,5,5,2,15,6,,,,,C03,,,1,,1,,,6,6,1,4,,C03,120.660188,24.141246,3
2022,3,4,14,51,臺中市,西屯區,0,1,0,8,1,5,50,4,1,1,5,4,5,7,1,1,10,5,5,2,16,25,2,1,1,1,B03,7,9,1,8,1,2,,25,25,1,4,1,B03,120.636,24.164127,2
2022,3,4,14,52,臺中市,潭子區,0,1,0,8,1,5,50,5,1,1,5,4,5,7,1,1,5,4,4,2,17,6,3,10,1,1,B03,7,5,1,8,2,1,,6,6,1,22,8,B03,120.696488,24.196127,2
2022,3,4,14,54,臺中市,烏日區,0,1,0,8,1,5,50,3,1,1,5,4,5,7,1,1,1,4,4,2,12,9,3,10,1,1,B12,7,6,1,8,2,5,,9,9,1,22,8,B12,120.629714,24.109179,2
2022,3,4,15,12,臺中市,北屯區,0,0,0,8,,,50,,,,,,,,,,,,,,,23,,,,,B12,,,1,,1,,,23,23,1,21,,B12,120.72454,24.172156,3
2022,3,4,15,15,臺中市,西屯區,0,1,0,8,1,5,50,4,1,1,5,4,5,7,1,1,9,4,4,2,12,44,3,10,1,1,B03,7,8,1,8,2,2,,44,44,1,12,8,B03,120.645201,24.178735,2
2022,3,4,15,16,臺中市,北屯區,0,0,0,8,,,50,,,,,,,,,,,,,,,12,,,,,B03,,,1,,2,,,12,12,1,5,,B03,120.683965,24.178643,3
2022,3,4,15,19,臺中市,西屯區,0,0,0,8,,,40,,,,,,,,,,,,,,,12,,,,,B03,,,1,,2,,,12,12,1,4,,B03,120.654529,24.165913,3
2022,3,4,15,25,臺中市,北區,0,1,0,8,1,5,50,4,1,1,5,4,5,7,4,4,10,5,5,2,15,6,3,10,1,1,C03,7,9,1,10,2,14,,14,6,1,22,8,C03,120.680467,24.154684,2
2022,3,4,15,27,臺中市,南屯區,0,0,0,8,,,50,,,,,,,,,,,,,,,19,,,,,B03,,,1,,1,,,19,19,1,5,,B03,120.632591,24.123156,3
2022,3,4,15,27,臺中市,西區,0,0,0,8,,,50,,,,,,,,,,,,,,,19,,,,,B03,,,1,,1,,,19,19,1,5,,B03,120.658836,24.146698,3
2022,3,4,15,28,臺中市,西區,0,0,0,,,,50,,,,,,,,,,,,,,,23,,,,,B03,,,1,,1,,,23,23,1,5,,B03,120.675704,24.133873,3
2022,3,4,15,29,臺中市,太平區,0,0,0,8,,,30,,,,,,,,,,,,,,,12,,,,,B03,,,1,,2,,,12,12,1,19,,B03,120.717341,24.119733,3
2022,3,4,15,32,臺中市,南屯區,0,0,0,8,,,40,,,,,,,,,,,,,,,25,,,,,B12,,,1,,2,,,25,25,1,19,,B12,120.62311,24.14983,3
2022,3,4,15,37,臺中市,西區,0,1,0,8,1,5,50,4,1,1,5,4,5,7,4,4,10,5,5,2,15,6,2,9,1,1,C03,7,9,1,10,2,12,,6,6,1,4,5,C03,120.670983,24.147919,2
2022,3,4,15,42,臺中市,后里區,0,2,0,8,1,5,30,3,9,1,5,4,5,7,4,4,10,5,5,1,13,44,2,7,1,1,C03,7,5,1,10,2,13,,44,44,1,22,8,C03,120.732277,24.307928,2