年,月,日,時,分,縣市,區,死,受傷,2-30,天候,光線,道路類別,速限,道路型態,事故位置,路面鋪裝,路面狀態,路面缺陷,障礙物,視距,號誌種類,號誌動作,分向設施,快車道或一般車道間,快慢車道間,路面邊線,事故類型及型態,主要肇因,受傷程度,主要傷處,保護裝備,行動電話,當事者區分,車輛用途,當事者行動狀態,駕駛資格情形,駕駛執照種類,飲酒情形,車輛撞擊部位最初,車輛撞擊部位其他,肇事因素個別,肇事因素主要,肇事逃逸,職業,旅次目的,車種,GPS緯度,GPS經度,事故類別
2022,3,5,9,35,臺中市,北區,0,0,0,8,,,50,,,,,,,,,,,,,,,23,,,,,B02,,,1,,1,,,23,23,1,21,,B02,120.681773,24.149321,3
2022,3,5,9,36,臺中市,烏日區,0,1,0,8,1,5,50,11,9,1,5,4,5,7,4,4,1,4,5,2,17,42,2,1,1,1,B01,7,9,1,3,4,5,,42,42,1,21,8,B01,120.63838,24.221173,2
2022,3,5,9,40,臺中市,西區,0,0,0,8,1,5,60,4,1,1,5,4,5,7,1,1,10,5,5,2,17,23,,,,,B03,,,1,,1,,,44,44,1,4,,B03,120.65777,24.15806,3
2022,3,5,9,41,臺中市,西區,0,0,0,8,1,5,50,3,1,1,5,4,5,7,4,4,5,5,5,2,16,23,,,,,C03,,,1,,1,,,23,23,1,21,,C03,120.661709,24.153987,3
2022,3,5,9,44,臺中市,太平區,0,0,0,8,,,30,,,,,,,,,,,,,,,40,,,,,B02,,,1,,2,,,40,40,1,5,,B02,120.722099,24.132291,3
2022,3,5,9,45,臺中市,南屯區,0,1,0,8,1,5,50,3,1,1,5,4,5,7,4,4,10,5,5,2,16,6,2,9,1,1,C03,7,5,1,10,2,12,,6,6,1,22,8,C03,120.608538,24.146391,2
2022,3,5,9,46,臺中市,南屯區,0,1,0,8,1,5,50,4,1,1,5,4,5,7,1,1,1,4,4,1,16,6,3,10,1,1,B03,7,6,1,8,2,2,,6,6,1,22,9,B03,120.625972,24.143013,2
2022,3,5,9,49,臺中市,西屯區,0,1,0,8,1,5,30,3,9,1,5,4,5,7,4,4,10,5,5,2,11,43,3,10,1,1,C03,7,9,1,10,2,15,,43,43,1,22,8,C03,120.637511,24.173958,2
2022,3,5,9,50,臺中市,北區,0,0,0,8,,,50,,,,,,,,,,,,,,,23,,,,,B03,,,1,,1,,,23,23,1,22,,B03,120.668164,24.154683,3
2022,3,5,9,54,臺中市,烏日區,0,1,0,8,1,5,30,14,9,1,5,4,5,7,4,4,10,4,5,2,13,23,3,10,1,1,B02,7,9,1,2,2,1,,23,23,1,22,8,B02,120.616236,24.110372,2
2022,3,5,9,57,臺中市,南屯區,0,2,0,8,1,5,50,4,1,1,5,4,5,7,1,1,10,5,5,2,17,23,2,9,1,1,C04,7,15,3,18,2,12,,23,23,1,5,8,C04,120.649748,24.149543,2
2022,3,5,10,0,臺中市,北區,0,0,0,8,,,50,,,,,,,,,,,,,,,19,,,,,B03,,,1,,1,,,19,19,1,21,,B03,120.672375,24.173773,3
2022,3,5,10,3,臺中市,北區,0,1,0,8,1,5,50,4,1,1,5,4,5,7,2,1,10,5,5,2,17,6,3,10,1,1,B03,7,5,1,8,2,8,,6,6,1,22,8,B03,120.685087,24.165301,2
2022,3,5,10,6,臺中市,太平區,0,0,0,,,,50,,,,,,,,,,,,,,,16,,,,,C03,,,1,,2,11,,16,16,1,22,,C03,120.71841,24.126081,3
2022,3,5,10,20,臺中市,大肚區,1,0,0,8,1,5,70,3,1,1,5,4,5,7,4,4,10,5,5,2,16,11,1,9,1,1,C03,7,11,1,10,2,14,,11,11,1,19,8,C03,120.548442,24.143438,1
2022,3,5,10,20,臺中市,北屯區,0,0,0,,,,50,,,,,,,,,,,,,,,42,,,,,C03,,,1,9,1,,,23,23,1,21,,C03,120.688939,24.181965,3
2022,3,5,10,20,臺中市,后里區,0,0,0,8,,,30,,,,,,,,,,,,,,,23,,,,,B12,,,1,,2,,,23,23,1,9,,B12,120.740408,24.333055,3
2022,3,5,10,21,臺中市,西屯區,0,0,0,8,,,50,,,,,,,,,,,,,,,26,,,,,B03,,,1,,1,,,26,26,1,22,,B03,120.636572,24.173545,3
2022,3,5,10,21,臺中市,北區,0,2,0,8,1,5,50,5,1,1,5,4,5,7,1,1,1,2,5,2,16,26,3,10,1,1,B03,7,10,1,8,2,2,,26,26,1,21,8,B03,120.686252,24.15482,2
2022,3,5,10,31,臺中市,西屯區,0,0,0,8,,,50,,,,,,,,,,,,,,,23,,,,,B03,,,1,,1,,,23,23,1,22,,B03,120.657468,24.196746,3
2022,3,5,10,38,臺中市,西區,0,0,0,8,,,50,,,,,,,,,,,,,,,12,,,,,B03,,,1,,1,,,12,12,1,21,,B03,120.655046,24.145174,3
2022,3,5,10,42,臺中市,北區,0,0,0,8,,,50,,,,,,,,,,,,,,,23,,,,,B01,,,1,,1,,,23,23,1,22,,B01,120.677185,24.154133,3
2022,3,5,10,45,臺中市,太平區,0,1,0,8,1,5,50,14,9,1,5,4,5,7,4,4,5,4,5,1,16,26,3,10,1,1,B03,7,11,1,8,2,8,,26,26,1,22,8,B03,120.719097,24.158946,2
2022,3,5,10,46,臺中市,石岡區,0,2,0,8,1,5,70,3,1,1,5,4,5,7,3,1,10,5,5,2,3,15,2,9,1,4,C03,7,9,1,10,2,11,,15,15,1,5,4,C03,120.8153,24.26082,2
2022,3,5,10,47,臺中市,大肚區,0,1,0,8,1,5,50,4,1,1,5,4,5,7,4,4,10,5,5,2,15,14,2,9,2,1,C03,7,9,1,10,2,14,,14,14,1,21,8,C03,120.541175,24.154625,2
2022,3,5,10,50,臺中市,清水區,0,1,0,8,1,5,50,3,1,1,5,4,5,7,1,1,1,4,5,2,12,19,3,10,1,1,B03,7,1,1,8,2,4,,19,19,1,22,8,B03,120.540479,24.269545,2
2022,3,5,10,53,臺中市,西屯區,0,0,0,8,,,30,,,,,,,,,,,,,,,23,,,,,B03,,,1,,1,,,23,23,1,4,,B03,120.658347,24.19771,3
2022,3,5,10,53,臺中市,梧棲區,0,3,0,8,1,5,30,5,1,1,5,4,5,7,4,4,10,5,5,2,15,6,2,9,1,1,B03,7,9,1,3,2,4,,6,6,1,5,8,B03,120.550249,24.257787,2
2022,3,5,10,55,臺中市,神岡區,0,1,0,8,1,5,50,3,1,1,5,4,5,7,1,1,1,4,4,1,17,25,2,9,1,1,C03,7,9,1,10,2,11,,25,25,1,12,8,C03,120.694879,24.248252,2
2022,3,5,10,57,臺中市,西屯區,0,0,0,8,,,40,,,,,,,,,,,,,,,23,,,,,C03,,,1,,1,,,23,23,1,22,,C03,120.593873,24.18255,3
2022,3,5,11,0,臺中市,梧棲區,0,1,0,8,1,5,30,4,1,1,5,4,5,7,4,4,10,5,5,2,15,6,2,8,1,1,C03,7,9,1,10,2,11,,6,6,1,3,8,C03,120.537081,24.233519,2
2022,3,5,11,5,臺中市,西屯區,0,0,0,8,,,40,,,,,,,,,,,,,,,60,,,,,B03,,,1,,1,,,60,60,1,4,,B03,120.63264,24.161749,3
2022,3,5,11,6,臺中市,梧棲區,0,0,0,8,,,60,,,,,,,,,,,,,,,16,,,,,B03,,,1,,2,,,16,16,1,5,,B03,120.536137,24.25018,3
2022,3,5,11,8,臺中市,沙鹿區,0,0,0,8,,,60,,,,,,,,,,,,,,,42,,,,,A12,,,1,,2,,,42,42,1,9,,A12,120.575781,24.248494,3
2022,3,5,11,11,臺中市,龍井區,0,0,0,8,,,50,,,,,,,,,,,,,,,12,,,,,B03,,,1,,2,,,12,12,1,22,,B03,120.583663,24.181285,3
2022,3,5,11,16,臺中市,西區,0,0,0,8,,,30,,,,,,,,,,,,,,,6,,,,,B03,,,1,,1,,,6,6,1,5,,B03,120.669846,24.142396,3
2022,3,5,11,19,臺中市,神岡區,0,1,0,8,1,5,30,3,1,1,5,4,5,7,4,4,10,5,5,2,16,6,3,10,1,1,B03,7,5,1,8,2,1,,6,6,1,22,8,B03,120.708006,24.261467,2
2022,3,5,11,25,臺中市,清水區,0,0,0,8,,,40,,,,,,,,,,,,,,,23,,,,,B12,,,1,,2,,,23,23,1,21,,B12,120.59974,24.309075,3
2022,3,5,11,33,臺中市,梧棲區,0,1,0,8,1,5,30,4,1,1,5,4,5,7,4,4,10,5,5,2,15,6,3,10,1,1,C03,7,9,1,10,2,11,,6,6,1,3,8,C03,120.547499,24.233241,2
2022,3,5,11,34,臺中市,烏日區,0,1,0,8,1,5,50,3,1,1,5,4,5,7,4,4,5,4,5,1,12,9,3,10,1,1,B12,7,6,1,8,2,2,,9,9,1,22,8,B12,120.644165,24.085315,2
2022,3,5,11,37,臺中市,北區,0,0,0,8,,,50,,,,,,,,,,,,,,,6,,,,,B03,,,1,,1,,,6,6,1,22,,B03,120.691943,24.157541,3
2022,3,5,11,42,臺中市,北屯區,0,1,0,8,1,5,50,4,1,1,5,4,5,7,4,4,10,5,5,2,15,6,2,9,3,4,C03,7,9,1,10,2,11,,14,6,1,21,8,C03,120.716594,24.167204,2
2022,3,5,11,42,臺中市,豐原區,0,2,0,8,1,5,50,3,2,1,5,4,5,7,4,4,4,4,4,2,17,6,3,10,1,1,B03,7,5,1,8,2,8,,6,6,1,4,5,B03,120.719877,24.253527,2
2022,3,5,11,45,臺中市,北屯區,0,1,0,8,1,5,50,14,8,1,5,4,5,7,4,4,5,4,4,2,18,13,2,9,1,1,C03,7,9,1,10,2,11,,13,13,1,21,8,C03,120.698644,24.164661,2
2022,3,5,11,56,臺中市,太平區,0,0,0,8,,,50,,,,,,,,,,,,,,,16,,,,,B03,,,1,,2,,,16,16,1,22,,B03,120.72403,24.126372,3
2022,3,5,11,56,臺中市,北屯區,0,2,0,8,1,5,50,4,1,1,5,4,5,7,1,1,10,5,5,2,13,1,2,9,1,1,C03,7,9,1,10,2,11,,23,1,1,22,8,C03,120.709799,24.171328,2
2022,3,5,11,57,臺中市,沙鹿區,0,0,0,8,,,50,,,,,,,,,,,,,,,7,,,,,B03,,,1,,2,,,7,7,1,19,,B03,120.560249,24.239306,3
2022,3,5,12,4,臺中市,西區,0,0,0,8,,,50,,,,,,,,,,,,,,,6,,,,,B03,,,1,,1,,,6,6,1,5,,B03,120.669356,24.136062,3
2022,3,5,12,9,臺中市,西區,0,0,0,8,1,5,50,4,1,1,5,4,5,7,1,1,5,5,5,2,13,16,,,,,B03,,,1,,2,,,16,16,1,21,,B03,120.66804,24.132085,3
2022,3,5,12,11,臺中市,沙鹿區,0,0,0,8,,,30,,,,,,,,,,,,,,,6,,,,,C03,,,1,,2,,,6,6,1,4,,C03,120.566752,24.241666,3
2022,3,5,12,19,臺中市,北區,0,0,0,,,,,,,,,,,,,,,,,,,67,,,,,,,,,,,,,67,67,1,,,,120.671976,24.173301,3
2022,3,5,12,19,臺中市,神岡區,0,0,0,8,,,30,,,,,,,,,,,,,,,17,,,,,B03,,,1,,2,,,17,17,1,12,,B03,120.691387,24.242895,3
2022,3,5,12,20,臺中市,北區,0,0,0,8,,,50,,,,,,,,,,,,,,,16,,,,,C03,,,1,,1,,,16,16,1,22,,C03,120.677433,24.151421,3
2022,3,5,12,21,臺中市,南區,0,1,0,8,1,5,30,4,1,1,5,4,5,5,4,4,10,5,5,2,15,6,2,9,1,1,C03,7,9,1,10,2,12,,6,6,1,5,8,C03,120.683883,24.131091,2
2022,3,5,12,25,臺中市,神岡區,0,0,0,8,,,50,,,,,,,,,,,,,,,23,,,,,B03,,,3,,1,,,23,23,1,22,,B03,120.70722,24.260383,3
2022,3,5,12,37,臺中市,西屯區,0,0,0,8,1,5,50,4,7,1,5,4,5,7,2,1,1,3,4,2,13,23,3,10,1,1,B03,7,14,1,8,8,8,,23,23,1,22,8,B03,120.639389,24.165289,3
2022,3,5,12,41,臺中市,大甲區,0,1,0,8,1,5,50,4,1,1,5,4,5,7,4,4,10,5,5,2,16,6,3,10,1,1,B03,7,5,1,8,2,8,,6,6,1,21,8,B03,120.622222,24.352178,2
2022,3,5,12,48,臺中市,西區,0,0,0,8,1,5,50,14,8,1,5,4,5,7,4,4,5,4,4,2,17,12,,,,,B03,,,1,,1,,,12,12,1,5,,B03,120.652456,24.145259,3
2022,3,5,12,50,臺中市,西屯區,0,0,0,8,,,50,,,,,,,,,,,,,,,7,,,,,B03,,,1,,1,,,7,7,1,4,,B03,120.641439,24.156747,3
2022,3,5,12,56,臺中市,沙鹿區,0,2,0,8,1,5,50,14,8,1,5,4,5,7,2,1,10,5,5,2,13,23,2,8,1,1,C03,7,9,1,10,2,11,,23,23,1,22,9,C03,120.569152,24.237397,2
2022,3,5,12,57,臺中市,西屯區,0,1,0,8,1,5,40,14,8,1,5,4,5,7,4,4,1,4,1,2,13,23,2,9,1,1,C03,7,9,1,10,1,11,,23,23,1,21,8,C03,120.646701,24.164019,2
2022,3,5,13,0,臺中市,西區,0,1,0,8,1,5,50,3,1,1,5,4,5,7,4,4,10,5,5,2,16,19,3,10,1,1,B03,7,1,1,8,2,1,,19,19,1,22,9,B03,120.655124,24.138778,2
2022,3,5,13,0,臺中市,霧峰區,0,1,0,8,1,5,40,14,13,1,5,4,5,7,4,4,5,5,5,1,24,17,2,9,3,4,C03,7,9,1,10,2,12,,17,17,1,18,8,C03,120.705961,24.072911,2
2022,3,5,13,1,臺中市,北區,0,0,0,8,,,50,,,,,,,,,,,,,,,23,,,,,B03,,,1,,1,,,23,23,1,21,,B03,120.675489,24.159461,3
2022,3,5,13,4,臺中市,南區,0,0,0,8,,,50,,,,,,,,,,,,,,,12,,,,,B03,,,1,8,2,,,12,12,1,21,,B03,120.662537,24.119821,3
2022,3,5,13,7,臺中市,西屯區,0,0,0,8,,,40,,,,,,,,,,,,,,,42,,,,,C03,,,1,,2,,,42,42,1,5,,C03,120.658908,24.166314,3
2022,3,5,13,15,臺中市,南屯區,0,1,0,8,1,5,30,3,1,1,5,4,5,7,4,4,10,5,5,2,16,6,2,9,3,4,C03,7,5,1,10,2,12,,6,6,1,23,8,C03,120.644633,24.134726,2
2022,3,5,13,19,臺中市,西區,0,0,0,8,,,50,,,,,,,,,,,,,,,26,,,,,B03,,,1,,1,,,26,26,1,19,,B03,120.666736,24.141067,3
2022,3,5,13,22,臺中市,南屯區,0,0,0,8,,,50,,,,,,,,,,,,,,,17,,,,,B03,,,1,,2,,,17,17,1,22,,B03,120.636517,24.146816,3
2022,3,5,13,23,臺中市,后里區,0,2,0,8,1,5,60,3,1,1,5,4,5,7,2,1,10,4,4,1,16,25,2,9,1,1,B03,7,9,1,8,2,1,,25,25,1,22,8,B03,120.723503,24.298126,2
2022,3,5,13,26,臺中市,外埔區,0,2,0,8,1,5,50,3,1,1,5,4,5,7,1,1,4,3,4,1,16,42,2,9,1,1,C03,7,9,1,10,2,14,,42,42,1,22,8,C03,120.637297,24.34271,2
2022,3,5,13,40,臺中市,北區,0,0,0,,,,50,,,,,,,,,,,,,,,7,,,,,B03,,,1,,1,,,7,7,1,21,,B03,120.664883,24.164941,3
2022,3,5,13,42,臺中市,南區,0,0,0,8,,,50,,,,,,,,,,,,,,,23,,,,,B03,,,1,8,2,,,23,23,1,5,,B03,120.669828,24.11457,3
2022,3,5,13,45,臺中市,清水區,0,2,0,8,1,5,50,4,1,1,5,4,5,7,4,4,5,5,5,1,16,1,2,9,1,1,C01,7,9,1,9,2,12,,1,1,1,21,8,C01,120.552076,24.265138,2
2022,3,5,13,50,臺中市,北區,0,0,0,8,,,50,,,,,,,,,,,,,,,26,,,,,B03,,,1,,1,,,26,26,1,22,,B03,120.684258,24.157635,3
2022,3,5,13,53,臺中市,西屯區,0,0,0,8,,,30,,,,,,,,,,,,,,,5,,,,,B03,,,1,,2,,,5,5,1,22,,B03,120.644603,24.175748,3
2022,3,5,13,53,臺中市,西屯區,0,1,0,8,1,5,50,14,9,1,5,4,5,7,4,4,8,5,5,1,16,10,3,10,1,4,B12,7,11,1,8,2,4,,10,10,1,4,8,B12,120.636346,24.178746,2
2022,3,5,14,0,臺中市,梧棲區,0,2,0,8,1,5,50,14,9,1,5,4,5,7,4,4,5,5,5,1,16,26,3,10,1,1,B12,7,11,1,8,2,2,,26,26,1,19,8,B12,120.536463,24.238216,2
2022,3,5,14,0,臺中市,龍井區,0,2,0,8,1,5,30,3,2,1,5,4,5,7,4,4,10,5,5,2,17,23,2,9,3,4,C03,7,15,1,10,2,11,,23,23,1,5,1,C03,120.5305,24.18455,2
2022,3,5,14,3,臺中市,太平區,0,0,0,8,,,30,,,,,,,,,,,,,,,12,,,,,B03,,,1,,2,,,12,12,1,21,,B03,120.722316,24.132333,3
2022,3,5,14,4,臺中市,西區,0,0,0,8,1,5,50,14,7,1,5,4,5,7,4,4,1,5,1,2,13,16,,,,,B03,,,1,,1,,,16,16,1,21,,B03,120.666535,24.153238,3
2022,3,5,14,10,臺中市,清水區,0,1,0,8,1,5,40,14,8,1,5,4,5,7,4,4,1,4,4,2,14,12,3,10,1,1,B12,7,2,1,8,2,6,,12,12,1,21,8,B12,120.5768,24.27297,2
2022,3,5,14,10,臺中市,大甲區,0,1,0,8,1,5,50,3,1,1,5,4,5,7,1,1,10,5,5,2,17,42,3,10,1,1,B12,7,11,1,8,2,1,,42,42,1,21,8,B12,120.629704,24.340578,2
2022,3,5,14,11,臺中市,梧棲區,0,2,0,8,1,5,50,4,1,1,5,4,5,7,4,4,10,5,5,2,16,6,2,9,1,1,C03,7,6,2,18,2,14,,6,6,1,22,8,C03,120.529316,24.251616,2
2022,3,5,14,18,臺中市,后里區,0,0,0,8,,,40,,,,,,,,,,,,,,,23,,,,,B03,,,1,,2,,,23,23,1,22,,B03,120.707945,24.316591,3
2022,3,5,14,23,臺中市,后里區,0,2,0,8,1,5,50,4,1,1,5,4,5,7,2,1,10,4,4,1,12,9,3,10,1,1,B03,7,6,1,8,2,5,,9,9,1,22,8,B03,120.722147,24.307755,2
2022,3,5,14,25,臺中市,南屯區,0,1,0,8,1,5,50,4,1,1,5,4,5,7,2,1,10,5,5,2,15,25,3,10,3,4,B03,7,9,1,8,2,1,,25,25,1,22,8,B03,120.651292,24.146749,2
2022,3,5,14,30,臺中市,北區,0,0,0,8,,,50,,,,,,,,,,,,,,,6,,,,,B03,,,1,,1,,,6,6,1,22,,B03,120.68134,24.152752,3
2022,3,5,14,34,臺中市,大甲區,0,2,0,8,1,5,30,3,1,1,5,4,5,7,4,4,10,5,5,2,9,23,3,10,1,1,B03,7,6,1,8,2,2,,23,23,1,21,8,B03,120.629923,24.34376,2
2022,3,5,14,38,臺中市,沙鹿區,0,0,0,6,1,5,60,3,9,1,5,4,5,7,1,1,4,3,4,1,12,17,3,10,1,1,B03,7,9,1,8,2,7,,17,17,1,22,8,B03,120.556112,24.212822,3
2022,3,5,14,45,臺中市,清水區,0,0,0,8,,,70,,,,,,,,,,,,,,,7,,,,,B03,,,1,,2,,,7,7,1,22,,B03,120.576901,24.272896,3
2022,3,5,14,48,臺中市,大甲區,0,3,0,8,1,5,50,14,9,1,5,4,5,7,4,4,5,5,4,2,16,6,2,9,1,1,C03,7,11,1,10,2,12,,6,6,1,21,8,C03,120.627513,24.350551,2
2022,3,5,14,54,臺中市,西屯區,0,1,0,8,1,5,50,3,9,1,5,4,5,7,4,4,1,4,1,2,17,23,2,9,3,4,C03,7,9,1,10,1,11,,23,23,1,22,8,C03,120.638208,24.17002,2
2022,3,5,14,55,臺中市,南區,0,1,0,8,1,5,50,4,2,1,5,4,5,7,1,1,10,5,5,2,16,25,2,9,1,1,C03,7,9,1,10,2,12,,25,25,1,21,8,C03,120.657575,24.116435,2
2022,3,5,14,57,臺中市,西區,0,0,0,8,1,5,50,4,1,1,5,4,5,7,4,4,10,5,5,2,17,23,,,,,B02,,,1,,1,,,23,23,1,4,,B02,120.657903,24.144334,3
2022,3,5,15,0,臺中市,中區,0,3,0,8,1,5,50,4,1,1,5,4,5,7,2,1,10,5,5,2,16,8,2,7,1,1,B03,7,5,1,8,2,4,,8,8,1,22,8,B03,120.681512,24.136542,2
2022,3,5,15,3,臺中市,西屯區,0,0,0,8,,,50,,,,,,,,,,,,,,,6,,,,,B03,,,1,,1,,,6,6,1,22,,B03,120.622922,24.184473,3
2022,3,5,15,20,臺中市,西屯區,0,1,0,8,1,5,40,14,8,1,5,4,5,7,2,1,1,5,4,2,13,42,3,10,1,1,C03,7,14,1,10,2,13,,44,42,1,22,8,C03,120.660913,24.172431,2
2022,3,5,15,20,臺中市,西屯區,0,1,0,8,1,5,40,4,1,1,5,4,5,7,1,1,9,4,1,2,12,6,3,10,1,1,B01,7,6,1,8,2,2,,6,6,1,12,8,B01,120.638278,24.159295,2
2022,3,5,15,23,臺中市,南屯區,0,0,0,,,,50,,,,,,,,,,,,,,,7,,,,,B03,,,1,,2,,,7,7,1,22,,B03,120.624379,24.149419,3
2022,3,5,15,26,臺中市,沙鹿區,0,1,0,8,1,5,30,4,1,1,5,4,5,7,3,1,10,5,5,2,15,6,3,10,1,1,B03,7,9,1,8,2,5,,6,6,1,10,8,B03,120.547855,24.217146,2
2022,3,5,15,37,臺中市,沙鹿區,0,1,0,8,1,5,30,9,6,1,5,4,5,6,4,4,10,5,5,2,16,6,2,9,1,1,F03,7,15,8,20,2,16,,6,6,1,22,9,F03,120.573526,24.262269,2
2022,3,5,15,40,臺中市,清水區,0,1,0,8,1,5,70,3,1,1,5,4,5,7,1,1,1,3,4,1,16,6,3,10,1,1,B03,7,6,1,8,2,5,,6,6,1,21,8,B03,120.591346,24.296205,2
2022,3,5,15,40,臺中市,龍井區,0,0,0,8,,,30,,,,,,,,,,,,,,,16,,,,,B03,,,1,,2,,,16,16,1,22,,B03,120.586523,24.18134,3
2022,3,5,15,43,臺中市,北區,0,2,0,8,1,5,50,3,1,1,5,4,5,7,4,4,10,5,5,2,16,6,3,10,1,1,B03,7,6,1,8,2,2,,6,6,1,22,8,B03,120.68868,24.156759,2
2022,3,5,15,45,臺中市,西區,0,0,0,8,,,50,,,,,,,,,,,,,,,12,,,,,B03,,,1,,1,,,12,12,1,5,,B03,120.663842,24.153866,3
2022,3,5,15,47,臺中市,北區,0,0,0,8,,,50,,,,,,,,,,,,,,,23,,,,,B03,,,1,,1,,,23,23,1,22,,B03,120.689091,24.157041,3
2022,3,5,15,48,臺中市,沙鹿區,0,1,0,8,1,5,50,3,9,1,5,4,5,7,4,4,5,3,5,1,15,23,3,10,1,1,B03,7,9,1,8,2,5,,23,23,1,10,8,B03,120.572546,24.237618,2
2022,3,5,16,0,臺中市,南區,0,0,0,8,1,5,50,14,7,1,5,4,5,7,1,1,1,4,5,2,13,23,3,10,1,1,B03,7,9,1,8,2,1,,23,23,1,22,8,B03,120.673668,24.130794,3
2022,3,5,16,14,臺中市,梧棲區,0,1,0,8,1,5,50,14,9,1,5,4,5,7,4,4,9,4,5,1,13,42,3,10,1,1,B12,7,9,1,8,8,5,,42,42,1,11,8,B12,120.528339,24.240484,2
2022,3,5,16,24,臺中市,后里區,0,2,0,8,1,5,50,14,9,1,5,4,5,7,4,4,4,5,5,2,16,19,2,9,1,1,C03,7,1,1,10,2,14,,19,19,1,22,8,C03,120.712128,24.303216,2
2022,3,5,16,32,臺中市,北區,0,0,0,8,1,5,50,14,9,1,5,4,4,7,4,4,8,3,5,2,13,42,,,,,B12,,,1,,2,,,42,42,1,22,,B12,120.674926,24.163345,3
2022,3,5,16,40,臺中市,清水區,0,1,0,8,1,5,50,14,9,1,5,4,5,1,4,4,4,5,5,1,11,26,3,10,1,1,B12,7,9,1,8,2,8,,26,26,1,21,8,B12,120.549655,24.267792,2
2022,3,5,16,43,臺中市,西區,0,0,0,8,,,50,,,,,,,,,,,,,,,23,,,,,C03,,,1,,2,,,23,23,2,22,,C03,120.673634,24.150599,3
2022,3,5,16,45,臺中市,西屯區,0,0,0,8,,,50,,,,,,,,,,,,,,,7,,,,,B03,,,1,,1,,,7,7,1,22,,B03,120.652916,24.165547,3
2022,3,5,16,58,臺中市,太平區,0,0,0,8,,,50,,,,,,,,,,,,,,,42,,,,,B03,,,1,,1,,,42,42,1,4,,B03,120.711243,24.150802,3
2022,3,5,17,1,臺中市,北區,0,0,0,8,,,50,,,,,,,,,,,,,,,16,,,,,C03,,,1,,2,,,16,16,1,22,,C03,120.676611,24.150897,3
2022,3,5,17,2,臺中市,龍井區,0,1,0,8,1,5,40,4,1,1,5,4,5,7,2,1,10,5,5,2,18,42,2,8,1,4,C03,7,12,1,10,2,12,,42,42,1,22,8,C03,120.585688,24.186098,2
2022,3,5,17,9,臺中市,后里區,0,2,0,8,2,5,50,3,1,1,5,4,5,7,1,1,10,4,5,1,20,8,2,9,1,1,C03,7,5,2,18,2,12,,8,8,1,22,8,C03,120.689144,24.307239,2
2022,3,5,17,12,臺中市,西屯區,0,0,0,8,,,50,,,,,,,,,,,,,,,1,,,,,B03,,,1,,1,,,1,1,1,22,,B03,120.622496,24.184752,3
2022,3,5,17,13,臺中市,烏日區,0,1,0,8,1,5,50,14,9,1,5,4,5,7,4,4,5,5,5,1,29,10,2,9,1,1,C03,7,11,1,10,2,14,,10,10,1,22,8,C03,120.621718,24.102014,2
2022,3,5,17,16,臺中市,南屯區,0,0,0,,,,50,,,,,,,,,,,,,,,25,,,,,C03,,,1,,1,,,25,25,1,22,,C03,120.631858,24.125744,3
2022,3,5,17,21,臺中市,西屯區,0,3,0,8,1,5,40,14,8,1,5,4,5,7,4,4,9,4,1,2,13,16,2,9,1,1,C03,7,9,1,10,2,11,,16,16,1,12,8,C03,120.616544,24.182468,2
2022,3,5,17,30,臺中市,西區,0,0,0,8,,,50,,,,,,,,,,,,,,,23,,,,,B03,,,1,,1,,,23,23,1,5,,B03,120.660511,24.140307,3
2022,3,5,17,45,臺中市,西屯區,0,0,0,8,,,80,,,,,,,,,,,,,,,16,,,,,B03,,,1,,2,,,16,16,1,22,,B03,120.62916,24.163526,3
2022,3,5,17,48,臺中市,大里區,0,0,0,8,,,40,,,,,,,,,,,,,,,23,,,,,B03,,,1,,2,,,23,23,1,22,,B03,120.698228,24.110658,3
2022,3,5,17,50,臺中市,西區,0,1,0,8,1,5,50,4,1,1,5,4,5,7,4,4,10,5,5,2,15,6,2,9,1,1,C03,7,9,1,10,2,12,,6,6,1,5,5,C03,120.669356,24.136062,2
2022,3,5,17,53,臺中市,龍井區,0,1,0,8,2,5,30,4,1,1,5,4,5,7,4,4,10,5,5,2,15,19,3,10,1,4,B12,7,1,1,8,2,8,,19,19,1,4,8,B12,120.58567,24.185633,2
2022,3,5,17,53,臺中市,西區,0,2,0,8,2,5,50,4,1,1,5,4,5,7,1,1,10,5,5,2,16,6,2,7,1,1,C03,7,5,1,10,2,12,,6,6,1,22,8,C03,120.667338,24.140589,2
2022,3,5,17,54,臺中市,太平區,0,2,0,8,1,5,30,4,1,1,5,4,5,7,3,1,10,5,5,2,15,6,2,9,1,1,C03,7,9,1,10,2,12,,6,6,1,21,8,C03,120.724009,24.142079,2
2022,3,5,18,4,臺中市,南屯區,0,0,0,8,,,50,,,,,,,,,,,,,,,12,,,,,B12,,,1,,2,,,12,12,1,9,,B12,120.64987,24.14439,3
2022,3,5,18,4,臺中市,烏日區,0,0,0,8,,,50,,,,,,,,,,,,,,,26,,,,,B03,,,1,,2,,,26,26,1,22,,B03,120.58906,24.113509,3
2022,3,5,18,14,臺中市,西屯區,0,0,0,8,,,50,,,,,,,,,,,,,,,42,,,,,B03,,,1,,2,,,42,42,1,22,,B03,120.636003,24.182253,3