年,月,日,時,分,縣市,區,死,受傷,2-30,天候,光線,道路類別,速限,道路型態,事故位置,路面鋪裝,路面狀態,路面缺陷,障礙物,視距,號誌種類,號誌動作,分向設施,快車道或一般車道間,快慢車道間,路面邊線,事故類型及型態,主要肇因,受傷程度,主要傷處,保護裝備,行動電話,當事者區分,車輛用途,當事者行動狀態,駕駛資格情形,駕駛執照種類,飲酒情形,車輛撞擊部位最初,車輛撞擊部位其他,肇事因素個別,肇事因素主要,肇事逃逸,職業,旅次目的,車種,GPS緯度,GPS經度,事故類別
2022,3,5,18,18,臺中市,西屯區,0,2,0,8,3,5,50,14,9,1,5,4,5,7,4,4,5,4,5,2,17,26,2,9,3,4,C03,7,5,1,10,2,12,,26,26,1,22,8,C03,120.613796,24.19027,2
2022,3,5,18,19,臺中市,北區,0,0,0,8,,,50,,,,,,,,,,,,,,,16,,,,,B03,,,1,,2,,,16,16,1,22,,B03,120.67561,24.149738,3
2022,3,5,18,40,臺中市,南區,0,2,0,8,3,5,40,14,8,1,5,4,5,7,4,4,5,2,4,2,20,23,2,9,1,1,C03,7,9,1,10,2,12,,23,23,1,22,8,C03,120.660691,24.125388,2
2022,3,5,18,47,臺中市,太平區,0,0,0,8,,,80,,,,,,,,,,,,,,,16,,,,,B03,,,1,,1,,,16,16,1,9,,B03,120.717963,24.159473,3
2022,3,5,18,48,臺中市,南屯區,0,1,0,8,3,5,50,14,7,1,5,4,5,7,4,4,9,4,4,2,16,10,3,10,1,1,B03,7,11,1,8,2,8,,10,10,1,5,1,B03,120.630466,24.123315,2
2022,3,5,18,51,臺中市,北區,0,0,0,8,1,5,50,3,2,1,5,4,5,7,4,4,10,5,5,2,14,12,,,,,B03,,,1,,1,,,12,12,1,22,,B03,120.676857,24.158524,3
2022,3,5,19,7,臺中市,西屯區,0,1,0,8,3,5,30,14,9,1,5,4,5,7,4,4,9,5,5,2,12,19,3,10,1,1,B03,7,1,1,8,2,5,,19,19,1,12,8,B03,120.654145,24.16408,2
2022,3,5,19,19,臺中市,西屯區,0,1,0,8,3,5,30,14,9,1,5,4,5,7,4,4,9,5,5,2,13,23,2,9,1,1,C03,7,9,1,10,2,11,,23,23,1,12,8,C03,120.630694,24.176777,2
2022,3,5,19,26,臺中市,西屯區,0,0,0,8,,,50,,,,,,,,,,,,,,,42,,,,,B02,,,1,,2,,,42,42,1,22,,B02,120.61922,24.180793,3
2022,3,5,19,28,臺中市,太平區,0,1,0,8,3,5,50,4,1,1,5,4,5,7,1,1,10,5,5,2,16,6,3,10,1,1,B03,7,5,1,8,2,8,,6,6,1,21,8,B03,120.719908,24.121242,2
2022,3,5,19,31,臺中市,烏日區,0,2,0,8,3,5,50,4,2,1,5,4,5,7,1,2,10,5,5,2,13,23,3,10,1,1,B03,7,9,1,8,2,1,,23,23,1,21,8,B03,120.625907,24.106109,2
2022,3,5,19,35,臺中市,太平區,0,0,0,8,,,50,,,,,,,,,,,,,,,16,,,,,C03,,,1,,2,,,16,16,1,5,,C03,120.733259,24.142567,3
2022,3,5,19,38,臺中市,北區,0,0,0,8,,,50,,,,,,,,,,,,,,,16,,,,,B03,,,1,,1,,,16,16,1,22,,B03,120.676491,24.163127,3
2022,3,5,19,39,臺中市,北區,0,1,0,8,3,5,40,11,9,1,5,4,5,7,4,4,1,5,5,2,3,51,2,9,4,5,H01,8,18,8,20,10,16,,51,51,1,22,8,H01,120.668427,24.16328,2
2022,3,5,19,40,臺中市,西區,0,2,0,8,3,5,50,14,7,1,5,4,5,7,4,4,5,5,4,2,3,51,2,5,1,1,H01,8,16,8,20,10,16,,51,51,1,13,5,H01,120.655208,24.153393,2
2022,3,5,19,45,臺中市,清水區,0,1,0,8,2,5,50,14,12,1,5,4,5,7,4,4,1,4,4,1,17,19,3,10,1,1,B03,7,1,1,8,2,8,,19,19,1,4,5,B03,120.568146,24.271531,2
2022,3,5,19,46,臺中市,南屯區,0,1,0,8,3,5,50,4,1,1,5,3,5,7,4,4,10,5,5,2,18,23,2,9,1,1,C03,7,9,1,10,2,11,,23,23,1,5,8,C03,120.643536,24.143066,2
2022,3,5,19,53,臺中市,南屯區,0,0,0,8,,,50,,,,,,,,,,,,,,,7,,,,,B03,,,1,,2,,,7,7,1,22,,B03,120.626215,24.114478,3
2022,3,5,19,53,臺中市,西區,0,0,0,8,,,50,,,,,,,,,,,,,,,7,,,,,B03,,,1,,2,,,7,7,1,22,,B03,120.661694,24.152384,3
2022,3,5,19,58,臺中市,東區,0,0,0,8,3,5,50,4,8,1,5,4,5,7,4,4,5,5,4,2,17,17,3,10,1,1,B03,7,8,1,8,2,6,,17,17,1,21,8,B03,120.70384,24.138573,3
2022,3,5,20,5,臺中市,北區,0,0,0,8,3,5,50,5,2,1,5,4,5,7,2,1,6,1,5,2,13,42,,,,,B03,,,1,,1,,,42,42,1,22,,B03,120.686362,24.154689,3
2022,3,5,20,7,臺中市,清水區,0,1,0,8,3,5,40,4,1,1,5,4,5,7,1,1,1,1,1,1,16,25,2,9,1,1,C03,7,9,1,10,2,11,,25,25,1,21,8,C03,120.564446,24.296968,2
2022,3,5,20,8,臺中市,西區,0,1,0,8,3,5,50,4,1,1,5,4,5,7,2,1,10,5,5,2,18,23,2,9,1,1,C03,7,9,1,10,2,15,,23,23,1,22,9,C03,120.653004,24.148822,2
2022,3,5,20,26,臺中市,梧棲區,0,2,0,8,1,5,40,3,2,1,5,4,5,7,2,1,10,5,5,2,13,16,2,9,3,4,C03,7,9,1,10,2,11,,16,16,1,21,8,C03,120.532506,24.251139,2
2022,3,5,20,27,臺中市,大里區,0,1,0,8,3,5,50,14,9,1,5,4,5,7,4,4,5,5,5,1,17,42,2,9,1,1,B03,7,9,1,8,2,2,,42,42,1,22,8,B03,120.669836,24.107196,2
2022,3,5,20,33,臺中市,西屯區,0,1,0,8,3,5,50,3,2,1,5,4,5,7,4,4,9,4,5,2,12,19,3,10,1,1,B03,7,1,1,8,2,8,4,19,19,1,22,8,B03,120.64833,24.168891,2
2022,3,5,20,48,臺中市,豐原區,0,3,0,8,3,5,50,4,1,1,5,4,5,7,1,1,3,5,5,2,17,6,2,9,1,1,C03,7,5,1,10,2,11,,6,6,1,22,8,C03,120.729473,24.252382,2
2022,3,5,20,55,臺中市,沙鹿區,0,1,0,8,3,5,60,5,1,1,5,4,5,7,1,1,4,3,5,1,16,43,3,10,1,1,B03,7,6,1,8,2,6,,43,43,1,22,8,B03,120.569509,24.237324,2
2022,3,5,21,1,臺中市,西屯區,0,0,0,8,3,5,50,4,2,1,5,4,5,7,1,1,1,4,5,2,13,23,3,10,1,1,C03,7,9,1,8,5,11,,23,23,1,22,8,C03,120.642725,24.198431,3
2022,3,5,21,3,臺中市,梧棲區,0,0,0,8,,,50,,,,,,,,,,,,,,,23,,,,,B03,,,1,,2,,,23,23,1,5,,B03,120.541333,24.226251,3
2022,3,5,21,20,臺中市,西屯區,0,0,0,8,,,50,,,,,,,,,,,,,,,16,,,,,C03,,,1,,1,,,16,16,1,22,,C03,120.653108,24.167754,3
2022,3,5,21,24,臺中市,沙鹿區,0,0,0,8,,,70,,,,,,,,,,,,,,,12,,,,,B03,,,1,,2,,,12,12,1,21,,B03,120.609853,24.245716,3
2022,3,5,21,27,臺中市,烏日區,0,1,0,8,3,5,30,3,1,1,5,4,5,7,4,4,10,5,5,2,16,9,2,9,1,1,C03,7,6,1,10,2,11,,9,9,1,21,8,C03,120.639371,24.085264,2
2022,3,5,21,28,臺中市,潭子區,0,3,0,8,3,5,60,14,8,1,5,4,3,7,4,4,1,4,4,1,2,17,2,9,1,1,C03,7,9,1,10,2,11,,17,17,1,22,9,C03,120.702308,24.193532,2
2022,3,5,21,31,臺中市,南屯區,0,0,0,8,,,40,,,,,,,,,,,,,,,12,,,,,B03,,,1,,2,,,12,12,1,22,,B03,120.648646,24.153885,3
2022,3,5,21,40,臺中市,西屯區,0,0,0,8,,,50,,,,,,,,,,,,,,,23,,,,,C03,,,1,,2,,,23,23,1,12,,C03,120.654974,24.168713,3
2022,3,5,21,51,臺中市,太平區,0,1,0,8,3,5,30,14,9,1,5,4,5,7,4,4,10,5,5,2,17,40,3,10,3,4,B03,7,15,1,8,1,4,,40,40,1,5,8,B03,120.712635,24.125714,2
2022,3,5,21,59,臺中市,南屯區,0,0,0,8,3,5,50,4,1,1,5,4,5,7,2,1,10,5,5,2,16,6,3,10,1,1,B03,7,6,1,8,1,2,,6,6,1,22,8,B03,120.642251,24.140935,3
2022,3,5,22,0,臺中市,西屯區,0,2,0,8,3,5,50,14,8,1,5,4,5,7,4,4,9,4,4,2,3,51,2,9,4,5,H01,8,16,8,20,10,16,,51,51,1,22,8,H01,120.627072,24.18432,2
2022,3,5,22,0,臺中市,西區,0,1,0,8,3,5,50,4,2,1,5,4,5,7,1,1,5,4,4,2,13,23,3,10,1,1,B03,7,9,1,8,2,1,,23,23,1,22,8,B03,120.670255,24.146337,2
2022,3,5,22,6,臺中市,西屯區,0,1,0,8,3,5,50,5,1,1,5,4,5,7,1,1,9,4,5,2,12,10,3,10,1,1,B03,7,11,1,8,2,4,,10,10,1,12,8,B03,120.661414,24.165008,2
2022,3,5,22,10,臺中市,西屯區,0,1,0,8,1,5,50,4,1,1,5,4,5,7,1,1,9,4,5,2,12,6,3,10,1,1,B03,7,6,1,8,2,2,,6,6,1,12,8,B03,120.64171,24.178163,2
2022,3,5,22,10,臺中市,南屯區,0,1,0,8,3,5,50,14,9,1,5,4,5,7,4,4,3,4,4,2,17,43,2,9,1,1,C03,7,7,1,10,2,12,,43,43,1,22,8,C03,120.61555,24.147616,2
2022,3,5,22,23,臺中市,西屯區,0,1,0,8,3,5,50,3,2,1,5,4,5,7,1,1,9,4,4,2,16,26,2,9,1,1,C03,7,9,1,10,2,11,,26,26,1,12,8,C03,120.618285,24.187916,2
2022,3,5,22,29,臺中市,中區,0,1,0,8,3,5,50,4,1,1,5,4,5,7,2,1,10,5,5,2,16,25,3,10,1,1,B03,7,5,3,18,2,2,,25,25,1,12,8,B03,120.681512,24.136542,2
2022,3,5,22,38,臺中市,西屯區,0,3,0,8,3,5,50,4,1,1,5,4,5,7,1,1,9,4,4,2,11,6,2,9,1,1,C03,7,5,1,10,2,11,,6,6,1,12,8,C03,120.648127,24.169515,2
2022,3,5,22,55,臺中市,清水區,0,0,0,,,,50,,,,,,,,,,,,,,,25,,,,,B03,,,1,,2,,,25,25,1,5,,B03,120.577132,24.275718,3
2022,3,5,23,3,臺中市,外埔區,0,1,0,8,3,5,60,11,9,1,5,4,4,2,4,4,9,5,4,1,29,23,2,9,1,1,C03,7,9,1,10,2,11,,23,23,1,21,1,C03,120.645799,24.337471,2
2022,3,5,23,17,臺中市,南屯區,0,0,0,8,3,5,50,14,9,1,5,4,5,7,4,4,1,4,5,2,14,12,3,10,1,1,B03,7,2,1,8,2,3,,12,12,1,22,8,B03,120.636491,24.143166,3
2022,3,5,23,20,臺中市,南屯區,0,2,0,8,1,5,50,4,1,1,5,4,5,7,1,1,5,4,5,2,17,8,2,9,1,1,C03,7,5,3,18,2,14,,8,8,1,22,8,C03,120.652651,24.135721,2
2022,3,6,0,10,臺中市,梧棲區,0,0,0,8,,,50,,,,,,,,,,,,,,,12,,,,,B03,,,1,,2,,,12,12,1,9,,B03,120.529213,24.252215,3
2022,3,6,0,31,臺中市,烏日區,0,1,0,8,3,5,40,5,2,1,5,4,5,7,1,1,1,5,5,2,13,23,3,10,1,1,C03,7,9,1,10,2,11,,23,23,1,18,8,C03,120.648791,24.093465,2
2022,3,6,0,35,臺中市,大甲區,0,0,0,8,,,30,,,,,,,,,,,,,,,42,,,,,B03,,,1,,2,,,42,42,1,21,,B03,120.620571,24.342475,3
2022,3,6,1,47,臺中市,西屯區,0,1,0,8,3,5,60,4,1,1,5,4,5,7,2,1,10,5,5,2,16,9,3,10,1,1,B03,7,6,1,8,2,5,,9,9,1,22,8,B03,120.641015,24.167832,2
2022,3,6,1,49,臺中市,梧棲區,0,3,0,8,3,5,50,4,1,1,5,4,5,7,3,1,10,5,5,2,15,6,2,1,1,1,B03,7,9,1,8,2,2,,6,6,1,21,8,B03,120.54283,24.260428,2
2022,3,6,3,55,臺中市,西區,0,1,0,8,1,5,50,14,9,1,5,4,5,7,4,4,10,5,5,2,11,23,2,9,1,1,C03,7,9,4,8,2,11,,23,23,2,20,8,C03,120.66621,24.149176,2
2022,3,6,4,21,臺中市,南區,0,1,0,8,3,5,50,5,1,1,5,4,5,7,2,1,10,5,5,2,16,25,2,9,1,1,C03,7,5,1,10,11,12,,25,25,1,20,8,C03,120.65265,24.113129,2
2022,3,6,6,55,臺中市,東區,0,1,0,8,1,5,50,14,7,1,5,4,5,7,2,1,3,4,4,2,18,23,2,9,1,1,C03,7,9,1,10,2,12,,23,23,1,21,8,C03,120.690163,24.131725,2
2022,3,6,6,58,臺中市,東區,0,0,0,8,,,50,,,,,,,,,,,,,,,23,,,,,B03,,,1,,2,,,23,23,1,21,,B03,120.692456,24.142745,3
2022,3,6,7,26,臺中市,烏日區,0,1,0,8,1,5,40,3,1,1,5,4,5,7,2,1,1,4,4,1,16,26,2,9,1,1,C03,7,5,1,10,2,12,,26,26,1,21,8,C03,120.616219,24.110055,2
2022,3,6,7,27,臺中市,西屯區,0,1,0,8,1,5,50,3,1,1,5,4,5,7,1,1,10,5,5,2,16,6,3,10,1,1,B03,7,5,1,8,2,1,,6,6,1,22,8,B03,120.641167,24.178622,2
2022,3,6,7,44,臺中市,梧棲區,0,0,0,8,,,50,,,,,,,,,,,,,,,12,,,,,B03,,,1,,2,,,12,12,1,21,,B03,120.53729,24.243955,3
2022,3,6,7,45,臺中市,大甲區,0,2,0,8,1,5,50,4,1,1,5,4,5,7,4,4,10,5,5,2,15,6,2,7,1,1,C03,7,9,1,10,2,12,,6,6,1,4,1,C03,120.645695,24.403451,2
2022,3,6,7,52,臺中市,沙鹿區,0,1,0,8,1,5,40,3,1,1,5,4,5,7,4,4,1,4,5,2,13,23,3,10,1,1,F02,7,9,8,20,2,16,,23,23,1,9,8,F02,120.561846,24.243965,2
2022,3,6,7,53,臺中市,南屯區,0,1,0,8,1,5,30,4,1,4,5,4,5,7,4,4,10,5,5,2,15,6,3,10,1,1,C03,7,9,4,8,2,12,,6,6,1,22,9,C03,120.639724,24.138853,2
2022,3,6,8,9,臺中市,大肚區,0,0,0,8,,,50,,,,,,,,,,,,,,,17,,,,,B03,,,1,,2,,,17,17,1,22,,B03,120.565798,24.122863,3
2022,3,6,8,10,臺中市,大雅區,0,1,0,8,1,5,50,14,9,1,5,4,5,7,4,4,7,4,5,1,14,12,3,10,1,1,B03,7,2,1,8,2,7,,12,12,1,22,9,B03,120.626789,24.238393,2
2022,3,6,8,20,臺中市,大里區,0,1,0,8,1,5,40,8,11,1,5,4,5,7,4,4,1,2,5,1,12,7,2,9,1,1,C03,7,7,1,10,2,13,,7,7,1,9,8,C03,120.688907,24.093601,2
2022,3,6,8,37,臺中市,梧棲區,0,2,0,8,1,5,50,4,1,1,5,4,5,7,2,1,10,5,5,2,16,25,3,10,1,1,B03,7,5,1,8,2,8,,25,25,1,20,8,B03,120.54088,24.261121,2
2022,3,6,8,40,臺中市,烏日區,0,1,0,8,1,5,50,4,1,1,5,4,5,7,4,4,10,5,5,2,26,23,2,9,1,1,C03,7,9,1,10,3,11,,23,23,1,21,8,C03,120.627991,24.102787,2
2022,3,6,8,47,臺中市,大甲區,0,1,0,8,1,5,50,14,9,1,5,4,5,7,4,4,5,5,5,1,9,43,4,11,3,4,C03,7,9,7,19,11,15,,43,43,1,22,9,C03,120.626228,24.348311,2
2022,3,6,8,52,臺中市,西屯區,0,2,0,8,1,5,50,14,9,1,5,4,5,7,4,4,1,4,5,2,13,16,2,9,1,4,C03,7,9,2,18,2,11,,16,16,1,4,8,C03,120.649525,24.196821,2
2022,3,6,8,53,臺中市,清水區,0,2,0,8,1,5,50,14,9,1,5,4,5,7,4,4,5,5,5,1,12,19,2,7,4,1,F01,7,1,8,20,2,16,,19,19,1,5,1,F01,120.555418,24.272348,2
2022,3,6,9,35,臺中市,烏日區,0,0,0,8,,,50,,,,,,,,,,,,,,,17,,,,,B03,,,1,,2,,,17,17,1,22,,B03,120.616879,24.116135,3
2022,3,6,9,49,臺中市,梧棲區,0,1,0,8,1,5,50,11,9,1,5,4,5,7,4,4,5,4,4,2,16,42,3,10,1,1,C03,7,9,1,10,2,13,,42,42,1,12,8,C03,120.527306,24.255021,2
2022,3,6,9,58,臺中市,豐原區,0,2,0,8,1,5,50,5,1,1,5,4,5,7,2,1,4,2,4,2,17,6,2,8,1,1,C03,7,5,1,10,2,12,,6,6,1,4,5,C03,120.715452,24.248358,2
2022,3,6,9,58,臺中市,大甲區,0,2,0,8,1,5,50,3,1,1,5,4,5,2,4,4,10,5,5,2,16,17,3,10,1,1,B03,7,5,1,8,2,8,4,17,17,1,4,8,B03,120.628721,24.34336,2
2022,3,6,10,0,臺中市,外埔區,0,0,0,8,,,50,,,,,,,,,,,,,,,16,,,,,B03,,,1,,2,,,16,16,1,4,,B03,120.638533,24.342033,3
2022,3,6,10,4,臺中市,烏日區,0,1,0,8,1,5,50,3,1,1,5,4,5,7,4,4,10,5,5,2,16,6,3,10,1,1,B03,7,5,1,8,2,2,,6,6,1,21,9,B03,120.63581,24.104274,2
2022,3,6,10,5,臺中市,后里區,0,0,0,8,1,3,40,3,1,1,5,4,4,7,1,1,4,3,4,1,14,12,3,10,1,1,B12,7,2,1,8,1,7,,12,12,1,11,9,B12,120.719615,24.309312,3
2022,3,6,10,9,臺中市,外埔區,0,0,0,,,,50,,,,,,,,,,,,,,,19,,,,,B03,,,1,,2,,,19,19,1,21,,B03,120.621103,24.33386,3
2022,3,6,10,20,臺中市,西區,0,0,0,8,1,5,50,4,1,1,5,4,5,7,1,1,5,5,5,2,29,43,,,,,B02,,,1,,9,,,43,43,1,21,,B02,120.658824,24.136574,3
2022,3,6,10,20,臺中市,石岡區,0,1,0,8,1,5,70,4,2,1,5,4,5,7,1,1,1,3,4,1,16,6,3,10,1,1,B03,7,6,1,8,2,4,,6,6,1,22,9,B03,120.807031,24.265988,2
2022,3,6,10,23,臺中市,北屯區,0,1,0,8,1,5,50,4,1,1,5,4,5,7,2,1,10,5,5,2,17,6,3,10,3,4,B03,7,5,1,8,2,1,,6,6,1,21,8,B03,120.704302,24.164747,2
2022,3,6,10,30,臺中市,西區,0,2,0,8,1,5,50,4,1,1,5,4,5,7,2,1,10,5,5,2,16,6,2,9,1,1,C03,7,6,1,10,2,12,,6,6,1,20,8,C03,120.670487,24.146146,2
2022,3,6,10,40,臺中市,北屯區,0,3,0,8,1,5,50,14,9,1,5,4,5,7,4,4,5,5,5,2,11,4,2,9,3,4,C03,7,9,6,18,6,11,,21,4,1,22,8,C03,120.668591,24.17577,2
2022,3,6,10,40,臺中市,外埔區,0,0,0,8,1,5,40,13,9,1,5,4,5,7,4,4,10,5,5,2,13,23,,,,,B12,,,1,,2,,,23,23,1,22,,B12,120.660403,24.354377,3
2022,3,6,10,42,臺中市,南區,0,0,0,8,,,50,,,,,,,,,,,,,,,16,,,,,B03,,,1,,2,,,16,16,1,21,,B03,120.68295,24.134424,3
2022,3,6,10,48,臺中市,西屯區,0,0,0,8,,,80,,,,,,,,,,,,,,,34,,,,,A32,,,1,,2,,,34,34,1,22,,A32,120.635636,24.181883,3
2022,3,6,10,50,臺中市,大雅區,0,0,0,8,,,30,,,,,,,,,,,,,,,6,,,,,B03,,,1,,2,,,6,6,1,22,,B03,120.653063,24.211088,3
2022,3,6,10,51,臺中市,南屯區,0,1,0,8,1,5,50,3,1,1,5,4,5,7,4,4,9,4,4,2,17,26,3,10,1,4,B03,7,5,1,8,2,8,,26,26,1,22,8,B03,120.633681,24.152381,2
2022,3,6,11,13,臺中市,北區,0,2,0,8,1,5,50,4,1,1,5,4,5,7,1,1,1,2,4,2,15,25,2,9,1,1,C03,7,9,1,10,2,11,,25,25,1,21,8,C03,120.678313,24.163112,2
2022,3,6,11,14,臺中市,太平區,0,0,0,8,,,50,,,,,,,,,,,,,,,23,,,,,B03,,,1,,1,,,23,23,1,22,,B03,120.719116,24.15503,3
2022,3,6,11,26,臺中市,豐原區,0,1,0,8,1,5,50,4,1,1,5,4,5,7,1,1,10,5,5,2,15,25,3,10,1,1,B12,7,9,1,8,2,2,,25,25,1,22,8,B12,120.716468,24.260406,2
2022,3,6,11,28,臺中市,東區,0,1,0,8,1,5,40,4,1,1,5,4,5,7,4,4,10,5,5,2,16,6,2,9,1,4,C03,7,9,1,10,2,11,,6,6,1,21,8,C03,120.688803,24.136108,2
2022,3,6,11,52,臺中市,豐原區,0,0,0,8,,,50,,,,,,,,,,,,,,,16,,,,,C03,,,1,,1,,,16,16,1,4,,C03,120.711136,24.238394,3
2022,3,6,11,54,臺中市,北屯區,0,2,0,8,1,5,30,3,1,1,5,4,5,7,2,1,10,5,5,2,13,25,2,9,3,4,C03,7,9,3,18,2,11,,25,25,1,21,8,C03,120.66054,24.1781,2
2022,3,6,12,0,臺中市,大雅區,0,2,0,8,1,5,50,3,8,1,5,4,5,7,4,4,1,4,4,1,16,6,3,10,1,1,B03,7,6,1,8,2,6,,6,6,1,22,9,B03,120.650889,24.209784,2
2022,3,6,12,2,臺中市,西屯區,0,0,0,8,,,50,,,,,,,,,,,,,,,30,,,,,B12,,,3,,11,,,30,30,1,4,,B12,120.627294,24.200981,3
2022,3,6,12,11,臺中市,東區,0,1,0,8,1,5,40,4,1,1,5,4,5,7,1,1,10,5,5,2,16,7,2,9,1,1,C03,7,7,1,10,2,14,,7,7,1,21,8,C03,120.706344,24.136717,2
2022,3,6,12,15,臺中市,沙鹿區,0,1,0,8,1,5,50,3,7,1,5,4,5,7,4,4,5,5,4,2,13,16,2,8,1,1,C03,7,9,1,10,2,11,,16,16,1,20,5,C03,120.569529,24.213406,2
2022,3,6,12,21,臺中市,南區,0,0,0,8,,,50,,,,,,,,,,,,,,,3,,,,,C03,,,1,,2,,,3,3,1,21,,C03,120.663103,24.118098,3
2022,3,6,12,23,臺中市,北區,0,1,0,8,1,5,50,4,2,1,5,4,5,7,2,1,1,2,4,2,17,42,3,10,1,1,C03,7,9,1,10,2,15,,42,42,1,22,8,C03,120.681159,24.152693,2
2022,3,6,12,25,臺中市,大肚區,0,0,0,8,,,50,,,,,,,,,,,,,,,10,,,,,B03,,,1,,2,,,10,10,1,22,,B03,120.54482,24.15289,3
2022,3,6,12,31,臺中市,龍井區,0,1,0,8,1,5,50,4,1,1,5,4,5,7,4,4,10,5,5,2,27,44,2,9,1,1,C03,7,9,1,10,2,14,,44,44,1,22,8,C03,120.582346,24.17748,2
2022,3,6,12,45,臺中市,北屯區,0,0,0,8,,,50,,,,,,,,,,,,,,,23,,,,,C03,,,,,,,,23,23,1,,,C03,120.6924,24.1735,3
2022,3,6,12,47,臺中市,南屯區,0,2,0,8,1,5,50,14,9,1,5,4,5,7,4,4,5,5,5,2,14,12,2,7,3,4,B03,7,2,1,8,2,6,,12,12,1,22,8,B03,120.629982,24.156191,2
2022,3,6,13,1,臺中市,北區,0,1,0,8,1,5,50,4,1,1,5,4,5,7,2,1,10,5,5,2,17,43,3,10,1,1,B03,7,9,1,8,2,2,,43,43,1,22,8,B03,120.688949,24.152905,2
2022,3,6,13,18,臺中市,清水區,0,0,0,,,,50,,,,,,,,,,,,,,,25,,,,,B01,,,1,,2,,,25,25,1,10,,B01,120.56707,24.270206,3
2022,3,6,13,50,臺中市,北區,0,1,0,8,1,5,50,4,2,1,5,4,5,7,1,1,5,4,5,2,16,7,2,8,1,1,C03,7,10,1,10,2,14,,7,7,1,21,8,C03,120.683886,24.167051,2
2022,3,6,13,58,臺中市,后里區,0,0,0,8,1,5,60,4,1,1,5,4,5,7,4,4,1,4,4,1,13,23,,,,,B03,,,1,,1,,,23,23,1,21,,B03,120.723371,24.299345,3
2022,3,6,14,23,臺中市,神岡區,0,1,0,8,1,5,50,3,2,1,5,4,5,7,4,4,5,5,5,1,16,6,3,10,3,4,B03,7,6,1,8,2,2,,6,6,1,22,9,B03,120.680345,24.240637,2
2022,3,6,14,24,臺中市,西區,0,2,0,8,1,5,50,4,1,1,5,4,5,7,4,4,10,5,5,2,15,6,2,9,1,1,C03,7,9,1,10,2,14,,6,6,1,22,8,C03,120.670489,24.151249,2
2022,3,6,14,32,臺中市,烏日區,0,1,0,8,1,5,30,14,9,1,5,4,5,7,4,4,10,5,5,2,11,23,3,10,1,1,B03,7,9,1,8,2,8,,23,23,1,2,8,B03,120.642736,24.111413,2
2022,3,6,14,40,臺中市,太平區,0,0,0,8,,,50,,,,,,,,,,,,,,,23,,,,,B03,,,1,,2,,,23,23,1,21,,B03,120.716993,24.148796,3
2022,3,6,14,58,臺中市,西區,0,2,0,8,1,5,50,4,1,1,5,4,5,7,2,1,10,5,5,2,16,26,2,8,1,1,C03,7,5,1,10,2,14,,26,26,1,22,9,C03,120.671236,24.145493,2
2022,3,6,14,59,臺中市,西屯區,0,0,0,8,,,40,,,,,,,,,,,,,,,26,,,,,B03,,,1,,1,,,26,26,1,22,,B03,120.62887,24.163082,3
2022,3,6,15,7,臺中市,西屯區,0,0,0,8,,,50,,,,,,,,,,,,,,,23,,,,,C03,,,1,,1,,,23,23,1,22,,C03,120.645184,24.170211,3
2022,3,6,15,7,臺中市,東區,0,0,0,,,,50,,,,,,,,,,,,,,,23,,,,,B03,,,1,,2,,,23,23,1,22,,B03,120.697441,24.148394,3
2022,3,6,15,10,臺中市,太平區,0,1,0,8,1,5,50,14,8,1,5,4,5,7,1,1,5,4,4,1,16,7,3,10,1,1,B03,7,8,1,8,2,2,,7,7,1,22,8,B03,120.721702,24.149399,2
2022,3,6,15,10,臺中市,大肚區,0,0,0,8,,,70,,,,,,,,,,,,,,,23,,,,,B12,,,1,,2,,,23,23,1,22,,B12,120.549673,24.148791,3
2022,3,6,15,11,臺中市,西區,0,0,0,8,,,50,,,,,,,,,,,,,,,26,,,,,C03,,,1,10,1,,,26,26,1,22,,C03,120.655128,24.151659,3
2022,3,6,15,13,臺中市,南屯區,0,1,0,8,1,5,50,14,9,1,5,4,5,7,4,4,5,4,5,2,16,23,3,10,1,1,B03,7,9,1,8,1,5,,23,23,1,22,8,B03,120.646452,24.135488,2
2022,3,6,15,19,臺中市,南屯區,0,0,0,8,,,40,,,,,,,,,,,,,,,10,,,,,B02,,,1,,2,,,10,10,1,22,,B02,120.634,24.158857,3
2022,3,6,15,21,臺中市,中區,0,2,0,8,1,5,50,4,1,1,5,4,5,7,2,1,5,5,5,2,16,42,2,9,1,1,C03,7,5,1,10,2,11,,42,42,1,22,9,C03,120.685789,24.140133,2
2022,3,6,15,29,臺中市,龍井區,0,0,0,8,,,50,,,,,,,,,,,,,,,16,,,,,C03,,,1,,1,,,16,16,1,22,,C03,120.584613,24.1834,3
2022,3,6,15,37,臺中市,后里區,0,0,0,8,1,5,50,14,13,5,5,4,3,7,4,4,5,4,4,1,16,17,,,,,C03,,,1,,11,,,17,17,1,22,,C03,120.71826,24.309445,3
2022,3,6,15,47,臺中市,外埔區,0,2,0,8,1,5,40,14,9,1,5,4,5,7,4,4,9,5,5,1,3,23,2,8,1,1,C03,7,9,1,10,2,14,,23,23,1,9,6,C03,120.696644,24.333921,2
2022,3,6,16,1,臺中市,豐原區,0,0,0,8,,,50,,,,,,,,,,,,,,,12,,,,,B12,,,1,,2,,,12,12,1,22,,B12,120.721473,24.243271,3