年,月,日,時,分,縣市,區,死,受傷,2-30,天候,光線,道路類別,速限,道路型態,事故位置,路面鋪裝,路面狀態,路面缺陷,障礙物,視距,號誌種類,號誌動作,分向設施,快車道或一般車道間,快慢車道間,路面邊線,事故類型及型態,主要肇因,受傷程度,主要傷處,保護裝備,行動電話,當事者區分,車輛用途,當事者行動狀態,駕駛資格情形,駕駛執照種類,飲酒情形,車輛撞擊部位最初,車輛撞擊部位其他,肇事因素個別,肇事因素主要,肇事逃逸,職業,旅次目的,車種,GPS緯度,GPS經度,事故類別
2022,3,6,16,3,臺中市,西區,0,1,0,8,1,5,50,4,1,1,5,4,5,7,2,1,10,5,5,2,16,6,3,10,1,1,B03,7,5,1,8,2,1,,6,6,1,20,8,B03,120.661694,24.132131,2
2022,3,6,16,8,臺中市,西屯區,0,0,0,8,,,40,,,,,,,,,,,,,,,17,,,,,B03,,,1,,1,,,17,17,1,22,,B03,120.61342,24.190978,3
2022,3,6,16,19,臺中市,北區,0,1,0,8,1,5,50,14,8,1,5,4,5,7,1,1,1,4,4,2,18,43,2,9,1,1,C03,7,9,1,10,2,15,,43,43,1,22,8,C03,120.67192,24.171681,2
2022,3,6,16,30,臺中市,大甲區,0,0,0,8,,,50,,,,,,,,,,,,,,,23,,,,,B03,,,1,,1,,,23,23,1,22,,B03,120.623929,24.345433,3
2022,3,6,16,30,臺中市,梧棲區,0,0,0,8,,,50,,,,,,,,,,,,,,,23,,,,,F01,,,8,,2,,,23,23,1,15,,F01,120.527962,24.254609,3
2022,3,6,16,40,臺中市,南屯區,0,0,0,8,,,50,,,,,,,,,,,,,,,67,,,,,,,,,,,,,67,67,1,,,,120.648313,24.150391,3
2022,3,6,16,47,臺中市,北區,0,0,0,8,,,50,,,,,,,,,,,,,,,23,,,,,B03,,,1,,2,,,23,23,1,22,,B03,120.688894,24.152943,3
2022,3,6,16,50,臺中市,大肚區,0,1,0,8,1,5,50,3,1,1,5,4,5,7,1,1,10,5,5,2,21,23,2,9,1,1,B12,7,9,1,8,2,1,,23,23,1,22,8,B12,120.5305,24.156638,2
2022,3,6,17,0,臺中市,后里區,0,0,0,8,2,5,50,4,1,1,5,4,5,7,2,1,1,5,5,1,12,17,,,,,B12,,,1,,2,,,17,17,1,10,,B12,120.709839,24.305232,3
2022,3,6,17,17,臺中市,中區,0,2,0,8,2,5,50,4,1,1,5,4,5,7,4,4,10,5,5,2,15,6,2,9,1,1,C03,7,9,1,10,2,14,,6,6,1,22,8,C03,120.67673,24.146203,2
2022,3,6,17,20,臺中市,沙鹿區,0,0,0,8,,,60,,,,,,,,,,,,,,,7,,,,,B03,,,1,,2,,,7,7,1,4,,B03,120.562348,24.240327,3
2022,3,6,17,28,臺中市,烏日區,0,0,0,8,,,50,,,,,,,,,,,,,,,44,,,,,B03,,,1,,2,,,44,44,1,21,,B03,120.6186,24.102833,3
2022,3,6,17,40,臺中市,中區,0,0,0,8,,,50,,,,,,,,,,,,,,,19,,,,,B03,,,1,,2,,,19,19,1,5,,B03,120.680821,24.139129,3
2022,3,6,17,44,臺中市,東區,0,1,0,8,3,5,50,4,1,1,5,4,5,7,4,4,5,5,5,2,12,23,3,10,1,1,B03,7,9,1,8,2,4,,23,23,1,22,8,B03,120.709965,24.147648,2
2022,3,6,17,49,臺中市,大里區,0,1,0,8,3,5,50,14,7,1,5,4,5,7,4,4,5,5,4,1,16,6,2,9,1,1,C03,7,1,1,10,2,14,,6,6,1,22,8,C03,120.684331,24.108255,2
2022,3,6,17,51,臺中市,南屯區,0,0,0,8,,,50,,,,,,,,,,,,,,,8,,,,,B03,,,1,,1,,,8,8,1,22,,B03,120.626236,24.136233,3
2022,3,6,17,54,臺中市,豐原區,0,0,0,8,,,40,,,,,,,,,,,,,,,42,,,,,C03,,,1,,2,,,42,42,1,22,,C03,120.740426,24.255686,3
2022,3,6,17,57,臺中市,清水區,0,0,0,8,,,30,,,,,,,,,,,,,,,23,,,,,A12,,,1,,2,,,23,23,1,22,,A12,120.579381,24.273304,3
2022,3,6,18,0,臺中市,西屯區,0,0,0,8,,,50,,,,,,,,,,,,,,,16,,,,,B03,,,1,,2,,,16,16,1,22,,B03,120.615997,24.17437,3
2022,3,6,18,6,臺中市,沙鹿區,0,1,0,8,3,5,50,4,1,1,5,4,5,7,1,1,10,5,5,2,3,15,3,10,1,1,B03,7,5,1,8,2,8,,15,15,1,21,8,B03,120.580569,24.209605,2
2022,3,6,18,8,臺中市,北區,0,0,0,8,,,50,,,,,,,,,,,,,,,67,,,,,,,,,,,,,67,67,1,,,,120.68616,24.146227,3
2022,3,6,18,9,臺中市,南屯區,0,0,0,8,,,50,,,,,,,,,,,,,,,42,,,,,B03,,,1,,2,,,42,42,1,10,,B03,120.63849,24.14222,3
2022,3,6,18,10,臺中市,太平區,0,0,0,8,,,40,,,,,,,,,,,,,,,17,,,,,B03,,,1,,2,,,17,17,1,4,,B03,120.71454,24.123044,3
2022,3,6,18,12,臺中市,西區,0,0,0,8,,,50,,,,,,,,,,,,,,,23,,,,,B03,,,1,,2,,,23,23,1,2,,B03,120.659429,24.154116,3
2022,3,6,18,17,臺中市,西區,0,0,0,8,,,50,,,,,,,,,,,,,,,7,,,,,B03,,,1,,1,,,7,7,1,22,,B03,120.661677,24.151866,3
2022,3,6,18,31,臺中市,北區,0,1,0,8,3,5,50,5,1,1,5,4,5,7,1,1,10,5,5,2,16,26,3,10,1,1,B03,7,9,1,8,2,2,,26,26,1,22,8,B03,120.686252,24.15482,2
2022,3,6,18,32,臺中市,豐原區,0,1,0,8,3,5,50,3,2,1,5,4,5,7,4,4,4,4,4,2,16,6,3,10,1,1,B03,7,6,1,8,2,2,,6,6,1,4,5,B03,120.708069,24.244833,2
2022,3,6,18,35,臺中市,太平區,0,0,0,8,,,50,,,,,,,,,,,,,,,26,,,,,C03,,,1,,2,,,26,26,1,5,,C03,120.724158,24.137665,3
2022,3,6,18,37,臺中市,東區,0,0,0,,,,50,,,,,,,,,,,,,,,16,,,,,B03,,,1,,2,,,16,16,1,22,,B03,120.705933,24.140086,3
2022,3,6,18,41,臺中市,烏日區,0,1,0,8,3,5,60,3,1,1,5,4,5,7,2,1,10,5,5,2,16,10,3,10,1,1,B03,7,11,1,8,2,5,,10,10,1,19,8,B03,120.63577,24.107096,2
2022,3,6,18,45,臺中市,清水區,0,0,0,,,,50,,,,,,,,,,,,,,,23,,,,,C03,,,1,,2,,,23,23,1,5,,C03,120.569537,24.278704,3
2022,3,6,18,50,臺中市,西屯區,0,1,0,8,1,5,40,14,8,1,5,4,5,7,1,1,1,4,3,2,13,23,3,10,1,1,B03,7,9,1,8,2,1,,23,23,1,22,8,B03,120.604654,24.183394,2
2022,3,6,18,56,臺中市,沙鹿區,0,0,0,,,,50,,,,,,,,,,,,,,,26,,,,,B12,,,1,,,,,26,26,1,4,,B12,120.575288,24.247375,3
2022,3,6,19,0,臺中市,西屯區,0,0,0,8,,,50,,,,,,,,,,,,,,,16,,,,,C03,,,1,,1,,,16,16,1,12,,C03,120.654883,24.195773,3
2022,3,6,19,32,臺中市,中區,0,1,0,8,3,5,50,4,1,1,5,4,5,7,2,1,10,5,5,2,12,17,2,9,1,1,C03,7,9,1,10,2,14,,17,17,1,18,7,C03,120.681796,24.144577,2
2022,3,6,19,39,臺中市,西區,0,1,0,8,3,5,50,4,1,1,5,4,5,7,2,1,10,5,5,2,3,15,3,10,1,1,B01,7,5,1,4,2,1,,15,15,1,10,9,B01,120.675508,24.141662,2
2022,3,6,19,43,臺中市,大里區,0,0,0,8,,,50,,,,,,,,,,,,,,,23,,,,,B03,,,1,,2,,,23,23,1,22,,B03,120.683468,24.10392,3
2022,3,6,19,48,臺中市,太平區,0,1,0,8,3,5,50,14,9,1,5,4,5,7,4,4,5,5,5,1,13,16,3,10,1,1,B03,7,9,1,8,2,5,,16,16,1,5,8,B03,120.724253,24.142084,2
2022,3,6,20,53,臺中市,北屯區,0,3,0,8,3,5,30,4,1,1,5,4,5,7,3,1,10,5,5,2,15,6,2,9,1,1,C03,7,9,1,10,2,14,,6,6,1,22,8,C03,120.71809,24.168116,2
2022,3,6,21,17,臺中市,南區,0,1,0,8,3,5,40,4,1,1,5,4,5,7,2,1,1,4,1,2,18,42,2,9,1,1,C03,7,9,1,10,2,14,,42,42,1,21,8,C03,120.681102,24.123719,2
2022,3,6,21,43,臺中市,西屯區,0,2,0,8,3,5,50,3,1,1,5,4,5,7,4,4,9,4,3,2,17,42,2,9,1,1,C03,7,9,1,10,2,12,,42,42,1,12,8,C03,120.636271,24.179113,2
2022,3,6,21,45,臺中市,南屯區,0,1,0,8,3,5,50,3,1,1,5,4,5,7,4,4,10,4,4,2,16,6,3,10,1,1,B03,7,6,1,8,2,4,,6,6,1,5,8,B03,120.646665,24.152344,2
2022,3,6,21,55,臺中市,南屯區,0,2,0,8,3,5,50,14,7,1,5,4,5,7,4,4,5,4,4,2,16,26,3,10,1,1,B03,7,11,1,8,2,2,,26,26,1,22,8,B03,120.61446,24.138995,2
2022,3,6,22,23,臺中市,西屯區,0,1,0,8,3,5,50,11,9,1,5,4,5,7,4,4,1,4,5,2,12,23,3,10,1,1,B01,7,9,1,4,1,5,,23,23,1,10,8,B01,120.659213,24.175867,2
2022,3,6,22,45,臺中市,大里區,0,1,0,8,3,5,50,4,1,1,5,4,1,6,4,4,10,5,5,2,16,6,2,9,1,1,C03,7,5,1,10,2,11,,6,6,1,6,4,C03,120.683906,24.105895,2
2022,3,6,22,51,臺中市,北區,0,0,0,,,,50,,,,,,,,,,,,,,,44,,,,,C03,,,1,,2,,,44,44,1,22,,C03,120.670484,24.152219,3
2022,3,6,22,57,臺中市,西屯區,0,2,0,8,3,5,40,14,8,1,5,4,5,7,4,4,1,4,5,2,13,16,2,8,3,4,C03,7,9,1,10,7,11,,16,16,1,22,8,C03,120.644153,24.16675,2
2022,3,6,23,50,臺中市,烏日區,0,0,0,8,,,30,,,,,,,,,,,,,,,42,,,,,B03,,,1,,2,,,42,42,1,5,,B03,120.647372,24.051475,3
2022,3,7,0,40,臺中市,西屯區,0,1,0,8,1,5,40,14,9,1,5,4,5,7,4,4,5,4,4,2,18,42,2,9,1,1,C03,7,9,1,10,2,14,,42,42,1,22,8,C03,120.628939,24.172419,2
2022,3,7,0,43,臺中市,東區,0,1,0,8,3,5,50,3,1,1,5,4,5,7,3,1,10,5,5,2,17,42,2,9,1,1,C03,7,5,1,10,2,11,,42,42,1,22,8,C03,120.68731,24.140228,2
2022,3,7,1,25,臺中市,龍井區,0,0,0,8,,,30,,,,,,,,,,,,,,,23,,,,,B12,,,1,,2,,,23,23,1,22,,B12,120.589045,24.191251,3
2022,3,7,4,33,臺中市,外埔區,0,0,0,6,3,5,50,14,22,1,4,4,5,7,4,4,9,5,4,1,12,43,,,,,,,,,,,,,43,43,1,,,,120.63794,24.342317,3
2022,3,7,5,48,臺中市,東勢區,0,1,0,6,1,5,40,3,1,1,4,4,5,7,4,4,5,5,5,2,5,23,3,10,3,4,B03,7,9,1,8,2,1,,23,23,1,22,8,B03,120.832797,24.246472,2
2022,3,7,6,19,臺中市,北區,0,0,0,6,,,50,,,,,,,,,,,,,,,23,,,,,B03,,,1,,11,,,23,23,2,22,,B03,120.695375,24.159799,3
2022,3,7,6,20,臺中市,北區,0,1,0,6,1,5,50,3,2,1,4,4,5,7,4,4,5,4,4,1,16,10,3,10,3,4,B03,7,11,1,8,2,4,,10,10,1,22,9,B03,120.666586,24.166804,2
2022,3,7,6,44,臺中市,南屯區,0,3,0,6,1,5,40,4,1,1,4,4,5,7,1,1,3,4,3,2,17,19,3,10,1,1,B12,7,1,1,8,2,15,,19,19,1,22,8,B12,120.61328,24.149247,2
2022,3,7,6,50,臺中市,大甲區,0,0,0,6,,,50,,,,,,,,,,,,,,,19,,,,,B03,,,1,,2,,,19,19,1,4,,B03,120.630708,24.353832,3
2022,3,7,6,50,臺中市,大肚區,0,0,0,,,,50,,,,,,,,,,,,,,,23,,,,,B03,,,1,,2,,,23,23,1,22,,B03,120.547583,24.155604,3
2022,3,7,6,54,臺中市,太平區,0,1,0,6,1,5,50,5,1,1,4,4,5,7,2,1,10,5,5,1,16,6,3,10,1,1,B12,7,5,1,8,2,7,,6,6,1,4,8,B12,120.71707,24.124071,2
2022,3,7,7,11,臺中市,大甲區,0,0,0,,,,50,,,,,,,,,,,,,,,44,,,,,A04,,,1,,2,,,44,44,1,10,,A04,120.62514,24.340245,3
2022,3,7,7,15,臺中市,神岡區,0,0,0,6,,,50,,,,,,,,,,,,,,,40,,,,,B03,,,1,,1,,,40,40,1,22,,B03,120.683095,24.243188,3
2022,3,7,7,15,臺中市,梧棲區,0,1,0,6,1,5,60,14,9,1,4,4,5,7,4,4,1,4,5,1,13,23,3,10,1,1,B12,7,9,1,8,2,1,,23,23,1,2,8,B12,120.537383,24.253068,2
2022,3,7,7,18,臺中市,豐原區,0,1,0,6,1,5,40,3,1,1,4,4,5,7,4,4,10,5,5,2,18,23,2,9,1,1,C03,7,9,1,10,2,14,,23,23,1,21,8,C03,120.701924,24.249419,2
2022,3,7,7,25,臺中市,沙鹿區,0,1,0,6,1,5,50,4,1,1,4,4,5,7,2,1,5,4,4,2,16,6,3,10,1,1,B03,7,5,1,8,2,2,,6,6,1,4,8,B03,120.575186,24.226769,2
2022,3,7,7,25,臺中市,烏日區,0,0,0,6,,,30,,,,,,,,,,,,,,,19,,,,,B03,,,1,,2,,,19,19,1,21,,B03,120.616606,24.114646,3
2022,3,7,7,26,臺中市,南屯區,0,0,0,6,,,40,,,,,,,,,,,,,,,23,,,,,B03,,,1,,2,,,23,23,1,22,,B03,120.623206,24.151403,3
2022,3,7,7,30,臺中市,烏日區,0,0,0,6,,,60,,,,,,,,,,,,,,,19,,,,,B03,,,1,,2,,,19,19,1,21,,B03,120.613371,24.106943,3
2022,3,7,7,30,臺中市,梧棲區,0,1,0,6,1,5,50,4,2,1,4,4,5,7,1,1,10,5,5,2,16,4,2,9,1,1,C03,7,5,1,10,2,12,,4,4,1,3,1,C03,120.526266,24.235604,2
2022,3,7,7,30,臺中市,西區,0,2,0,6,1,5,50,4,1,1,4,4,5,7,1,1,5,5,5,1,13,7,2,9,1,1,C03,7,7,1,10,2,11,,7,7,1,21,8,C03,120.663096,24.146699,2
2022,3,7,7,31,臺中市,沙鹿區,0,1,0,6,1,5,60,5,1,1,4,4,5,7,2,1,10,5,5,2,17,26,3,10,1,1,B03,7,6,1,8,2,5,,26,26,1,9,1,B03,120.569558,24.237479,2
2022,3,7,7,36,臺中市,太平區,0,1,0,6,1,5,50,3,1,1,4,4,5,7,4,4,10,5,5,2,17,6,3,10,1,1,B03,7,5,1,8,2,1,,6,6,1,21,8,B03,120.704192,24.155097,2
2022,3,7,7,37,臺中市,南屯區,0,0,0,6,1,5,40,14,8,1,4,4,5,7,4,4,1,4,4,2,12,7,,,,,B03,,,1,,1,,,7,7,1,22,,B03,120.622956,24.145333,3
2022,3,7,7,38,臺中市,沙鹿區,0,1,0,6,1,5,40,14,11,1,4,4,5,7,4,4,1,5,1,1,13,23,2,8,1,1,C03,7,9,1,10,2,11,,23,23,1,21,8,C03,120.551859,24.215839,2
2022,3,7,7,40,臺中市,北屯區,0,2,0,6,1,5,50,5,1,1,4,4,5,7,1,1,10,5,5,2,18,23,2,1,1,1,C03,7,9,1,10,2,12,,23,23,1,21,1,C03,120.729711,24.17685,2
2022,3,7,7,40,臺中市,梧棲區,0,0,0,6,,,50,,,,,,,,,,,,,,,6,,,,,B03,,,1,,2,,,6,6,1,20,,B03,120.54875,24.242,3
2022,3,7,7,40,臺中市,豐原區,0,0,0,,,,60,,,,,,,,,,,,,,,23,,,,,B03,,,1,,2,,,23,23,1,22,,B03,120.703309,24.243145,3
2022,3,7,7,44,臺中市,南區,0,1,0,6,1,5,50,3,1,1,4,4,5,7,4,4,5,4,5,2,17,6,3,10,3,4,B03,7,6,1,8,1,15,,6,6,1,21,8,B03,120.654351,24.121813,2
2022,3,7,7,44,臺中市,烏日區,0,0,0,6,,,50,,,,,,,,,,,,,,,16,,,,,B03,,,1,,2,,,16,16,1,22,,B03,120.616219,24.110055,3
2022,3,7,7,45,臺中市,南屯區,0,0,0,6,,,50,,,,,,,,,,,,,,,42,,,,,C03,,,1,,1,,,42,42,1,21,,C03,120.638145,24.141882,3
2022,3,7,7,45,臺中市,南屯區,0,0,0,6,,,50,,,,,,,,,,,,,,,17,,,,,C03,,,1,,1,,,17,17,1,22,,C03,120.61653,24.153576,3
2022,3,7,7,46,臺中市,西區,0,0,0,,,,50,,,,,,,,,,,,,,,17,,,,,B03,,,1,,1,,,17,17,1,20,,B03,120.67326,24.138848,3
2022,3,7,7,46,臺中市,東區,0,1,0,6,1,5,50,5,1,1,4,4,5,7,1,1,10,5,5,2,12,42,2,9,1,1,C03,7,5,1,10,2,12,,42,42,1,19,8,C03,120.693452,24.133073,2
2022,3,7,7,46,臺中市,沙鹿區,0,0,0,6,,,50,,,,,,,,,,,,,,,7,,,,,B03,,,1,,2,,,7,7,1,21,,B03,120.569623,24.219607,3
2022,3,7,7,49,臺中市,大肚區,0,0,0,6,,,50,,,,,,,,,,,,,,,23,,,,,B03,,,1,,2,,,23,23,1,2,,B03,120.56165,24.124894,3
2022,3,7,7,50,臺中市,大甲區,0,0,0,6,,,50,,,,,,,,,,,,,,,23,,,,,B12,,,1,,1,,,23,23,1,4,,B12,120.619675,24.345258,3
2022,3,7,7,52,臺中市,南屯區,0,0,0,6,,,50,,,,,,,,,,,,,,,23,,,,,B03,,,1,,9,,,23,23,1,22,,B03,120.613671,24.150283,3
2022,3,7,7,52,臺中市,北屯區,0,0,0,6,,,50,,,,,,,,,,,,,,,16,,,,,B03,,,1,,2,,,16,16,1,21,,B03,120.685161,24.168387,3
2022,3,7,7,54,臺中市,潭子區,0,1,0,6,1,5,50,14,7,1,4,4,5,7,4,4,1,4,4,1,17,23,2,9,1,1,C03,7,9,3,18,2,11,,23,23,1,22,8,C03,120.703278,24.216114,2
2022,3,7,7,54,臺中市,龍井區,0,0,0,6,,,50,,,,,,,,,,,,,,,19,,,,,B03,,,1,,2,,,19,19,1,22,,B03,120.575585,24.181151,3
2022,3,7,7,55,臺中市,烏日區,0,1,0,6,3,5,50,14,8,1,4,4,5,7,4,4,5,4,4,1,17,26,3,10,1,2,F01,7,11,8,20,2,16,,26,26,1,21,8,F01,120.653647,24.094885,2
2022,3,7,7,57,臺中市,西屯區,0,0,0,6,,,50,,,,,,,,,,,,,,,23,,,,,B03,,,1,,1,,,23,23,1,5,,B03,120.638153,24.166725,3
2022,3,7,8,1,臺中市,西屯區,0,0,0,6,,,50,,,,,,,,,,,,,,,23,,,,,B03,,,1,,1,,,23,23,1,22,,B03,120.64355,24.170508,3
2022,3,7,8,3,臺中市,南屯區,0,2,0,6,1,5,50,4,1,1,4,4,5,7,1,1,10,5,5,2,16,19,2,9,1,1,C03,7,1,6,10,2,12,,19,19,1,22,8,C03,120.646605,24.139863,2
2022,3,7,8,5,臺中市,南屯區,0,2,0,6,1,5,50,14,7,1,4,4,5,7,4,4,5,4,4,2,12,19,2,9,1,1,C03,7,1,1,10,2,14,,19,19,1,22,9,C03,120.6364,24.146726,2
2022,3,7,8,5,臺中市,大雅區,0,1,0,6,1,5,50,3,2,1,4,4,5,7,1,1,1,4,4,1,16,6,3,10,1,1,B03,7,5,1,8,2,1,,6,6,1,22,9,B03,120.64975,24.213334,2
2022,3,7,8,6,臺中市,大甲區,0,0,0,,,,50,,,,,,,,,,,,,,,7,,,,,B03,,,1,,1,,,7,7,1,2,,B03,120.62514,24.340245,3
2022,3,7,8,7,臺中市,太平區,0,1,0,6,1,5,50,14,9,1,4,4,5,7,4,4,5,5,5,1,13,16,2,9,1,1,C03,7,9,3,18,2,11,,16,16,1,5,8,C03,120.732131,24.139029,2
2022,3,7,8,9,臺中市,南區,0,0,0,8,,,50,,,,,,,,,,,,,,,23,,,,,B03,,,1,,2,,,23,23,1,21,,B03,120.657256,24.112409,3
2022,3,7,8,10,臺中市,南區,0,0,0,,,,50,,,,,,,,,,,,,,,16,,,,,B03,,,1,,2,,,16,16,1,22,,B03,120.65566,24.115499,3
2022,3,7,8,15,臺中市,龍井區,0,0,0,6,,,50,,,,,,,,,,,,,,,7,,,,,B02,,,1,,2,,,7,7,1,21,,B02,120.577899,24.186933,3
2022,3,7,8,15,臺中市,西屯區,0,1,0,6,1,5,50,14,9,1,4,4,5,7,4,4,1,3,5,2,16,7,3,10,1,1,B12,7,7,1,8,2,4,,7,7,1,22,8,B12,120.658654,24.170943,2
2022,3,7,8,19,臺中市,南屯區,0,0,0,8,,,80,,,,,,,,,,,,,,,7,,,,,A41,,,1,,1,,,7,7,1,22,,A41,120.619945,24.118338,3
2022,3,7,8,25,臺中市,龍井區,0,1,0,6,1,5,40,14,8,1,4,4,5,7,4,4,1,4,1,2,13,23,2,9,1,1,C03,7,9,1,10,2,11,,23,23,1,21,8,C03,120.585974,24.185716,2
2022,3,7,8,26,臺中市,太平區,0,1,0,6,1,5,50,14,9,1,4,4,5,7,4,4,5,4,4,1,17,23,2,9,1,1,C03,7,9,1,10,2,12,11,23,23,1,21,8,C03,120.714719,24.126808,2
2022,3,7,8,29,臺中市,東區,0,1,0,6,1,5,50,5,1,1,4,4,5,7,3,1,10,5,5,2,16,6,2,9,1,1,C03,7,9,1,10,2,11,,6,6,1,22,8,C03,120.69237,24.14642,2
2022,3,7,8,40,臺中市,大肚區,0,1,0,6,1,5,50,14,13,1,4,4,5,7,4,4,1,3,5,1,17,7,2,9,1,1,C03,7,8,1,10,2,11,,7,7,1,18,1,C03,120.565485,24.122876,2
2022,3,7,8,40,臺中市,南屯區,0,1,0,6,1,5,50,4,1,1,4,4,5,7,3,1,10,5,5,2,16,6,3,10,1,4,C03,7,6,1,10,2,11,,6,6,1,22,8,C03,120.611181,24.132653,2
2022,3,7,8,42,臺中市,東勢區,0,0,0,6,,,60,,,,,,,,,,,,,,,10,,,,,B12,,,1,,2,,,10,10,1,22,,B12,120.833733,24.241743,3
2022,3,7,8,44,臺中市,北屯區,0,0,0,6,,,50,,,,,,,,,,,,,,,7,,,,,B03,,,1,,9,,,7,7,2,12,,B03,120.685198,24.169651,3
2022,3,7,8,48,臺中市,龍井區,0,1,0,6,1,5,50,14,9,1,4,4,5,7,4,4,5,5,5,1,17,23,3,10,3,4,C03,7,9,1,10,2,13,,44,23,1,22,9,C03,120.584134,24.182085,2
2022,3,7,8,49,臺中市,西屯區,0,0,0,6,,,50,,,,,,,,,,,,,,,23,,,,,B03,,,1,,2,,,23,23,1,21,,B03,120.639215,24.159393,3
2022,3,7,8,52,臺中市,梧棲區,0,0,0,6,,,40,,,,,,,,,,,,,,,16,,,,,B01,,,1,,2,,,16,16,1,10,,B01,120.527245,24.222096,3
2022,3,7,8,55,臺中市,烏日區,0,1,0,6,1,5,40,14,8,1,4,4,5,7,4,4,1,5,1,1,18,23,2,9,1,1,C03,7,9,1,10,2,14,,23,23,1,18,8,C03,120.58335,24.10949,2
2022,3,7,8,55,臺中市,西區,0,0,0,,,,50,,,,,,,,,,,,,,,23,,,,,B03,,,1,,1,,,23,23,1,20,,B03,120.67795,24.151391,3
2022,3,7,8,55,臺中市,南屯區,0,0,0,6,1,5,50,14,7,1,4,4,5,7,1,1,1,4,4,2,12,2,,,,,B03,,,1,,2,,,2,2,1,22,,B03,120.633091,24.150972,3
2022,3,7,8,57,臺中市,西屯區,0,0,0,6,,,50,,,,,,,,,,,,,,,23,,,,,B03,,,1,,1,,,23,23,1,5,,B03,120.66116,24.162646,3
2022,3,7,9,7,臺中市,西屯區,0,0,0,8,,,50,,,,,,,,,,,,,,,21,,,,,B03,,,2,,4,,,21,21,1,22,,B03,120.636153,24.169921,3
2022,3,7,9,15,臺中市,西區,0,0,0,8,1,5,50,14,9,1,5,4,5,7,4,4,10,5,5,2,12,23,,,,,B03,,,1,,2,,,23,23,1,21,,B03,120.678501,24.141889,3
2022,3,7,9,20,臺中市,清水區,0,0,0,6,1,5,50,4,1,1,4,4,5,7,3,1,1,4,4,2,16,6,3,10,1,1,B03,7,5,1,7,2,5,,6,6,1,5,5,B03,120.559096,24.27495,3
2022,3,7,9,31,臺中市,南屯區,1,0,0,6,2,5,40,14,8,1,4,4,5,7,4,4,1,3,1,2,23,42,1,3,1,4,C03,7,9,1,10,2,14,,42,42,1,18,8,C03,120.591166,24.158921,1
2022,3,7,9,33,臺中市,西屯區,0,1,0,6,1,5,50,14,9,1,4,4,5,7,4,4,1,3,5,2,13,42,2,9,1,1,C03,7,9,1,10,2,11,,42,42,1,22,8,C03,120.642817,24.172275,2
2022,3,7,9,35,臺中市,北區,0,1,0,6,1,5,50,4,1,1,4,4,5,7,2,1,10,5,5,2,18,23,2,9,1,1,C03,7,9,1,10,2,14,,23,23,1,22,8,C03,120.676089,24.150243,2
2022,3,7,9,36,臺中市,沙鹿區,0,1,0,6,1,5,40,5,1,1,4,4,5,7,2,1,1,2,1,2,16,26,2,9,1,1,C03,7,15,1,10,2,14,,26,26,1,4,8,C03,120.569666,24.237293,2
2022,3,7,9,48,臺中市,南區,0,1,0,7,1,5,50,14,9,1,4,4,5,7,4,4,1,5,5,2,13,23,3,10,3,4,B03,7,9,1,8,2,1,,23,23,1,21,8,B03,120.651202,24.119592,2
2022,3,7,9,52,臺中市,南區,0,1,0,7,1,5,50,14,9,1,5,4,5,7,4,4,1,2,5,2,18,23,2,9,1,1,C03,7,9,1,10,2,14,,23,23,1,18,8,C03,120.658261,24.117436,2
2022,3,7,9,58,臺中市,后里區,0,0,0,6,,,50,,,,,,,,,,,,,,,12,,,,,A41,,,1,,2,,,12,12,1,22,,A41,120.699897,24.286992,3
2022,3,7,10,9,臺中市,南屯區,0,0,0,8,,,50,,,,,,,,,,,,,,,7,,,,,B03,,,1,,1,,,7,7,1,22,,B03,120.623241,24.137107,3
2022,3,7,10,13,臺中市,龍井區,0,0,0,,,,30,,,,,,,,,,,,,,,23,,,,,A12,,,1,,2,,,23,23,1,10,,A12,120.520798,24.219569,3
2022,3,7,10,14,臺中市,豐原區,0,2,0,8,1,5,50,4,1,1,5,4,5,7,1,1,10,5,5,2,16,23,2,9,1,1,C03,7,9,3,18,2,14,,23,23,1,21,8,C03,120.721798,24.272969,2
2022,3,7,10,29,臺中市,西屯區,0,1,0,7,1,5,50,4,1,1,4,4,5,7,4,4,10,5,5,2,16,6,2,8,1,1,C03,7,5,1,10,2,14,12,6,6,1,5,8,C03,120.647638,24.155636,2
2022,3,7,10,37,臺中市,沙鹿區,0,0,0,6,,,50,,,,,,,,,,,,,,,19,,,,,B03,,,1,,2,,,19,19,1,21,,B03,120.570196,24.243915,3
2022,3,7,10,40,臺中市,后里區,0,0,0,8,,,50,,,,,,,,,,,,,,,19,,,,,B12,,,1,,2,,,19,19,1,22,,B12,120.71355,24.306196,3
2022,3,7,10,56,臺中市,西區,0,0,0,8,,,50,,,,,,,,,,,,,,,12,,,,,B03,,,1,,1,,,12,12,1,21,,B03,120.666783,24.142954,3
2022,3,7,11,0,臺中市,東區,0,1,0,7,1,5,30,3,2,1,5,4,5,7,4,4,10,5,5,2,16,6,2,9,1,1,C03,7,6,1,10,2,14,,6,6,1,5,8,C03,120.698353,24.142644,2
2022,3,7,11,0,臺中市,烏日區,0,1,0,8,1,5,30,14,9,1,5,4,5,7,4,4,10,5,5,2,14,12,3,10,1,1,B12,7,2,1,8,2,7,,12,12,1,21,8,B12,120.643254,24.087474,2