年,月,日,時,分,縣市,區,死,受傷,2-30,天候,光線,道路類別,速限,道路型態,事故位置,路面鋪裝,路面狀態,路面缺陷,障礙物,視距,號誌種類,號誌動作,分向設施,快車道或一般車道間,快慢車道間,路面邊線,事故類型及型態,主要肇因,受傷程度,主要傷處,保護裝備,行動電話,當事者區分,車輛用途,當事者行動狀態,駕駛資格情形,駕駛執照種類,飲酒情形,車輛撞擊部位最初,車輛撞擊部位其他,肇事因素個別,肇事因素主要,肇事逃逸,職業,旅次目的,車種,GPS緯度,GPS經度,事故類別
2022,3,7,11,21,臺中市,西屯區,0,0,0,8,,,50,,,,,,,,,,,,,,,42,,,,,B03,,,1,,1,,,42,42,1,22,,B03,120.638444,24.180488,3
2022,3,7,11,23,臺中市,南屯區,0,2,0,7,1,5,40,14,9,1,4,4,5,7,4,4,1,4,5,2,17,42,2,7,1,4,C03,7,9,1,10,2,12,,42,42,1,18,8,C03,120.60997,24.144334,2
2022,3,7,11,27,臺中市,太平區,0,0,0,6,,,50,,,,,,,,,,,,,,,23,,,,,A41,,,1,,2,,,23,23,1,5,,A41,120.723356,24.129923,3
2022,3,7,11,28,臺中市,龍井區,0,0,0,8,,,50,,,,,,,,,,,,,,,42,,,,,C03,,,1,,2,,,42,42,1,22,,C03,120.584048,24.181875,3
2022,3,7,11,44,臺中市,東區,0,0,0,6,,,50,,,,,,,,,,,,,,,12,,,,,B12,,,1,,2,,,12,12,1,22,,B12,120.692949,24.12832,3
2022,3,7,11,45,臺中市,梧棲區,0,0,0,8,,,50,,,,,,,,,,,,,,,6,,,,,B12,,,1,,2,,,6,6,1,9,,B12,120.547814,24.243274,3
2022,3,7,11,47,臺中市,西屯區,0,0,0,8,,,50,,,,,,,,,,,,,,,26,,,,,B03,,,1,,1,,,26,26,1,22,,B03,120.648746,24.196946,3
2022,3,7,11,53,臺中市,大肚區,0,1,0,8,1,5,40,3,1,1,5,4,5,7,2,1,10,5,5,2,17,19,2,9,3,4,B12,7,6,1,8,2,6,,44,19,1,22,9,B12,120.582784,24.172535,2
2022,3,7,11,56,臺中市,南屯區,0,0,0,7,1,5,30,3,2,1,5,4,5,7,4,4,10,5,5,2,17,42,,,,,C03,,,1,,1,,,42,42,1,22,,C03,120.633231,24.151656,3
2022,3,7,11,58,臺中市,西屯區,0,0,0,8,,,50,,,,,,,,,,,,,,,43,,,,,,,,,,,,,43,43,1,,,,120.644916,24.180975,3
2022,3,7,12,5,臺中市,南屯區,0,0,0,8,,,50,,,,,,,,,,,,,,,23,,,,,C03,,,1,,2,,,23,23,1,22,,C03,120.646802,24.146809,3
2022,3,7,12,17,臺中市,后里區,0,2,0,6,1,5,40,13,9,1,4,4,5,7,4,4,10,5,5,2,13,16,2,8,1,1,C03,7,6,1,10,2,12,,16,16,1,4,8,C03,120.712701,24.301939,2
2022,3,7,12,25,臺中市,梧棲區,0,1,0,7,1,5,70,4,2,1,5,4,5,7,1,1,1,4,4,1,16,9,3,10,1,1,B03,7,6,1,8,2,2,,9,9,1,5,8,B03,120.555957,24.250803,2
2022,3,7,12,26,臺中市,西區,0,0,0,,,,50,,,,,,,,,,,,,,,23,,,,,B03,,,1,,,,,23,23,1,20,,B03,120.659727,24.157289,3
2022,3,7,12,28,臺中市,烏日區,0,1,0,8,1,5,40,14,7,1,5,4,5,7,4,4,5,4,4,1,16,26,3,10,1,1,B03,7,11,1,8,2,8,,26,26,1,21,8,B03,120.656503,24.095658,2
2022,3,7,12,33,臺中市,南區,0,2,0,6,1,5,40,3,2,1,4,4,5,7,4,4,1,4,5,2,12,23,2,9,1,4,C03,7,6,1,10,2,11,,23,23,1,21,8,C03,120.679236,24.118772,2
2022,3,7,12,44,臺中市,西區,0,0,0,6,1,5,50,4,1,1,4,4,5,7,1,1,10,5,5,2,12,5,,,,,B03,,,1,,1,,,5,5,1,21,,B03,120.653882,24.149942,3
2022,3,7,12,45,臺中市,沙鹿區,0,1,0,7,1,5,50,4,1,1,5,4,5,7,1,1,10,5,5,2,16,25,2,8,1,1,C03,7,9,1,10,2,11,,25,25,1,20,8,C03,120.560423,24.240133,2
2022,3,7,13,0,臺中市,神岡區,0,0,0,8,,,50,,,,,,,,,,,,,,,23,,,,,B03,,,1,,1,,,23,23,1,12,,B03,120.66187,24.257936,3
2022,3,7,13,13,臺中市,西區,0,1,0,8,1,5,40,4,2,1,5,4,5,7,1,1,3,4,4,2,17,23,2,9,1,1,C03,7,9,1,9,2,11,,23,23,1,21,8,C03,120.660448,24.132792,2
2022,3,7,13,20,臺中市,北屯區,0,0,0,8,,,50,,,,,,,,,,,,,,,23,,,,,B12,,,1,,1,,,23,23,1,21,,B12,120.719196,24.17446,3
2022,3,7,13,20,臺中市,烏日區,0,0,0,8,,,30,,,,,,,,,,,,,,,12,,,,,B03,,,1,,2,,,12,12,1,21,,B03,120.623862,24.105007,3
2022,3,7,13,26,臺中市,清水區,0,0,0,8,,,50,,,,,,,,,,,,,,,23,,,,,B03,,,1,,2,,,23,23,1,22,,B03,120.575974,24.270123,3
2022,3,7,13,26,臺中市,西屯區,0,0,0,8,,,40,,,,,,,,,,,,,,,16,,,,,B03,,,1,,2,,,16,16,1,22,,B03,120.614423,24.183772,3
2022,3,7,13,27,臺中市,后里區,0,0,0,8,,,60,,,,,,,,,,,,,,,23,,,,,B03,,,1,,2,,,23,23,1,9,,B03,120.676935,24.294913,3
2022,3,7,13,46,臺中市,太平區,0,0,0,8,,,50,,,,,,,,,,,,,,,12,,,,,B01,,,1,,2,,,12,12,1,10,,B01,120.713688,24.158661,3
2022,3,7,13,48,臺中市,龍井區,0,0,0,8,,,30,,,,,,,,,,,,,,,12,,,,,B12,,,1,,1,,,12,12,1,22,,B12,120.5925,24.181479,3
2022,3,7,13,48,臺中市,神岡區,0,0,0,8,,,50,,,,,,,,,,,,,,,23,,,,,B11,,,1,,2,,,23,23,1,10,,B11,120.680921,24.247592,3
2022,3,7,13,53,臺中市,南屯區,0,1,0,8,1,5,50,14,9,1,5,4,5,7,4,4,9,5,4,2,16,6,3,10,1,4,B03,7,5,1,8,2,2,,6,6,1,22,8,B03,120.634786,24.151858,2
2022,3,7,14,12,臺中市,西區,0,0,0,8,,,50,,,,,,,,,,,,,,,17,,,,,B03,,,1,,2,,,17,17,1,21,,B03,120.660892,24.150849,3
2022,3,7,14,20,臺中市,大雅區,0,1,0,6,1,5,50,4,1,1,4,4,5,7,3,1,10,4,5,1,16,23,2,9,1,1,C03,7,9,1,10,2,11,,23,23,1,22,9,C03,120.661074,24.232195,2
2022,3,7,14,20,臺中市,西區,0,0,0,8,,,30,,,,,,,,,,,,,,,23,,,,,B03,,,1,8,2,,,23,23,1,22,,B03,120.655675,24.142617,3
2022,3,7,14,41,臺中市,南區,0,0,0,8,,,40,,,,,,,,,,,,,,,19,,,,,C03,,,1,,2,,,19,19,1,21,,C03,120.664164,24.113485,3
2022,3,7,14,42,臺中市,豐原區,0,1,0,8,1,5,50,14,8,1,5,4,5,7,4,4,5,5,5,2,17,26,3,10,3,4,C03,7,9,1,10,2,11,,26,26,1,22,8,C03,120.709821,24.249978,2
2022,3,7,14,42,臺中市,東勢區,0,1,0,7,1,5,30,4,1,1,4,4,5,7,4,4,10,5,5,2,15,6,2,9,1,1,C03,7,9,3,18,2,12,,6,6,1,21,8,C03,120.831189,24.25382,2
2022,3,7,14,45,臺中市,中區,0,1,0,7,1,5,50,4,1,1,5,4,5,7,2,1,10,5,5,2,16,6,3,10,1,1,B03,7,5,1,8,2,5,,6,6,1,22,8,B03,120.677111,24.143143,2
2022,3,7,14,48,臺中市,西屯區,0,0,0,8,,,50,,,,,,,,,,,,,,,23,,,,,C03,,,1,,1,,,23,23,1,22,,C03,120.633854,24.160339,3
2022,3,7,14,58,臺中市,太平區,0,2,0,8,1,5,50,14,9,1,5,4,5,7,4,4,1,4,5,2,16,7,2,8,1,1,C03,7,8,1,10,2,12,,7,7,1,5,8,C03,120.7128,24.146231,2
2022,3,7,15,0,臺中市,南屯區,0,2,0,8,1,5,50,3,1,1,5,4,5,7,4,4,10,5,5,2,17,19,2,9,3,4,C03,7,1,1,10,2,11,,19,19,1,22,8,C03,120.610887,24.145395,2
2022,3,7,15,7,臺中市,南屯區,0,1,0,7,1,5,50,14,9,1,5,4,5,7,4,4,1,4,5,2,13,16,2,9,1,1,C03,7,9,1,10,2,11,14,16,16,1,4,8,C03,120.649207,24.140271,2
2022,3,7,15,28,臺中市,后里區,0,1,0,7,1,5,50,3,1,1,5,4,5,7,1,1,10,5,5,1,16,26,2,9,1,1,C03,7,9,2,18,2,11,,26,26,1,21,1,C03,120.715929,24.3065,2
2022,3,7,15,40,臺中市,東區,0,1,0,8,1,5,50,14,8,1,5,4,1,6,4,4,5,4,4,2,18,23,2,9,1,1,C03,7,9,1,10,2,15,,23,23,1,22,8,C03,120.699535,24.138998,2
2022,3,7,15,40,臺中市,東勢區,0,1,0,6,1,5,50,3,2,1,4,4,5,7,4,4,4,3,4,1,16,6,3,10,1,1,B12,7,11,1,8,2,2,,6,6,1,22,9,B12,120.824915,24.262595,2
2022,3,7,15,45,臺中市,大里區,0,0,0,8,,,30,,,,,,,,,,,,,,,23,,,,,B03,,,1,,2,,,23,23,1,4,,B03,120.730539,24.089422,3
2022,3,7,15,48,臺中市,西屯區,0,2,0,8,1,5,30,3,1,1,5,4,5,7,4,4,9,4,5,2,16,6,2,9,1,1,C03,7,5,1,10,2,13,,6,6,1,12,8,C03,120.620803,24.186785,2
2022,3,7,15,50,臺中市,西屯區,0,0,0,8,,,50,,,,,,,,,,,,,,,7,,,,,B03,,,1,,2,,,7,7,1,22,,B03,120.635296,24.162138,3
2022,3,7,16,0,臺中市,南區,0,0,0,8,,,50,,,,,,,,,,,,,,,17,,,,,B03,,,1,,2,,,17,17,1,5,,B03,120.670161,24.114003,3
2022,3,7,16,2,臺中市,西屯區,0,1,0,8,1,5,30,14,9,1,5,4,5,7,4,4,10,5,5,2,16,8,2,7,3,4,C03,7,5,1,10,2,15,,8,8,1,22,8,C03,120.646206,24.183171,2
2022,3,7,16,5,臺中市,清水區,0,0,0,8,,,70,,,,,,,,,,,,,,,7,,,,,A41,,,1,,2,,,7,7,1,22,,A41,120.552463,24.293937,3
2022,3,7,16,19,臺中市,南屯區,0,2,0,8,1,5,50,4,1,1,5,4,5,7,1,1,10,5,5,2,16,6,2,9,1,1,C03,7,5,1,10,2,12,,6,6,1,22,8,C03,120.611587,24.138465,2
2022,3,7,16,23,臺中市,后里區,0,0,0,8,,,50,,,,,,,,,,,,,,,23,,,,,B03,,,1,,1,,,23,23,1,5,,B03,120.724378,24.308845,3
2022,3,7,16,25,臺中市,大里區,0,1,0,8,1,5,50,5,1,1,5,4,5,7,1,1,10,4,1,1,16,26,3,10,1,1,B03,7,6,6,8,2,2,,26,26,1,4,8,B03,120.690064,24.092694,2
2022,3,7,16,30,臺中市,烏日區,0,1,0,8,1,5,60,5,1,1,5,4,5,7,1,1,1,4,4,1,16,26,3,10,1,1,B02,7,6,1,8,2,5,,26,26,1,21,8,B02,120.646449,24.092712,2
2022,3,7,16,40,臺中市,西區,0,1,0,8,1,5,50,14,8,1,5,4,5,7,4,4,1,4,5,2,18,43,2,7,1,1,C03,7,9,1,10,2,14,,43,43,1,20,8,C03,120.668752,24.152211,2
2022,3,7,16,40,臺中市,東區,0,0,0,8,,,50,,,,,,,,,,,,,,,23,,,,,B03,,,1,,2,,,23,23,1,22,,B03,120.698728,24.148078,3
2022,3,7,16,45,臺中市,沙鹿區,0,1,0,8,1,5,60,3,1,1,5,4,5,7,2,1,10,5,5,2,16,7,3,10,1,1,B03,7,8,1,8,2,6,,7,7,1,3,5,B03,120.581421,24.209662,2
2022,3,7,16,46,臺中市,沙鹿區,0,1,0,8,1,5,30,3,1,1,5,4,5,7,4,4,10,5,5,1,16,6,3,10,1,1,C03,7,9,1,10,2,14,,6,6,1,18,9,C03,120.578311,24.2212,2
2022,3,7,17,0,臺中市,西屯區,0,1,0,8,1,5,50,14,8,1,5,4,5,7,4,4,9,4,4,2,29,67,,,,,,,,,,,,,67,67,1,,,,120.657063,24.157023,2
2022,3,7,17,6,臺中市,太平區,1,1,0,8,2,5,50,11,9,1,5,4,5,7,4,4,5,5,4,2,18,23,1,9,1,1,C03,7,9,1,10,2,12,,23,23,1,18,8,C03,120.720809,24.107143,1
2022,3,7,17,7,臺中市,清水區,0,2,0,8,1,5,50,14,7,1,5,4,5,7,3,1,5,5,4,2,12,26,2,9,1,1,C03,7,11,3,18,8,14,,26,26,1,5,1,C03,120.607748,24.269373,2
2022,3,7,17,9,臺中市,太平區,0,0,0,8,,,30,,,,,,,,,,,,,,,43,,,,,,,,,,,,,43,43,1,,,,120.72232,24.13234,3
2022,3,7,17,10,臺中市,西屯區,0,1,0,8,1,5,50,4,1,1,5,4,5,7,4,4,5,4,5,2,16,6,3,10,3,4,B03,7,5,1,8,2,6,,6,6,1,22,8,B03,120.617601,24.18847,2
2022,3,7,17,12,臺中市,太平區,0,0,0,8,,,40,,,,,,,,,,,,,,,23,,,,,C03,,,1,,2,,,23,23,1,21,,C03,120.724358,24.111405,3
2022,3,7,17,14,臺中市,霧峰區,0,2,0,8,1,5,50,3,1,1,5,4,5,7,1,1,9,5,4,1,16,7,2,7,1,1,C03,7,7,3,18,2,14,,7,7,1,22,8,C03,120.699141,24.068898,2
2022,3,7,17,19,臺中市,梧棲區,0,0,0,8,,,40,,,,,,,,,,,,,,,23,,,,,B03,,,1,,2,,,23,23,1,21,,B03,120.535064,24.247252,3
2022,3,7,17,20,臺中市,沙鹿區,0,1,0,8,1,5,50,14,9,1,5,4,5,7,4,4,9,4,4,2,17,19,3,10,1,1,B03,7,1,1,8,2,8,,19,19,1,18,9,B03,120.577619,24.222901,2
2022,3,7,17,20,臺中市,烏日區,0,1,0,8,1,5,60,4,1,1,5,4,5,7,2,1,10,5,5,2,12,23,2,9,1,1,C03,7,9,1,10,2,14,,23,23,1,4,1,C03,120.635765,24.10705,2
2022,3,7,17,21,臺中市,西屯區,0,2,0,8,1,5,50,14,7,1,5,4,5,7,4,4,1,4,4,2,17,43,2,9,3,4,C03,7,9,1,10,2,12,,43,43,1,22,8,C03,120.609836,24.156556,2
2022,3,7,17,23,臺中市,后里區,0,2,0,8,1,5,50,4,1,1,5,4,5,7,1,1,10,5,5,2,16,6,3,10,1,1,C03,7,5,1,10,2,12,,6,6,1,20,8,C03,120.721916,24.307907,2
2022,3,7,17,27,臺中市,東區,0,2,0,8,2,5,50,4,9,1,5,4,5,7,2,1,5,2,5,2,16,8,2,7,1,1,C03,7,5,1,10,2,12,,8,8,1,21,8,C03,120.684136,24.131984,2
2022,3,7,17,30,臺中市,沙鹿區,0,0,0,8,,,50,,,,,,,,,,,,,,,23,,,,,C03,,,1,,9,,,23,23,1,16,,C03,120.575215,24.226738,3
2022,3,7,17,34,臺中市,南屯區,0,0,0,8,,,,,,,,,,,,,,,,,,60,,,,,,,,,,,,,60,60,1,,,,120.651393,24.150876,3
2022,3,7,17,35,臺中市,大雅區,0,2,0,8,2,5,50,14,9,1,5,4,5,7,4,4,1,4,5,1,3,23,2,9,1,1,C03,7,9,1,10,2,11,,23,23,1,22,9,C03,120.671878,24.215813,2
2022,3,7,17,47,臺中市,西屯區,0,0,0,8,,,50,,,,,,,,,,,,,,,16,,,,,B03,,,1,,1,,,16,16,1,22,,B03,120.653227,24.160786,3
2022,3,7,17,49,臺中市,太平區,0,1,0,8,3,5,50,3,1,1,5,4,5,7,4,4,5,5,5,2,16,6,3,10,1,1,C03,7,5,1,10,2,12,,6,6,1,21,8,C03,120.724024,24.135848,2
2022,3,7,17,50,臺中市,西屯區,0,0,0,8,,,1,,,,,,,,,,,,,,,67,,,,,,,,,,,,,67,67,1,,,,120.606464,24.155391,3
2022,3,7,17,50,臺中市,大雅區,0,1,0,8,1,5,50,14,8,1,5,4,5,7,4,4,1,4,5,1,13,23,2,9,1,1,C03,7,7,1,10,2,11,,23,23,1,22,9,C03,120.661189,24.232262,2
2022,3,7,17,55,臺中市,西屯區,0,1,0,8,3,5,50,14,8,1,5,4,5,7,4,4,5,5,4,2,16,6,3,10,3,4,B03,7,5,1,8,2,1,,6,6,1,22,8,B03,120.659828,24.165223,2
2022,3,7,17,55,臺中市,霧峰區,0,1,0,8,1,5,50,14,9,1,5,4,5,7,4,4,9,4,5,1,16,19,3,10,1,1,G03,7,1,7,19,2,1,,19,19,1,22,9,G03,120.6639,24.059993,2
2022,3,7,18,0,臺中市,北屯區,0,1,0,8,3,5,50,16,7,1,5,4,5,7,4,4,10,4,4,2,12,7,2,8,1,1,C03,7,7,1,10,2,14,,7,7,1,5,8,C03,120.739983,24.178763,2
2022,3,7,18,0,臺中市,沙鹿區,0,0,0,8,,,50,,,,,,,,,,,,,,,16,,,,,B03,,,1,,1,,,16,16,1,3,,B03,120.560355,24.239289,3
2022,3,7,18,0,臺中市,后里區,0,1,0,7,2,5,50,3,2,1,5,4,5,7,4,4,9,5,4,1,16,10,3,10,1,1,B03,7,11,1,8,2,8,,10,10,1,9,1,B03,120.691305,24.314039,2
2022,3,7,18,10,臺中市,大肚區,0,0,0,8,,,50,,,,,,,,,,,,,,,7,,,,,B03,,,1,,2,,,7,7,1,2,,B03,120.545054,24.151474,3
2022,3,7,18,12,臺中市,南屯區,0,1,0,8,2,5,50,4,1,1,5,4,5,7,1,1,10,5,5,2,16,6,3,10,1,1,B03,7,5,1,8,2,2,,6,6,1,4,8,B03,120.643961,24.146729,2
2022,3,7,18,14,臺中市,西屯區,0,0,0,8,,,40,,,,,,,,,,,,,,,12,,,,,B03,,,1,,1,,,12,12,1,22,,B03,120.608335,24.185873,3
2022,3,7,18,25,臺中市,西屯區,0,1,0,8,3,5,40,3,1,1,5,4,5,7,2,1,10,5,5,2,12,25,3,10,1,1,C03,7,15,1,10,2,12,,25,25,1,22,8,C03,120.616386,24.182441,2
2022,3,7,18,29,臺中市,南區,0,1,0,8,3,5,50,4,1,1,5,4,1,7,2,1,10,5,5,2,13,23,3,10,1,1,B03,7,6,1,8,2,1,,23,23,1,21,8,B03,120.657161,24.13376,2
2022,3,7,18,31,臺中市,南屯區,0,1,0,8,3,5,50,4,1,1,5,4,5,7,1,1,10,5,4,2,16,6,3,10,1,1,B03,7,5,1,8,2,1,,6,6,1,22,8,B03,120.648639,24.153609,2
2022,3,7,18,43,臺中市,西屯區,0,1,0,8,3,5,40,4,1,1,5,4,5,7,1,1,9,4,4,2,13,16,2,9,1,1,C03,7,9,1,10,1,11,,16,16,1,12,8,C03,120.662665,24.163201,2
2022,3,7,18,47,臺中市,西屯區,0,2,0,8,3,5,50,3,1,1,5,4,5,7,4,4,5,5,5,2,13,16,3,10,3,4,C03,7,9,1,10,2,11,,16,16,1,22,8,C03,120.656798,24.165315,2
2022,3,7,18,48,臺中市,霧峰區,0,2,0,8,3,5,40,3,9,1,5,4,5,7,3,1,9,5,5,1,16,6,2,8,1,1,C03,7,5,1,10,2,14,,6,6,1,22,8,C03,120.710913,24.080566,2
2022,3,7,18,49,臺中市,后里區,0,0,0,8,,,50,,,,,,,,,,,,,,,12,,,,,B03,,,1,,2,,,12,12,1,9,,B03,120.723606,24.312957,3
2022,3,7,18,50,臺中市,大里區,0,0,0,8,,,50,,,,,,,,,,,,,,,23,,,,,B03,,,1,,2,,,23,23,1,22,,B03,120.681778,24.104763,3
2022,3,7,18,52,臺中市,西屯區,0,2,0,8,2,5,40,14,8,1,5,4,5,7,4,4,1,4,1,2,12,43,2,9,3,4,C03,7,9,1,10,2,11,,43,43,1,22,8,C03,120.651334,24.162052,2
2022,3,7,18,54,臺中市,西屯區,0,0,0,8,,,50,,,,,,,,,,,,,,,23,,,,,B03,,,1,,1,,,23,23,1,22,,B03,120.639128,24.158973,3
2022,3,7,18,55,臺中市,西區,0,0,0,8,,,50,,,,,,,,,,,,,,,23,,,,,B03,,,1,,1,,,23,23,1,22,,B03,120.661677,24.156063,3
2022,3,7,18,55,臺中市,梧棲區,0,0,0,8,,,50,,,,,,,,,,,,,,,42,,,,,B03,,,1,,2,,,42,42,1,21,,B03,120.536746,24.260458,3
2022,3,7,19,1,臺中市,太平區,0,0,0,8,,,50,,,,,,,,,,,,,,,18,,,,,B03,,,1,,1,,,18,18,1,21,,B03,120.733258,24.142158,3
2022,3,7,19,12,臺中市,西屯區,0,0,0,8,,,50,,,,,,,,,,,,,,,17,,,,,B03,,,1,,1,,,17,17,1,22,,B03,120.638708,24.172894,3
2022,3,7,19,15,臺中市,西屯區,0,2,0,8,3,5,50,14,8,1,5,4,5,7,4,4,9,4,4,2,17,43,2,9,2,1,F01,7,9,8,20,2,16,,43,43,1,22,8,F01,120.632583,24.165048,2
2022,3,7,19,19,臺中市,西區,0,2,0,8,3,5,50,4,1,1,5,4,5,7,4,4,10,5,5,2,15,6,2,9,1,1,C03,7,9,1,10,2,11,,6,6,1,21,8,C03,120.660874,24.146701,2
2022,3,7,19,25,臺中市,西屯區,0,1,0,8,3,5,40,14,7,1,5,4,5,7,4,4,9,4,4,2,12,23,2,9,1,1,C03,7,9,1,10,2,14,,23,23,1,12,8,C03,120.634329,24.164661,2
2022,3,7,19,52,臺中市,霧峰區,0,0,0,8,,,40,,,,,,,,,,,,,,,9,,,,,B03,,,1,,2,,,9,9,1,4,,B03,120.662522,24.072078,3
2022,3,7,20,0,臺中市,神岡區,0,0,0,8,,,50,,,,,,,,,,,,,,,12,,,,,B03,,,1,,2,,,12,12,1,12,,B03,120.682031,24.246044,3
2022,3,7,20,0,臺中市,北區,0,1,0,8,3,5,50,4,1,1,5,4,5,7,1,1,10,5,5,2,9,15,3,10,1,1,B03,7,5,1,8,2,4,,15,15,1,5,8,B03,120.664208,24.154416,2
2022,3,7,20,10,臺中市,南屯區,0,2,0,8,3,5,50,4,2,1,5,4,5,7,1,1,5,4,5,2,13,16,2,9,1,1,C03,7,14,1,10,2,11,,16,16,1,22,8,C03,120.608505,24.149986,2
2022,3,7,20,55,臺中市,南屯區,0,1,0,8,3,5,40,3,1,1,5,4,5,7,2,1,1,2,1,2,12,7,3,10,1,1,C02,7,8,4,10,2,12,,7,7,1,18,8,C02,120.627375,24.129651,2
2022,3,7,21,3,臺中市,石岡區,0,2,0,8,3,5,70,14,9,1,5,4,5,7,4,4,1,4,1,1,11,19,3,10,3,4,B03,7,1,1,8,2,8,,19,19,1,21,8,B03,120.780603,24.274488,2
2022,3,7,21,10,臺中市,太平區,0,0,0,8,,,50,,,,,,,,,,,,,,,12,,,,,B03,,,1,,2,,,12,12,1,22,,B03,120.708847,24.128291,3
2022,3,7,21,11,臺中市,南屯區,0,0,0,8,3,5,50,3,2,1,5,4,5,7,4,4,9,5,4,2,16,26,3,10,1,1,B01,7,5,1,4,2,5,,26,26,1,10,4,B01,120.637875,24.139116,3
2022,3,7,21,31,臺中市,西屯區,0,1,0,8,3,5,40,4,2,1,5,4,5,7,2,1,10,4,1,2,13,16,2,9,1,1,B03,7,9,1,8,1,1,,16,16,1,22,8,B03,120.641073,24.167912,2
2022,3,7,21,39,臺中市,北區,0,3,0,8,3,5,50,4,1,1,5,4,5,7,1,1,5,4,5,2,16,26,2,7,1,1,C03,7,5,1,10,2,11,,26,26,1,5,8,C03,120.682335,24.153988,2
2022,3,7,22,3,臺中市,中區,0,2,0,8,3,5,50,4,2,1,5,4,5,7,4,4,5,4,4,2,13,23,2,9,1,1,C03,7,9,1,10,2,11,,23,23,1,22,9,C03,120.6775,24.146048,2
2022,3,7,22,6,臺中市,西屯區,0,2,0,8,3,5,50,4,1,1,5,4,5,7,1,1,9,4,1,1,11,6,2,9,1,1,B03,7,5,1,8,2,1,,6,6,1,12,8,B03,120.644108,24.194866,2
2022,3,7,22,12,臺中市,太平區,0,1,0,8,3,5,50,4,1,1,5,4,5,7,1,1,5,5,5,2,16,6,3,10,1,1,C03,7,5,1,10,2,12,,6,6,1,21,8,C03,120.703659,24.111174,2
2022,3,7,22,15,臺中市,豐原區,0,1,0,7,3,5,50,3,2,1,5,4,5,7,4,4,8,3,5,1,27,23,2,8,3,3,C03,7,9,1,10,2,11,,23,23,1,22,8,C03,120.713852,24.249061,2
2022,3,7,22,27,臺中市,霧峰區,0,0,0,8,,,50,,,,,,,,,,,,,,,22,,,,,B12,,,1,,2,,,22,22,1,4,,B12,120.720028,24.039834,3
2022,3,7,22,30,臺中市,北區,0,0,0,8,,,50,,,,,,,,,,,,,,,10,,,,,C03,,,7,,11,,,10,10,1,22,,C03,120.686252,24.15482,3
2022,3,7,22,49,臺中市,西屯區,0,0,0,8,,,50,,,,,,,,,,,,,,,18,,,,,B03,,,1,,2,,,18,18,1,22,,B03,120.637731,24.175698,3
2022,3,7,22,50,臺中市,西屯區,0,1,0,8,3,5,30,4,1,1,5,4,5,7,4,4,10,5,5,2,17,6,2,9,1,1,C03,7,9,1,10,1,12,,6,6,1,22,8,C03,120.644358,24.17992,2
2022,3,7,23,1,臺中市,石岡區,0,0,0,8,3,5,70,3,2,1,5,4,5,7,2,1,1,4,1,1,13,23,3,10,3,4,B03,7,1,1,8,2,1,,23,23,1,22,8,B03,120.788861,24.273896,3
2022,3,7,23,15,臺中市,南區,0,1,0,8,3,5,50,5,9,1,5,4,5,7,1,1,9,4,5,2,18,43,2,9,1,1,C03,7,9,1,10,2,14,,43,43,1,5,1,C03,120.678836,24.118966,2
2022,3,7,23,43,臺中市,沙鹿區,0,1,0,8,3,5,40,14,8,1,5,4,5,7,4,4,1,4,4,1,13,23,2,9,3,4,C03,7,21,1,10,2,11,,23,23,1,21,8,C03,120.581243,24.206029,2
2022,3,7,23,51,臺中市,西屯區,0,1,0,8,3,5,50,4,2,1,5,4,5,7,1,1,5,4,5,2,17,10,3,10,1,4,B03,7,11,1,8,2,4,,10,10,1,22,8,B03,120.646776,24.174937,2
2022,3,8,2,10,臺中市,北區,0,0,0,8,,,50,,,,,,,,,,,,,,,23,,,,,B03,,,1,,2,,,23,23,1,22,,B03,120.680896,24.149205,3
2022,3,8,5,21,臺中市,神岡區,0,0,0,8,,,50,,,,,,,,,,,,,,,6,,,,,B03,,,6,,2,,,6,6,1,22,,B03,120.697583,24.2513,3
2022,3,8,6,19,臺中市,神岡區,0,1,0,8,1,5,50,15,9,1,5,4,5,7,4,4,5,5,5,2,17,14,2,9,1,1,C03,7,9,1,10,2,11,,14,14,1,22,8,C03,120.6999,24.266962,2
2022,3,8,6,24,臺中市,沙鹿區,0,0,0,8,,,70,,,,,,,,,,,,,,,26,,,,,B03,,,1,,2,,,26,26,1,19,,B03,120.620718,24.242388,3
2022,3,8,6,53,臺中市,大肚區,0,0,0,8,,,50,,,,,,,,,,,,,,,44,,,,,B03,,,1,,11,,,44,44,1,22,,B03,120.575235,24.16137,3
2022,3,8,6,55,臺中市,大雅區,0,2,0,8,1,5,50,4,1,1,5,4,5,7,1,1,9,4,4,1,17,6,2,9,1,1,F03,7,5,8,20,2,15,,6,6,1,22,9,F03,120.635872,24.215506,2
2022,3,8,6,56,臺中市,龍井區,0,2,0,8,1,5,50,15,9,1,5,4,5,7,4,4,5,5,5,1,17,19,2,9,3,4,C03,7,1,1,10,2,14,,19,19,1,22,9,C03,120.581979,24.176321,2