年,月,日,時,分,縣市,區,死,受傷,2-30,天候,光線,道路類別,速限,道路型態,事故位置,路面鋪裝,路面狀態,路面缺陷,障礙物,視距,號誌種類,號誌動作,分向設施,快車道或一般車道間,快慢車道間,路面邊線,事故類型及型態,主要肇因,受傷程度,主要傷處,保護裝備,行動電話,當事者區分,車輛用途,當事者行動狀態,駕駛資格情形,駕駛執照種類,飲酒情形,車輛撞擊部位最初,車輛撞擊部位其他,肇事因素個別,肇事因素主要,肇事逃逸,職業,旅次目的,車種,GPS緯度,GPS經度,事故類別
2022,3,8,7,9,臺中市,北屯區,0,2,0,8,1,5,50,14,9,1,5,4,1,7,4,4,1,4,5,2,16,6,3,10,1,1,B02,7,6,6,8,2,2,,6,6,1,21,8,B02,120.669954,24.201236,2
2022,3,8,7,12,臺中市,太平區,0,0,0,8,,,30,,,,,,,,,,,,,,,23,,,,,B03,,,1,,1,,,23,23,1,5,,B03,120.721682,24.124352,3
2022,3,8,7,21,臺中市,西屯區,0,2,0,8,1,5,50,14,9,1,5,4,5,7,4,4,5,5,5,1,13,16,2,9,1,1,C03,7,9,1,10,2,11,,16,16,1,1,9,C03,120.65666,24.170846,2
2022,3,8,7,28,臺中市,大雅區,0,1,0,8,1,5,60,4,1,1,5,4,5,7,1,1,3,4,4,1,16,25,3,10,1,1,B03,7,5,1,8,2,1,,44,25,1,22,9,B03,120.640729,24.230646,2
2022,3,8,7,30,臺中市,后里區,0,0,0,8,1,5,50,3,1,1,5,4,5,7,1,1,4,5,5,1,16,6,3,10,1,1,C03,7,5,1,10,2,12,,6,6,1,21,8,C03,120.713428,24.328918,3
2022,3,8,7,31,臺中市,大甲區,0,2,0,8,1,5,50,14,9,1,5,4,5,7,4,4,9,5,4,1,13,23,2,9,1,1,C03,7,9,1,10,2,11,,23,23,1,22,9,C03,120.636437,24.358979,2
2022,3,8,7,33,臺中市,南屯區,0,0,0,8,,,50,,,,,,,,,,,,,,,23,,,,,B03,,,1,,1,,,23,23,1,22,,B03,120.624886,24.149085,3
2022,3,8,7,36,臺中市,南屯區,0,0,0,8,,,40,,,,,,,,,,,,,,,7,,,,,B03,,,1,,1,,,7,7,1,22,,B03,120.63814,24.153648,3
2022,3,8,7,37,臺中市,龍井區,0,2,0,8,1,5,50,14,9,1,5,4,5,7,4,4,5,5,5,1,16,26,2,7,1,1,B03,7,5,1,8,2,5,,26,26,1,21,1,B03,120.53,24.21,2
2022,3,8,7,37,臺中市,沙鹿區,0,1,0,8,1,5,50,4,1,1,5,4,5,7,2,1,1,4,1,2,16,6,3,10,1,1,B03,7,5,1,8,2,1,,6,6,1,4,8,B03,120.597614,24.25001,2
2022,3,8,7,38,臺中市,北區,0,1,0,8,1,5,50,14,7,1,5,4,5,1,4,4,1,4,5,2,17,23,2,9,1,1,C03,7,9,1,8,2,14,,23,23,1,22,8,C03,120.679298,24.165404,2
2022,3,8,7,38,臺中市,北屯區,0,1,0,8,1,5,40,14,8,1,5,4,5,7,1,1,5,5,4,2,13,16,3,10,1,1,C03,7,9,1,10,2,11,,16,16,1,22,8,C03,120.676568,24.176884,2
2022,3,8,7,45,臺中市,西屯區,0,1,0,8,1,5,30,4,2,1,5,4,5,7,4,4,10,5,5,1,17,40,3,10,1,1,B03,7,13,1,8,2,4,,40,40,1,1,9,B03,120.654437,24.169717,2
2022,3,8,7,46,臺中市,北屯區,0,2,0,8,1,5,40,3,7,1,5,4,5,7,4,4,1,4,4,2,16,19,2,9,1,1,C03,7,1,1,10,2,14,,19,19,1,21,8,C03,120.714005,24.164582,2
2022,3,8,7,47,臺中市,南屯區,0,1,0,8,1,5,30,14,8,1,5,4,5,7,4,4,10,5,5,2,16,6,3,10,1,4,B03,7,6,1,8,2,2,,6,6,1,22,8,B03,120.601968,24.159674,2
2022,3,8,7,48,臺中市,大雅區,0,0,0,8,,,50,,,,,,,,,,,,,,,23,,,,,B03,,,1,,2,,,38,38,1,22,,B03,120.645605,24.22165,3
2022,3,8,7,50,臺中市,烏日區,0,1,0,8,1,5,30,4,1,1,5,4,5,7,4,4,10,5,5,2,16,6,2,8,1,1,C03,7,9,1,10,2,11,,6,6,1,21,1,C03,120.638486,24.082886,2
2022,3,8,7,52,臺中市,東區,0,1,0,8,1,5,50,3,1,1,5,4,5,7,2,1,1,4,5,2,12,9,3,10,3,4,B03,7,6,1,8,2,5,,9,9,1,21,8,B03,120.71096,24.142718,2
2022,3,8,7,54,臺中市,大里區,0,2,0,8,1,5,50,14,9,1,5,4,5,7,4,4,10,5,5,2,16,26,2,8,1,1,C03,7,9,1,10,2,12,,26,26,1,3,8,C03,120.70163,24.084791,2
2022,3,8,7,56,臺中市,北區,0,2,0,8,1,5,50,3,1,1,5,4,5,7,4,4,10,5,5,2,16,6,2,9,1,1,C03,7,11,1,10,2,11,,6,6,1,22,8,C03,120.689668,24.154875,2
2022,3,8,7,56,臺中市,南屯區,0,1,0,8,1,5,50,4,1,1,5,4,5,7,2,1,5,4,4,2,16,23,2,9,3,4,C03,7,9,1,10,2,11,,23,23,1,22,9,C03,120.63478,24.153741,2
2022,3,8,7,56,臺中市,清水區,0,2,0,8,1,5,40,14,9,1,5,4,5,7,4,4,8,5,5,1,16,10,2,8,1,1,C03,7,11,1,10,2,14,,10,10,1,5,5,C03,120.562007,24.267534,2
2022,3,8,7,58,臺中市,東區,0,1,0,8,1,5,40,3,1,1,5,4,5,7,4,4,10,5,5,2,18,23,2,8,1,1,C01,7,9,1,9,2,14,,23,23,1,5,8,C01,120.707028,24.136411,2
2022,3,8,7,58,臺中市,西屯區,0,1,0,8,1,5,40,3,1,1,5,4,5,7,4,4,10,5,1,2,13,23,3,10,1,1,B03,7,9,1,8,1,1,,23,23,1,21,8,B03,120.612921,24.184085,2
2022,3,8,8,0,臺中市,豐原區,0,1,0,8,1,5,40,14,9,1,5,4,5,7,4,4,5,5,5,1,17,44,2,9,3,4,C03,7,9,1,10,2,11,,44,44,1,22,8,C03,120.725113,24.233395,2
2022,3,8,8,2,臺中市,沙鹿區,0,0,0,8,,,50,,,,,,,,,,,,,,,19,,,,,B03,,,1,,2,,,19,19,1,18,,B03,120.568274,24.199642,3
2022,3,8,8,4,臺中市,東區,0,0,0,8,,,50,,,,,,,,,,,,,,,7,,,,,A12,,,1,,2,,,7,7,1,21,,A12,120.686533,24.132607,3
2022,3,8,8,4,臺中市,太平區,0,1,0,8,1,5,30,4,1,1,5,4,5,7,4,4,10,5,5,2,18,23,2,9,3,4,C03,7,9,1,10,2,14,,23,23,1,18,8,C03,120.737361,24.144967,2
2022,3,8,8,5,臺中市,外埔區,0,1,0,8,1,5,50,4,8,1,5,4,5,7,4,4,4,4,4,1,17,19,3,10,1,1,B03,7,1,1,8,2,8,,19,19,1,21,8,B03,120.638571,24.341575,2
2022,3,8,8,6,臺中市,南屯區,0,0,0,8,,,50,,,,,,,,,,,,,,,17,,,,,C03,,,1,,1,,,17,17,1,22,,C03,120.63568,24.143266,3
2022,3,8,8,8,臺中市,西屯區,0,0,0,,,,40,,,,,,,,,,,,,,,12,,,,,B02,,,1,,1,,,12,12,1,22,,B02,120.612801,24.184065,3
2022,3,8,8,8,臺中市,中區,0,0,0,,,,50,,,,,,,,,,,,,,,12,,,,,B01,,,1,,1,,,12,12,1,5,,B01,120.675205,24.142259,3
2022,3,8,8,8,臺中市,西區,0,1,0,8,1,5,40,4,1,1,5,4,5,7,1,1,10,5,5,2,17,42,2,9,1,1,C03,7,9,1,10,2,12,,42,42,1,21,8,C03,120.665272,24.148274,2
2022,3,8,8,10,臺中市,沙鹿區,0,1,0,8,1,5,50,15,9,1,5,4,5,7,4,4,5,4,4,2,17,19,3,10,1,1,C03,7,1,1,10,2,11,,19,19,1,4,8,C03,120.596627,24.249185,2
2022,3,8,8,12,臺中市,西屯區,0,0,0,8,,,50,,,,,,,,,,,,,,,12,,,,,B03,,,1,,1,,,12,12,1,22,,B03,120.644608,24.157655,3
2022,3,8,8,20,臺中市,西屯區,0,1,0,8,1,5,40,14,8,1,5,4,5,7,4,4,1,5,1,1,13,16,2,9,1,4,C03,7,9,1,10,2,11,,16,16,1,4,8,C03,120.638535,24.159101,2
2022,3,8,8,20,臺中市,西區,0,0,0,8,,,50,,,,,,,,,,,,,,,17,,,,,B03,,,1,,1,,,17,17,1,21,,B03,120.678133,24.139606,3
2022,3,8,8,22,臺中市,南屯區,0,0,0,8,,,40,,,,,,,,,,,,,,,17,,,,,B03,,,1,,2,,,17,17,1,22,,B03,120.623497,24.149515,3
2022,3,8,8,22,臺中市,北區,0,0,0,8,,,50,,,,,,,,,,,,,,,6,,,,,B03,,,1,,2,,,6,6,1,22,,B03,120.671456,24.17374,3
2022,3,8,8,24,臺中市,南屯區,0,1,0,8,1,5,50,4,1,1,5,4,5,7,4,4,10,5,5,2,14,12,3,10,1,1,C03,7,2,1,10,2,13,,12,12,1,5,8,C03,120.636862,24.152847,2
2022,3,8,8,25,臺中市,后里區,0,1,0,8,1,5,50,14,7,1,5,4,5,7,4,4,9,4,4,1,16,26,3,10,1,1,B03,7,5,1,8,2,8,,26,26,1,21,8,B03,120.71473,24.310092,2
2022,3,8,8,25,臺中市,西區,0,0,0,8,,,50,,,,,,,,,,,,,,,17,,,,,B03,,,1,,1,,,17,17,1,21,,B03,120.658544,24.15569,3
2022,3,8,8,26,臺中市,西區,0,2,0,8,1,5,50,4,1,1,5,4,5,7,2,1,10,5,5,2,16,42,2,9,1,1,F03,7,5,8,20,2,16,,42,42,1,19,5,F03,120.655135,24.150813,2
2022,3,8,8,30,臺中市,烏日區,0,2,0,8,1,5,60,3,9,1,5,4,5,7,4,4,5,4,5,1,16,26,2,9,1,1,C03,7,11,4,8,2,12,,26,26,1,22,8,C03,120.657873,24.057886,2
2022,3,8,8,36,臺中市,南屯區,0,0,0,,,,50,,,,,,,,,,,,,,,17,,,,,B12,,,1,,11,,,17,17,1,21,,B12,120.610322,24.135612,3
2022,3,8,8,36,臺中市,烏日區,0,0,0,,,,60,,,,,,,,,,,,,,,45,,,,,A11,,,1,,2,,,45,45,1,21,,A11,120.618744,24.102712,3
2022,3,8,8,37,臺中市,北區,0,0,0,8,,,30,,,,,,,,,,,,,,,12,,,,,B03,,,1,,2,,,12,12,1,22,,B03,120.701675,24.159092,3
2022,3,8,8,44,臺中市,南屯區,0,0,0,8,,,50,,,,,,,,,,,,,,,17,,,,,A41,,,1,,2,,,17,17,1,22,,A41,120.617068,24.153618,3
2022,3,8,8,45,臺中市,梧棲區,0,0,0,8,,,50,,,,,,,,,,,,,,,19,,,,,B03,,,1,,2,,,19,19,1,22,,B03,120.553825,24.25499,3
2022,3,8,8,45,臺中市,西區,0,1,0,8,1,5,50,4,1,1,5,4,5,7,1,1,10,5,5,2,13,16,2,9,1,1,C03,7,9,1,10,2,11,,16,16,1,21,8,C03,120.670648,24.144675,2
2022,3,8,8,47,臺中市,南屯區,0,1,0,8,1,5,50,14,9,1,5,4,5,7,4,4,2,4,5,2,13,23,2,9,1,4,C03,7,9,1,10,2,11,,23,23,1,22,8,C03,120.620761,24.145181,2
2022,3,8,8,49,臺中市,西區,0,1,0,8,1,5,40,3,1,1,5,4,5,7,4,4,10,5,5,2,17,42,2,9,1,1,C03,7,9,1,10,2,11,,42,42,1,5,5,C03,120.657511,24.153835,2
2022,3,8,8,52,臺中市,西區,0,2,0,8,1,5,50,4,1,1,5,4,5,7,1,1,1,1,1,1,13,23,2,9,1,1,C03,7,14,1,10,2,11,,23,23,1,21,8,C03,120.659727,24.157289,2
2022,3,8,8,55,臺中市,沙鹿區,0,2,0,8,1,5,40,13,9,1,5,4,5,7,4,4,10,5,5,1,16,6,2,9,1,1,C03,7,5,1,10,2,14,,6,6,1,4,8,C03,120.604351,24.242816,2
2022,3,8,9,0,臺中市,大肚區,0,0,0,8,,,50,,,,,,,,,,,,,,,6,,,,,B03,,,1,,2,,,6,6,1,2,,B03,120.54735,24.155386,3
2022,3,8,9,1,臺中市,北區,0,1,0,8,1,5,50,5,1,1,5,4,5,7,1,1,10,5,5,2,16,1,3,10,1,1,B03,7,6,1,8,2,6,,1,1,1,22,8,B03,120.676191,24.158299,2
2022,3,8,9,1,臺中市,南區,0,0,0,8,,,30,,,,,,,,,,,,,,,42,,,,,C03,,,1,,2,,,42,42,1,21,,C03,120.681673,24.130592,3
2022,3,8,9,16,臺中市,豐原區,0,0,0,8,,,50,,,,,,,,,,,,,,,7,,,,,B03,,,1,,2,,,7,7,1,22,,B03,120.720227,24.236722,4
2022,3,8,9,20,臺中市,太平區,0,0,0,8,,,50,,,,,,,,,,,,,,,23,,,,,C04,,,1,,2,,,23,23,1,5,,C04,120.720331,24.150651,3
2022,3,8,9,21,臺中市,大里區,0,0,0,8,,,50,,,,,,,,,,,,,,,23,,,,,C03,,,1,,2,,,23,23,1,3,,C03,120.708812,24.086731,3
2022,3,8,9,26,臺中市,北區,0,2,0,8,1,5,50,14,7,1,5,4,5,7,4,4,5,5,5,2,17,19,2,9,1,1,C03,7,1,3,18,2,14,,19,19,1,22,8,C03,120.670389,24.163333,2
2022,3,8,9,31,臺中市,南屯區,0,0,0,8,,,50,,,,,,,,,,,,,,,23,,,,,B03,,,1,,1,,,23,23,1,22,,B03,120.622891,24.140532,3
2022,3,8,9,45,臺中市,西屯區,0,1,0,8,1,5,30,14,9,1,5,4,5,7,4,4,10,5,5,2,16,40,3,10,3,4,B03,7,13,1,8,2,5,,40,40,1,22,8,B03,120.638858,24.181838,2
2022,3,8,9,45,臺中市,太平區,0,0,0,8,,,30,,,,,,,,,,,,,,,23,,,,,B03,,,1,,2,,,23,23,1,5,,B03,120.725871,24.142148,3
2022,3,8,9,49,臺中市,北區,0,1,0,8,1,5,40,14,8,1,5,4,5,7,4,4,1,4,4,2,12,6,3,10,1,1,B03,7,5,1,8,2,2,,6,6,1,22,8,B03,120.664731,24.162549,2
2022,3,8,9,52,臺中市,大甲區,0,0,0,8,,,50,,,,,,,,,,,,,,,16,,,,,B03,,,1,,1,,,16,16,1,22,,B03,120.617257,24.347917,3
2022,3,8,9,55,臺中市,太平區,0,2,0,8,1,5,50,14,9,1,5,4,5,7,4,4,9,5,5,1,16,6,2,9,1,1,C03,7,5,1,10,2,11,,6,6,1,19,8,C03,120.714996,24.137546,2
2022,3,8,10,0,臺中市,南屯區,0,1,0,8,1,5,50,4,1,1,5,4,5,7,4,4,10,5,5,2,15,6,2,9,1,1,C03,7,9,3,18,2,11,,6,6,1,22,8,C03,120.652128,24.137771,2
2022,3,8,10,1,臺中市,西屯區,0,1,0,8,1,5,30,3,1,1,5,4,5,7,4,4,1,4,1,1,17,42,3,10,1,1,B03,7,6,1,8,2,6,,42,42,1,1,9,B03,120.651908,24.161575,2
2022,3,8,10,4,臺中市,西區,0,1,0,8,1,5,50,14,7,1,5,4,5,7,4,4,5,4,4,2,16,26,3,10,1,1,B03,7,11,1,8,2,7,,26,26,1,20,8,B03,120.665279,24.144329,2
2022,3,8,10,9,臺中市,豐原區,0,1,0,8,1,5,50,4,9,1,5,4,5,7,1,1,5,5,5,2,18,42,2,9,3,4,C03,7,9,1,10,2,11,,42,42,1,22,8,C03,120.710308,24.24401,2
2022,3,8,10,11,臺中市,中區,0,1,0,8,1,5,50,4,18,1,5,4,5,7,2,1,10,5,5,2,3,15,3,10,1,1,B12,7,5,1,8,2,4,,15,15,1,21,8,B12,120.679547,24.142469,2
2022,3,8,10,30,臺中市,大雅區,0,1,0,8,1,5,50,4,2,1,5,4,5,7,1,1,5,4,4,2,13,23,2,9,1,1,C03,7,9,1,10,2,11,,23,23,1,21,8,C03,120.6497,24.216323,2
2022,3,8,10,35,臺中市,北區,0,1,0,8,1,5,50,3,1,1,5,4,5,7,4,4,10,5,5,2,16,6,3,10,1,1,B03,7,5,1,8,2,2,,6,6,1,22,8,B03,120.686252,24.15482,2
2022,3,8,10,55,臺中市,龍井區,0,0,0,8,,,60,,,,,,,,,,,,,,,7,,,,,A21,,,1,,2,,,7,7,1,10,,A21,120.53401,24.220523,3
2022,3,8,10,57,臺中市,西區,0,0,0,8,,,50,,,,,,,,,,,,,,,12,,,,,B12,,,1,,1,,,12,12,1,21,,B12,120.659284,24.149703,3
2022,3,8,10,57,臺中市,太平區,0,0,0,8,,,50,,,,,,,,,,,,,,,12,,,,,A12,,,1,,2,,,12,12,1,5,,A12,120.705848,24.160311,3
2022,3,8,11,0,臺中市,西區,0,0,0,8,,,30,,,,,,,,,,,,,,,18,,,,,C03,,,1,8,2,,,18,18,1,22,,C03,120.661176,24.152181,3
2022,3,8,11,8,臺中市,南屯區,0,0,0,8,,,50,,,,,,,,,,,,,,,23,,,,,B03,,,1,,1,,,23,23,1,22,,B03,120.633963,24.142771,3
2022,3,8,11,10,臺中市,西區,0,0,0,8,,,50,,,,,,,,,,,,,,,17,,,,,B12,,,1,,9,,,17,17,1,21,,B12,120.670767,24.142051,3
2022,3,8,11,16,臺中市,北區,0,1,0,8,1,5,50,14,8,1,5,4,5,7,1,1,3,4,4,2,17,43,2,7,1,1,C03,7,9,1,10,2,14,,43,43,1,22,8,C03,120.674616,24.162533,2
2022,3,8,11,18,臺中市,烏日區,0,1,0,8,1,5,50,14,9,1,5,4,5,7,4,4,5,4,5,1,11,23,3,10,1,1,B02,7,9,1,8,1,5,,23,23,1,19,8,B02,120.621933,24.107246,2
2022,3,8,11,19,臺中市,西區,0,0,0,,,,50,,,,,,,,,,,,,,,23,,,,,B03,,,1,,1,,,23,23,1,20,,B03,120.657262,24.140026,3
2022,3,8,11,20,臺中市,沙鹿區,0,0,0,8,,,30,,,,,,,,,,,,,,,6,,,,,C03,,,1,,2,,,6,6,1,5,,C03,120.569522,24.230333,3
2022,3,8,11,26,臺中市,南屯區,0,0,0,8,,,50,,,,,,,,,,,,,,,7,,,,,B03,,,1,,2,,,7,7,1,22,,B03,120.647485,24.140086,3
2022,3,8,11,27,臺中市,西屯區,0,1,0,8,1,5,50,14,9,1,5,4,5,7,4,4,9,4,5,2,11,23,3,10,1,1,B12,7,15,6,8,8,2,,23,23,1,22,8,B12,120.620316,24.187766,2
2022,3,8,11,27,臺中市,西屯區,0,2,0,8,1,5,50,14,7,1,5,4,5,7,4,4,9,4,4,2,16,19,2,9,3,4,C03,7,1,1,10,2,11,,19,19,1,22,8,C03,120.664728,24.16877,2
2022,3,8,11,39,臺中市,北區,0,1,0,8,1,5,50,14,9,1,5,4,5,7,4,4,5,4,5,2,13,23,2,9,1,1,C03,7,9,6,10,2,11,,23,23,1,22,8,C03,120.674201,24.146896,2
2022,3,8,11,40,臺中市,北屯區,0,0,0,,,,50,,,,,,,,,,,,,,,16,,,,,B12,,,1,,1,,,16,16,1,22,,B12,120.685548,24.172185,3
2022,3,8,11,40,臺中市,清水區,0,0,0,8,1,5,70,14,7,1,5,4,5,7,1,1,1,2,3,1,29,67,,,,,,,,,,,,,67,67,1,,,,120.551132,24.275872,3
2022,3,8,11,42,臺中市,龍井區,0,0,0,8,,,30,,,,,,,,,,,,,,,6,,,,,C03,,,1,,2,,,6,6,1,21,,C03,120.593964,24.190251,3
2022,3,8,11,47,臺中市,西屯區,0,0,0,8,,,0,,,,,,,,,,,,,,,12,,,,,B03,,,1,,1,,,12,12,1,22,,B03,120.636698,24.155206,3
2022,3,8,11,47,臺中市,沙鹿區,0,0,0,8,,,50,,,,,,,,,,,,,,,6,,,,,B03,,,1,,2,,,6,6,1,22,,B03,120.565136,24.250441,3
2022,3,8,11,53,臺中市,西區,0,2,0,8,1,5,50,14,8,1,5,4,5,7,4,4,5,5,4,2,13,23,2,9,1,1,C03,7,8,1,10,2,11,,23,23,1,5,5,C03,120.664975,24.136698,2
2022,3,8,11,57,臺中市,北區,0,0,0,8,,,30,,,,,,,,,,,,,,,43,,,,,B03,,,1,,11,,,43,43,1,22,,B03,120.676954,24.15988,3
2022,3,8,12,4,臺中市,東區,0,0,0,8,,,50,,,,,,,,,,,,,,,23,,,,,B03,,,1,,2,,,23,23,1,22,,B03,120.692617,24.13336,3
2022,3,8,12,6,臺中市,南屯區,0,0,0,8,,,50,,,,,,,,,,,,,,,42,,,,,C03,,,1,,2,,,42,42,1,22,,C03,120.646755,24.134558,3
2022,3,8,12,10,臺中市,西區,0,1,0,8,1,5,50,14,7,1,5,4,5,7,4,4,5,4,4,1,16,23,2,9,1,1,F01,7,7,8,20,2,16,,23,23,1,21,8,F01,120.669554,24.148531,2
2022,3,8,12,10,臺中市,北區,0,1,0,8,1,5,50,4,1,1,5,4,5,7,1,1,10,5,5,2,16,10,3,10,1,1,B01,7,11,1,4,2,5,,10,10,1,22,8,B01,120.692251,24.161431,2
2022,3,8,12,12,臺中市,大肚區,0,2,0,8,1,5,50,4,1,1,5,4,5,7,4,4,10,5,5,2,15,6,2,9,1,1,C03,7,9,1,10,2,12,,6,6,1,20,7,C03,120.539248,24.156242,2
2022,3,8,12,16,臺中市,北區,0,0,0,8,,,50,,,,,,,,,,,,,,,8,,,,,C03,,,1,,1,,,8,8,1,22,,C03,120.671268,24.173885,3
2022,3,8,12,19,臺中市,豐原區,0,0,0,8,,,50,,,,,,,,,,,,,,,44,,,,,B03,,,1,,2,,,44,44,1,22,,B03,120.723031,24.26409,3
2022,3,8,12,20,臺中市,西屯區,0,1,0,8,1,5,50,14,22,1,5,4,5,7,4,4,10,5,5,2,17,23,3,10,1,1,B03,7,9,1,8,2,1,,23,23,1,21,8,B03,120.649461,24.175301,2
2022,3,8,12,25,臺中市,北區,0,1,0,8,1,5,50,4,1,1,5,4,5,7,1,1,3,5,5,2,13,16,3,10,1,1,C03,7,9,1,10,2,11,,16,16,1,22,8,C03,120.676057,24.159066,2
2022,3,8,12,26,臺中市,太平區,0,1,0,8,1,5,50,4,1,1,5,4,5,7,4,4,10,5,5,2,15,6,2,9,1,1,C03,7,9,1,10,2,11,,6,6,1,4,3,C03,120.716883,24.116824,2
2022,3,8,12,30,臺中市,中區,0,1,0,8,1,5,50,4,2,1,5,4,5,7,4,4,10,4,4,2,16,7,3,10,1,1,B03,7,7,1,8,2,7,,7,7,1,20,8,B03,120.678039,24.140989,2
2022,3,8,12,36,臺中市,南屯區,0,0,0,8,,,50,,,,,,,,,,,,,,,23,,,,,C03,,,1,,2,,,23,23,1,22,,C03,120.652991,24.153033,3
2022,3,8,12,43,臺中市,太平區,0,2,0,8,1,5,50,14,9,1,5,4,5,7,4,4,5,5,5,1,3,52,2,9,4,5,H01,8,16,8,20,11,16,,52,52,1,5,8,H01,120.719454,24.12102,2
2022,3,8,12,47,臺中市,龍井區,0,0,0,8,,,40,,,,,,,,,,,,,,,23,,,,,C03,,,1,,2,,,23,23,1,12,,C03,120.534166,24.220277,3
2022,3,8,13,0,臺中市,南屯區,0,0,0,8,,,50,,,,,,,,,,,,,,,19,,,,,B03,,,1,,1,,,19,19,1,22,,B03,120.607043,24.136893,3
2022,3,8,13,15,臺中市,南屯區,0,0,0,8,,,50,,,,,,,,,,,,,,,17,,,,,B03,,,1,,3,,,17,17,1,4,,B03,120.649886,24.142629,3
2022,3,8,13,23,臺中市,西區,0,2,0,8,1,5,50,4,1,1,5,4,5,7,2,1,10,5,5,2,13,23,2,9,1,1,C03,7,9,1,10,3,11,,23,23,1,5,5,C03,120.657409,24.147776,2
2022,3,8,13,24,臺中市,北區,0,1,0,8,1,5,50,4,1,1,5,4,5,7,1,1,10,5,5,2,13,16,2,3,1,1,B03,7,9,1,8,11,1,,16,16,1,22,8,B03,120.677303,24.151254,2
2022,3,8,13,26,臺中市,東區,0,1,0,8,1,5,50,4,2,1,5,4,5,7,1,1,5,5,5,2,12,3,2,9,1,1,C03,7,9,1,10,2,14,,16,16,1,21,8,C03,120.710567,24.149639,2
2022,3,8,13,29,臺中市,南屯區,0,0,0,,,,50,,,,,,,,,,,,,,,7,,,,,C03,,,1,,1,,,7,7,1,22,,C03,120.608874,24.135685,3
2022,3,8,13,50,臺中市,梧棲區,0,1,0,8,1,5,40,14,9,1,5,4,5,7,4,4,3,3,4,1,16,17,2,7,1,1,C03,7,6,1,10,2,11,,17,17,1,21,8,C03,120.544331,24.247096,2
2022,3,8,13,53,臺中市,太平區,0,0,0,8,,,50,,,,,,,,,,,,,,,18,,,,,B12,,,1,,2,,,18,18,1,21,,B12,120.733796,24.157228,3
2022,3,8,14,24,臺中市,西屯區,0,1,0,8,1,5,40,15,9,1,5,4,5,7,4,4,10,5,1,2,17,43,3,10,1,1,B12,7,9,1,8,1,15,,43,43,1,22,8,B12,120.633024,24.173358,2
2022,3,8,14,37,臺中市,南區,0,2,0,8,1,5,50,14,9,1,5,4,5,7,4,4,5,4,5,2,16,6,2,9,1,1,F01,7,15,8,20,2,16,,6,6,1,22,8,F01,120.662491,24.117123,2
2022,3,8,14,40,臺中市,外埔區,0,0,0,8,,,40,,,,,,,,,,,,,,,23,,,,,A12,,,1,,1,,,23,23,1,10,,A12,120.637397,24.341731,3
2022,3,8,15,0,臺中市,霧峰區,0,3,0,8,1,5,60,5,1,1,5,4,5,7,1,1,10,5,5,2,15,25,2,9,1,1,C03,7,9,1,10,2,12,,25,25,1,22,8,C03,120.69692,24.026596,2
2022,3,8,15,7,臺中市,清水區,0,0,0,8,1,5,30,14,9,1,5,4,5,7,4,4,10,5,5,2,12,17,3,10,1,1,B03,7,9,1,8,2,2,,17,17,1,5,1,B03,120.560044,24.269995,3
2022,3,8,15,13,臺中市,北區,0,0,0,8,,,50,,,,,,,,,,,,,,,43,,,,,C03,,,1,,2,,,43,43,1,5,,C03,120.682323,24.145522,3
2022,3,8,15,13,臺中市,北區,0,1,0,8,1,5,50,14,9,1,5,4,5,7,4,4,1,2,5,2,17,42,2,8,1,1,C03,7,15,1,10,2,11,,42,42,1,5,8,C03,120.682301,24.145542,2
2022,3,8,15,14,臺中市,北屯區,0,0,0,8,1,5,40,14,8,1,5,4,5,7,4,4,8,3,4,2,16,7,,,,,B03,,,1,8,1,6,,7,7,1,21,8,B03,120.663104,24.186004,3
2022,3,8,15,15,臺中市,北區,0,2,0,8,1,5,50,5,1,1,5,4,5,7,1,1,10,5,5,2,16,8,2,9,1,1,C03,7,5,1,10,2,12,,8,8,1,22,8,C03,120.686252,24.15482,2
2022,3,8,15,15,臺中市,梧棲區,0,0,0,8,,,30,,,,,,,,,,,,,,,19,,,,,B03,,,1,,2,,,19,19,1,21,,B03,120.542375,24.246999,3
2022,3,8,15,18,臺中市,烏日區,0,0,0,8,,,50,,,,,,,,,,,,,,,12,,,,,A42,,,1,,2,,,12,12,1,10,,A42,120.610856,24.103588,3
2022,3,8,15,20,臺中市,大里區,0,1,0,8,1,5,60,4,2,1,5,4,5,7,2,1,5,4,4,1,16,26,3,10,3,4,B03,7,6,1,8,2,5,,26,26,1,22,8,B03,120.68827,24.101832,2
2022,3,8,15,33,臺中市,南屯區,0,2,0,8,1,5,50,4,1,1,5,4,5,7,1,1,10,5,5,2,16,6,2,9,1,1,C03,7,5,1,10,2,11,,6,6,1,22,8,C03,120.636716,24.148613,2
2022,3,8,15,33,臺中市,西區,0,0,0,8,,,50,,,,,,,,,,,,,,,26,,,,,B03,,,1,8,1,,,26,26,1,22,,B03,120.66445,24.152687,3
2022,3,8,15,37,臺中市,西屯區,0,0,0,,,,50,,,,,,,,,,,,,,,17,,,,,A02,,,1,,1,,,17,17,1,22,,A02,120.650934,24.157468,3
2022,3,8,15,40,臺中市,西區,0,3,0,8,1,5,50,4,1,1,5,4,5,7,2,1,10,5,5,2,15,25,2,9,1,1,C03,7,9,1,10,2,12,,25,25,1,5,5,C03,120.652997,24.146726,2