年,月,日,時,分,縣市,區,死,受傷,2-30,天候,光線,道路類別,速限,道路型態,事故位置,路面鋪裝,路面狀態,路面缺陷,障礙物,視距,號誌種類,號誌動作,分向設施,快車道或一般車道間,快慢車道間,路面邊線,事故類型及型態,主要肇因,受傷程度,主要傷處,保護裝備,行動電話,當事者區分,車輛用途,當事者行動狀態,駕駛資格情形,駕駛執照種類,飲酒情形,車輛撞擊部位最初,車輛撞擊部位其他,肇事因素個別,肇事因素主要,肇事逃逸,職業,旅次目的,車種,GPS緯度,GPS經度,事故類別
2022,3,8,15,40,臺中市,霧峰區,0,2,0,8,1,5,50,14,9,1,5,4,5,7,4,4,9,4,5,1,16,19,2,9,1,1,C03,7,1,1,10,2,14,,19,19,1,22,8,C03,120.713023,24.075386,2
2022,3,8,15,44,臺中市,南區,0,2,0,8,1,5,40,4,1,1,5,4,5,7,1,1,5,5,4,2,15,25,3,10,1,1,C03,7,9,1,10,2,11,,25,25,1,21,8,C03,120.659333,24.113179,2
2022,3,8,15,47,臺中市,沙鹿區,0,0,0,8,,,40,,,,,,,,,,,,,,,23,,,,,C03,,,1,,2,,,23,23,1,18,,C03,120.581066,24.209324,3
2022,3,8,15,50,臺中市,西屯區,0,0,0,8,,,30,,,,,,,,,,,,,,,12,,,,,B02,,,1,,1,,,12,12,1,22,,B02,120.617118,24.181701,3
2022,3,8,16,0,臺中市,神岡區,0,0,0,8,,,50,,,,,,,,,,,,,,,42,,,,,B12,,,1,,2,,,42,42,1,12,,B12,120.68421,24.242956,3
2022,3,8,16,3,臺中市,西區,0,1,0,8,1,5,50,4,1,1,5,4,5,7,1,1,1,2,4,1,16,9,3,10,1,1,B03,7,6,1,8,2,6,,9,9,1,21,8,B03,120.657258,24.150862,2
2022,3,8,16,8,臺中市,大里區,0,1,0,8,1,5,50,5,1,1,5,4,5,7,1,1,10,5,5,2,16,6,3,10,1,1,B03,7,6,1,8,2,6,,6,6,1,22,8,B03,120.69732,24.084439,2
2022,3,8,16,10,臺中市,大肚區,0,1,0,8,1,5,30,3,9,1,5,4,5,7,4,4,10,5,5,2,16,6,3,10,1,1,C03,7,5,2,18,2,14,,6,6,1,17,8,C03,120.550822,24.147639,2
2022,3,8,16,12,臺中市,梧棲區,0,0,0,8,,,50,,,,,,,,,,,,,,,23,,,,,B03,,,1,,2,,,23,23,1,21,,B03,120.539698,24.257595,3
2022,3,8,16,12,臺中市,北區,0,1,0,8,1,5,40,4,1,1,5,4,5,7,1,1,10,5,5,2,17,8,2,8,1,1,C02,7,5,1,9,2,14,,8,8,1,22,9,C02,120.675996,24.159543,2
2022,3,8,16,20,臺中市,龍井區,0,0,0,,,,30,,,,,,,,,,,,,,,6,,,,,B03,,,1,,2,,,6,6,1,4,,B03,120.523251,24.197188,3
2022,3,8,16,21,臺中市,北區,0,1,0,8,1,5,30,4,1,1,5,4,5,7,4,4,5,5,5,2,15,6,2,8,1,1,C03,7,9,1,10,2,14,,6,6,1,5,8,C03,120.685395,24.152786,2
2022,3,8,16,25,臺中市,西屯區,0,2,0,8,1,5,30,14,9,1,5,4,5,7,4,4,10,5,5,2,12,6,2,9,1,1,C03,7,5,1,10,2,14,,6,6,1,22,8,C03,120.655485,24.162926,2
2022,3,8,16,26,臺中市,西屯區,0,1,0,8,2,5,50,14,7,1,5,4,5,7,4,4,5,5,4,2,13,16,2,9,1,1,C03,7,9,1,10,2,11,,16,16,1,22,8,C03,120.639647,24.174752,2
2022,3,8,16,28,臺中市,南屯區,0,0,0,8,,,50,,,,,,,,,,,,,,,23,,,,,A11,,,1,,2,,,23,23,1,22,,A11,120.609901,24.141683,3
2022,3,8,16,28,臺中市,大里區,0,0,0,8,,,70,,,,,,,,,,,,,,,16,,,,,B12,,,1,,2,,,16,16,1,22,,B12,120.672124,24.103612,3
2022,3,8,16,31,臺中市,西屯區,0,1,0,8,1,5,50,14,9,1,5,4,5,7,4,4,10,4,5,2,12,7,3,10,1,1,C03,7,7,1,10,2,13,,7,7,1,22,8,C03,120.655165,24.197462,2
2022,3,8,16,32,臺中市,北區,0,1,0,8,1,5,50,4,1,1,5,4,5,7,1,1,10,5,5,2,16,6,3,10,1,1,B03,7,6,1,10,2,5,,6,6,1,22,8,B03,120.690635,24.157243,2
2022,3,8,16,38,臺中市,西屯區,0,0,0,8,,,30,,,,,,,,,,,,,,,43,,,,,B03,,,1,,2,,,43,43,1,22,,B03,120.660218,24.198674,3
2022,3,8,16,39,臺中市,中區,0,1,0,8,1,5,50,4,1,1,5,4,5,7,1,1,10,5,5,2,18,23,2,9,1,1,C03,7,9,1,10,2,14,,23,23,1,21,8,C03,120.683794,24.138754,2
2022,3,8,16,42,臺中市,豐原區,0,1,0,8,1,5,40,14,7,1,5,4,5,7,4,4,1,4,4,1,12,7,2,9,1,1,C03,7,7,1,10,2,14,,7,7,1,22,8,C03,120.732236,24.258743,2
2022,3,8,16,42,臺中市,豐原區,0,0,0,8,,,50,,,,,,,,,,,,,,,12,,,,,B03,,,1,,2,,,12,12,1,22,,B03,120.722503,24.275953,3
2022,3,8,16,48,臺中市,烏日區,0,0,0,8,,,60,,,,,,,,,,,,,,,23,,,,,A12,,,1,,2,,,23,23,1,22,,A12,120.657881,24.05788,3
2022,3,8,16,49,臺中市,北區,0,1,0,8,1,5,50,14,9,1,5,4,5,7,4,4,10,5,5,2,17,23,2,9,1,1,C03,7,15,1,10,2,11,,23,23,1,22,9,C03,120.68486,24.152925,2
2022,3,8,16,51,臺中市,南屯區,0,1,0,8,1,5,50,14,9,1,5,4,5,7,4,4,1,4,5,2,13,23,2,9,1,1,C03,7,9,1,10,2,11,,23,23,1,22,8,C03,120.651244,24.140363,2
2022,3,8,16,54,臺中市,烏日區,0,2,0,8,1,5,70,3,1,1,5,4,5,7,2,1,1,5,5,2,15,25,2,9,1,1,C03,7,9,3,18,7,11,14,25,25,1,22,9,C03,120.594131,24.112971,2
2022,3,8,16,55,臺中市,南屯區,0,0,0,8,2,5,50,3,1,1,5,4,5,7,4,4,10,5,5,2,13,23,3,10,1,1,B03,7,9,1,8,2,1,,23,23,1,4,3,B03,120.61112,24.140444,3
2022,3,8,16,58,臺中市,霧峰區,0,1,0,8,1,5,50,4,1,1,5,4,5,7,1,1,9,5,4,1,16,9,3,10,1,1,B12,7,6,1,8,2,2,,9,9,1,22,8,B12,120.678715,24.064615,2
2022,3,8,16,59,臺中市,北區,0,2,0,8,1,5,50,3,2,1,5,4,5,7,4,4,5,5,5,2,16,1,2,9,1,1,C03,7,4,1,10,2,12,,1,1,1,5,8,C03,120.684323,24.157746,2
2022,3,8,17,1,臺中市,烏日區,0,0,0,8,,,50,,,,,,,,,,,,,,,23,,,,,B12,,,1,,2,,,23,23,1,9,,B12,120.610724,24.103583,3
2022,3,8,17,1,臺中市,西屯區,0,0,0,8,,,30,,,,,,,,,,,,,,,12,,,,,B03,,,1,,1,,,12,12,1,22,,B03,120.667094,24.176149,3
2022,3,8,17,2,臺中市,西屯區,0,3,0,8,1,5,40,14,11,1,5,4,5,7,4,4,10,5,5,2,13,16,2,9,1,1,C03,7,9,1,10,2,11,,16,16,1,22,8,C03,120.634088,24.174186,2
2022,3,8,17,5,臺中市,西屯區,0,0,0,8,,,50,,,,,,,,,,,,,,,16,,,,,B03,,,1,,1,,,16,16,1,22,,B03,120.606228,24.169485,3
2022,3,8,17,9,臺中市,東區,0,1,0,8,1,5,50,4,1,1,5,4,5,7,1,1,10,5,5,2,16,6,3,10,1,1,B03,7,5,1,8,2,5,,6,6,1,21,8,B03,120.706001,24.140365,2
2022,3,8,17,10,臺中市,烏日區,0,0,0,8,,,,,,,,,,,,,,,,,,67,,,,,,,,,,,,,67,67,1,,,,120.597709,24.109442,3
2022,3,8,17,14,臺中市,北區,0,0,0,8,,,50,,,,,,,,,,,,,,,12,,,,,B03,,,1,,1,,,12,12,1,22,,B03,120.678329,24.160309,3
2022,3,8,17,15,臺中市,龍井區,0,1,0,8,1,5,50,3,1,1,5,4,5,7,3,1,10,5,5,2,16,23,2,9,3,4,C03,7,9,1,10,2,14,,23,23,1,18,1,C03,120.525883,24.215503,2
2022,3,8,17,16,臺中市,大甲區,0,0,0,8,,,50,,,,,,,,,,,,,,,6,,,,,C03,,,1,,1,,,6,6,1,4,,C03,120.619931,24.347007,3
2022,3,8,17,19,臺中市,北區,0,1,0,8,1,5,50,4,1,1,5,4,5,7,1,1,10,5,5,2,17,25,2,9,1,1,C03,7,5,1,10,2,12,,25,25,1,22,9,C03,120.694863,24.156671,2
2022,3,8,17,21,臺中市,南區,0,0,0,8,1,5,50,11,7,1,5,4,5,7,4,4,8,5,4,2,16,10,3,10,1,1,B12,7,11,1,4,2,7,,10,10,1,21,8,B12,120.652571,24.112054,3
2022,3,8,17,21,臺中市,北區,0,1,0,8,1,5,50,14,9,1,5,4,5,7,1,1,1,2,5,2,12,3,2,8,1,1,C03,7,15,1,10,2,14,,3,3,1,5,8,C03,120.684085,24.149878,2
2022,3,8,17,22,臺中市,霧峰區,0,1,0,8,1,5,50,14,22,1,5,4,5,7,4,4,10,5,5,2,16,6,3,10,1,1,B03,7,6,1,8,2,2,,6,6,1,22,8,B03,120.687578,24.046318,2
2022,3,8,17,23,臺中市,烏日區,0,2,0,8,1,5,40,8,8,1,5,4,5,7,4,4,1,4,3,1,13,23,2,9,1,1,C03,7,9,1,10,2,11,,23,23,1,22,8,C03,120.58229,24.106634,2
2022,3,8,17,28,臺中市,西屯區,0,2,0,8,1,5,50,14,9,1,5,4,5,7,4,4,4,3,5,2,16,23,2,9,1,1,C03,7,9,1,10,2,11,,23,23,1,22,8,C03,120.662199,24.165072,2
2022,3,8,17,29,臺中市,南屯區,0,1,0,8,1,5,50,4,1,1,5,4,5,7,1,1,10,5,5,2,15,25,3,10,1,1,B03,7,9,1,8,2,8,,25,25,1,22,8,B03,120.620854,24.13999,2
2022,3,8,17,30,臺中市,清水區,0,1,0,8,1,5,30,3,1,1,5,4,5,7,3,3,1,4,1,1,16,6,3,10,1,1,A41,7,5,1,1,2,4,,6,6,1,5,5,A41,120.550626,24.293204,2
2022,3,8,17,31,臺中市,北屯區,0,0,0,8,1,7,80,14,9,1,5,4,5,7,4,4,1,3,5,1,13,16,,,,,B03,,,1,8,1,5,,16,16,1,21,8,B03,120.718958,24.163291,3
2022,3,8,17,31,臺中市,神岡區,0,1,0,8,1,5,50,11,9,1,5,4,5,7,4,4,5,5,5,1,17,17,3,10,1,1,B03,7,4,1,8,2,6,,17,17,1,22,8,B03,120.6596,24.263692,2
2022,3,8,17,38,臺中市,南屯區,0,0,0,8,2,5,50,14,9,1,5,4,5,7,4,4,8,4,5,2,12,17,3,10,1,1,A01,7,9,1,2,1,5,,17,17,1,10,4,A01,120.62051,24.1399,3
2022,3,8,17,38,臺中市,南區,0,3,0,8,1,5,50,14,9,1,5,4,5,7,4,4,9,5,5,2,16,11,2,9,1,1,F01,7,11,8,20,2,16,,11,11,1,5,1,F01,120.651778,24.108466,2
2022,3,8,17,39,臺中市,北區,0,2,0,8,1,5,50,3,7,1,5,4,5,7,1,1,1,2,4,2,17,7,2,9,1,1,C03,7,7,2,18,2,13,,7,7,1,22,9,C03,120.688471,24.156753,2
2022,3,8,17,40,臺中市,太平區,0,2,0,8,3,5,50,4,1,1,5,4,5,7,1,1,5,5,5,2,16,6,2,9,1,1,F02,7,5,8,20,2,16,,6,6,1,21,8,F02,120.724086,24.111152,2
2022,3,8,17,43,臺中市,后里區,0,2,0,8,1,5,30,3,1,1,5,4,5,7,4,4,10,5,5,2,11,17,2,9,1,1,C03,7,9,1,10,2,14,,17,17,1,6,8,C03,120.722515,24.313377,2
2022,3,8,17,44,臺中市,后里區,0,1,0,8,1,5,50,3,1,1,5,4,5,7,1,1,10,5,5,2,16,8,3,10,1,1,B03,7,5,3,18,2,8,,8,8,1,7,5,B03,120.716945,24.309861,2
2022,3,8,17,46,臺中市,西屯區,0,0,0,8,,,40,,,,,,,,,,,,,,,23,,,,,B03,,,1,,1,,,23,23,1,22,,B03,120.63098,24.166796,3
2022,3,8,17,50,臺中市,南屯區,0,0,0,,,,50,,,,,,,,,,,,,,,23,,,,,C03,,,1,,11,,,23,23,1,4,,C03,120.61653,24.153576,3
2022,3,8,17,52,臺中市,西屯區,0,0,0,8,,,80,,,,,,,,,,,,,,,16,,,,,B03,,,1,,1,,,16,16,1,22,,B03,120.654986,24.199328,3
2022,3,8,17,55,臺中市,北區,0,0,0,8,,,50,,,,,,,,,,,,,,,23,,,,,C03,,,1,,2,,,23,23,1,22,,C03,120.665047,24.161478,3
2022,3,8,18,0,臺中市,清水區,0,0,0,8,3,5,50,14,7,1,5,4,5,7,1,1,1,2,4,2,16,8,3,10,1,1,F03,7,5,8,20,2,14,,8,8,1,16,2,F03,120.561153,24.267324,3
2022,3,8,18,6,臺中市,西屯區,0,0,0,8,,,30,,,,,,,,,,,,,,,17,,,,,B03,,,1,,2,,,17,17,1,22,,B03,120.642941,24.173256,3
2022,3,8,18,10,臺中市,南區,0,2,0,8,2,5,50,14,8,1,5,4,5,7,4,4,5,4,4,2,9,38,3,10,1,1,A02,7,14,1,2,2,15,,38,38,1,4,8,A02,120.684349,24.127586,2
2022,3,8,18,12,臺中市,東勢區,0,1,0,8,1,5,60,14,7,1,5,4,5,7,1,1,1,4,4,1,13,23,3,10,1,1,B03,7,9,1,8,2,1,,23,23,1,21,8,B03,120.833613,24.24242,2
2022,3,8,18,15,臺中市,后里區,0,0,0,,,,40,,,,,,,,,,,,,,,23,,,,,B03,,,1,,2,,,23,23,1,22,,B03,120.716339,24.307049,3
2022,3,8,18,15,臺中市,南屯區,0,2,0,8,2,5,50,4,1,1,5,4,5,7,2,1,10,5,5,2,16,8,2,7,1,1,C03,7,5,1,10,2,11,14,8,8,1,5,4,C03,120.625997,24.112952,2
2022,3,8,18,15,臺中市,南屯區,0,0,0,8,,,50,,,,,,,,,,,,,,,6,,,,,B12,,,6,,11,,,6,6,1,22,,B12,120.647797,24.142594,3
2022,3,8,18,18,臺中市,西屯區,0,0,0,8,,,50,,,,,,,,,,,,,,,23,,,,,B03,,,1,,1,,,23,23,1,4,,B03,120.63474,24.172179,3
2022,3,8,18,20,臺中市,東區,0,0,0,8,,,50,,,,,,,,,,,,,,,16,,,,,C03,,,3,,2,,,16,16,1,22,,C03,120.692005,24.126295,3
2022,3,8,18,20,臺中市,沙鹿區,0,0,0,8,,,50,,,,,,,,,,,,,,,18,,,,,B12,,,1,,2,,,18,18,1,9,,B12,120.569619,24.225005,3
2022,3,8,18,21,臺中市,北區,0,2,0,8,3,5,40,11,8,1,5,4,5,7,4,4,1,4,5,2,12,7,2,9,1,1,C03,7,8,1,10,2,12,,7,7,1,5,8,C03,120.665126,24.162446,2
2022,3,8,18,21,臺中市,西屯區,0,1,0,8,3,5,50,3,2,1,5,4,5,7,1,1,5,4,5,2,16,7,3,10,3,4,B01,7,7,1,8,2,8,,7,7,1,22,8,B01,120.604011,24.186126,2
2022,3,8,18,23,臺中市,西區,0,0,0,8,,,50,,,,,,,,,,,,,,,17,,,,,B03,,,1,,1,,,17,17,1,21,,B03,120.664299,24.146701,3
2022,3,8,18,29,臺中市,大里區,0,0,0,8,,,80,,,,,,,,,,,,,,,23,,,,,B03,,,1,,2,,,23,23,1,22,,B03,120.68245,24.078973,3
2022,3,8,18,29,臺中市,太平區,0,0,0,8,,,30,,,,,,,,,,,,,,,18,,,,,B03,,,1,,1,,,18,18,1,21,,B03,120.729689,24.127807,3
2022,3,8,18,30,臺中市,大甲區,0,0,0,8,,,50,,,,,,,,,,,,,,,12,,,,,B03,,,1,,2,,,12,12,1,4,,B03,120.624346,24.352505,3
2022,3,8,18,30,臺中市,清水區,0,1,0,8,3,5,60,5,1,1,5,4,5,7,1,1,1,4,4,1,16,25,2,9,1,1,C03,7,9,1,10,2,12,,25,25,1,5,5,C03,120.567418,24.269972,2
2022,3,8,18,32,臺中市,太平區,1,3,0,8,3,5,40,14,9,1,5,4,5,7,4,4,9,5,5,1,10,1,1,9,3,4,B12,7,4,1,8,2,1,,1,1,1,20,5,B12,120.712287,24.106478,1
2022,3,8,18,34,臺中市,西屯區,0,0,0,8,,,80,,,,,,,,,,,,,,,23,,,,,B03,,,1,,1,,,23,23,1,22,,B03,120.634948,24.179291,3
2022,3,8,18,36,臺中市,西屯區,0,0,0,8,,,50,,,,,,,,,,,,,,,42,,,,,B03,,,1,,2,,,42,42,1,22,,B03,120.634715,24.172269,3
2022,3,8,18,37,臺中市,西屯區,0,0,0,8,,,50,,,,,,,,,,,,,,,23,,,,,B03,,,1,,,,,23,23,1,22,,B03,120.645911,24.17563,3
2022,3,8,18,42,臺中市,西屯區,0,1,0,8,3,5,50,14,9,1,5,4,5,7,4,4,5,4,5,2,13,16,2,9,1,1,C03,7,9,1,10,1,11,,16,16,1,4,8,C03,120.639939,24.182247,2
2022,3,8,19,0,臺中市,南區,0,2,0,8,3,5,40,3,2,1,5,4,5,7,4,4,5,5,4,2,17,11,2,9,2,1,F01,7,11,8,20,2,16,,11,11,1,21,8,F01,120.659411,24.125559,2
2022,3,8,19,1,臺中市,大里區,0,0,0,8,,,50,,,,,,,,,,,,,,,16,,,,,B03,,,1,,2,,,16,16,1,22,,B03,120.693578,24.114336,3
2022,3,8,19,1,臺中市,烏日區,0,0,0,8,,,50,,,,,,,,,,,,,,,42,,,,,B12,,,1,,2,,,42,42,1,10,,B12,120.64186,24.10703,3
2022,3,8,19,5,臺中市,太平區,0,0,0,8,,,50,,,,,,,,,,,,,,,26,,,,,C03,,,1,,1,,,26,26,1,21,,C03,120.715165,24.138328,3
2022,3,8,19,20,臺中市,龍井區,0,3,0,8,3,5,40,14,8,1,5,4,5,7,4,4,1,4,4,1,13,23,2,9,3,4,C03,7,9,1,10,2,11,,23,23,1,9,1,C03,120.519656,24.210926,2
2022,3,8,19,27,臺中市,西屯區,0,0,0,8,,,40,,,,,,,,,,,,,,,16,,,,,B03,,,1,,1,,,16,16,1,22,,B03,120.640559,24.167825,3
2022,3,8,19,33,臺中市,太平區,0,0,0,8,,,50,,,,,,,,,,,,,,,23,,,,,B03,,,1,,1,,,23,23,1,21,,B03,120.71526,24.148846,3
2022,3,8,19,39,臺中市,北屯區,0,1,0,8,1,5,50,4,1,1,5,4,5,7,1,1,10,5,5,2,29,23,2,9,1,1,C03,7,9,1,10,2,14,,23,23,1,21,8,C03,120.717411,24.175545,2
2022,3,8,19,40,臺中市,西屯區,0,1,0,8,3,5,50,14,7,1,5,4,5,7,4,4,9,5,4,2,16,10,3,10,3,4,B03,7,11,3,18,2,8,,10,10,1,22,8,B03,120.612263,24.191278,2
2022,3,8,19,41,臺中市,西屯區,0,1,0,8,1,5,50,3,1,1,5,4,5,7,4,4,10,5,5,2,18,23,2,9,1,1,C03,7,9,1,10,2,14,,23,23,1,4,8,C03,120.649005,24.173187,2
2022,3,8,19,42,臺中市,西屯區,0,1,0,8,3,5,50,14,8,1,5,4,5,7,4,4,1,3,4,2,16,7,3,10,1,1,B03,7,8,1,8,2,5,,7,7,1,22,8,B03,120.641981,24.164526,2
2022,3,8,19,44,臺中市,太平區,0,2,0,8,3,5,50,4,1,1,5,4,5,7,1,1,5,5,4,1,16,6,2,9,1,1,C03,7,5,1,10,2,12,,6,6,1,21,8,C03,120.719906,24.156315,2
2022,3,8,19,45,臺中市,太平區,0,0,0,8,,,40,,,,,,,,,,,,,,,42,,,,,B03,,,1,,3,,,42,42,1,4,,B03,120.726461,24.11996,3
2022,3,8,19,54,臺中市,西屯區,0,1,0,8,1,5,40,14,8,1,5,4,5,7,4,4,1,3,1,2,16,7,3,10,1,1,B03,7,8,1,8,1,5,,7,7,1,22,8,B03,120.650295,24.162607,2
2022,3,8,19,59,臺中市,梧棲區,0,0,0,8,,,50,,,,,,,,,,,,,,,23,,,,,F01,,,8,,2,,,23,23,1,12,,F01,120.541646,24.24648,3
2022,3,8,20,0,臺中市,南區,0,0,0,8,,,50,,,,,,,,,,,,,,,12,,,,,C03,,,1,,2,,,12,12,1,4,,C03,120.706358,24.136641,3
2022,3,8,20,3,臺中市,西屯區,0,0,0,8,,,50,,,,,,,,,,,,,,,42,,,,,B03,,,1,,1,,,42,42,1,22,,B03,120.656974,24.192477,3
2022,3,8,20,3,臺中市,西屯區,0,1,0,8,3,5,50,14,7,1,5,4,5,7,4,4,5,4,4,2,13,44,3,10,1,1,C03,7,6,1,10,2,13,,44,44,1,22,8,C03,120.594796,24.18618,2
2022,3,8,20,4,臺中市,西區,0,2,0,8,3,5,50,4,1,1,5,4,5,7,1,1,10,5,5,2,16,6,2,7,1,1,C03,7,7,1,10,2,14,,6,6,1,22,8,C03,120.674195,24.149753,2
2022,3,8,20,5,臺中市,太平區,0,0,0,8,,,50,,,,,,,,,,,,,,,12,,,,,B03,,,1,,1,,,12,12,1,21,,B03,120.711476,24.159566,3
2022,3,8,20,11,臺中市,太平區,0,0,0,8,,,50,,,,,,,,,,,,,,,23,,,,,B03,,,1,,2,,,23,23,1,4,,B03,120.714055,24.145287,3
2022,3,8,20,15,臺中市,大里區,0,2,0,8,3,5,50,14,9,1,5,4,5,7,4,4,5,5,5,2,13,23,2,9,4,5,F01,7,9,8,20,2,16,,29,23,1,22,8,F01,120.70568,24.095803,2
2022,3,8,20,17,臺中市,南屯區,0,1,0,8,3,5,30,14,9,2,5,4,5,7,4,4,10,5,5,2,18,66,,,,,,,,,,,,,66,66,1,,,,120.60947,24.126391,2
2022,3,8,20,25,臺中市,龍井區,0,0,0,8,,,30,,,,,,,,,,,,,,,42,,,,,,,,,,,,,42,42,1,,,,120.584099,24.182465,3
2022,3,8,20,38,臺中市,南區,0,3,0,8,3,5,50,3,18,1,5,4,5,7,3,1,10,5,5,2,3,15,2,9,1,1,C03,7,9,1,10,2,11,,15,15,1,21,8,C03,120.651678,24.114841,2
2022,3,8,20,40,臺中市,西屯區,0,0,0,8,,,40,,,,,,,,,,,,,,,23,,,,,B03,,,1,,1,,,23,23,1,4,,B03,120.62387,24.178666,3
2022,3,8,20,50,臺中市,烏日區,0,0,0,8,,,60,,,,,,,,,,,,,,,23,,,,,B03,,,1,,2,,,23,23,1,10,,B03,120.622223,24.105061,3
2022,3,8,20,55,臺中市,南屯區,0,0,0,8,,,50,,,,,,,,,,,,,,,12,,,,,B03,,,1,,2,,,12,12,1,22,,B03,120.604585,24.134068,3
2022,3,8,21,4,臺中市,東區,0,0,0,8,3,5,50,14,7,1,5,4,5,7,1,1,5,5,4,2,13,21,3,10,1,1,B03,7,9,1,8,6,1,,21,21,1,22,8,B03,120.707158,24.142739,3
2022,3,8,21,4,臺中市,北區,0,1,0,8,3,5,40,15,22,1,5,4,5,7,4,4,10,5,5,2,17,19,3,10,1,1,B03,7,1,1,8,2,4,,19,19,1,22,9,B03,120.672881,24.168061,2
2022,3,8,21,8,臺中市,北區,0,0,0,8,,,40,,,,,,,,,,,,,,,12,,,,,B03,,,1,,1,,,12,12,1,5,,B03,120.68412,24.148323,3
2022,3,8,21,10,臺中市,南屯區,0,0,0,8,,,50,,,,,,,,,,,,,,,16,,,,,B03,,,1,,1,,,16,16,1,22,,B03,120.644722,24.140277,3
2022,3,8,21,14,臺中市,烏日區,0,1,0,8,3,5,50,5,1,1,5,4,5,7,1,1,10,5,5,2,16,26,3,10,1,1,B03,7,5,1,8,2,2,,26,26,1,21,8,B03,120.62734,24.10404,2
2022,3,8,21,14,臺中市,西屯區,0,1,0,8,3,5,50,14,9,1,5,4,5,7,4,4,1,4,5,2,17,42,2,9,1,1,C03,7,9,1,10,2,14,,42,42,1,22,8,C03,120.660165,24.171331,2
2022,3,8,21,17,臺中市,西屯區,0,1,0,8,4,5,50,4,1,1,5,4,5,7,1,1,10,5,5,2,16,25,3,10,1,1,B03,7,9,1,8,2,1,,44,44,1,22,8,B03,120.635143,24.166795,2
2022,3,8,21,19,臺中市,西屯區,0,0,0,8,,,50,,,,,,,,,,,,,,,16,,,,,B03,,,6,,1,,,16,16,1,22,,B03,120.609592,24.191523,3
2022,3,8,21,20,臺中市,西屯區,0,0,0,8,,,30,,,,,,,,,,,,,,,23,,,,,B03,,,1,,11,,,23,23,1,21,,B03,120.644798,24.180667,3
2022,3,8,21,21,臺中市,太平區,0,2,0,8,3,5,50,4,1,1,5,4,5,7,1,1,10,5,5,2,16,4,2,9,1,1,C03,7,5,1,10,2,11,,4,4,1,21,8,C03,120.722033,24.149278,2
2022,3,8,21,25,臺中市,大里區,0,1,0,8,1,5,50,14,7,1,5,4,5,7,4,4,5,4,4,1,3,51,2,8,4,5,H01,8,16,8,20,10,16,,51,51,1,22,8,H01,120.687646,24.105314,2
2022,3,8,21,40,臺中市,西屯區,0,1,0,8,1,5,50,4,1,1,5,4,5,7,1,1,4,3,5,2,16,9,3,10,1,1,B02,7,6,1,8,2,2,,9,9,1,22,8,B02,120.664589,24.166318,2
2022,3,8,21,40,臺中市,沙鹿區,0,0,0,8,,,70,,,,,,,,,,,,,,,10,,,,,B02,,,1,,9,,,10,10,1,9,,B02,120.621054,24.242287,3
2022,3,8,21,53,臺中市,大里區,0,2,0,8,3,5,30,4,1,1,5,4,5,7,4,4,10,5,5,1,15,6,2,9,1,1,C02,7,9,4,10,2,11,,6,6,1,4,8,C02,120.703576,24.092081,2
2022,3,8,22,5,臺中市,太平區,0,1,0,8,1,5,50,5,1,1,5,4,5,7,1,1,10,5,5,2,18,13,2,9,1,1,C03,7,9,1,10,2,14,,13,13,1,21,8,C03,120.731625,24.140248,2
2022,3,8,22,30,臺中市,霧峰區,0,2,0,8,3,5,50,3,1,1,5,4,5,7,4,4,9,5,5,1,16,6,2,9,1,1,C03,7,5,1,10,2,11,,6,6,1,22,8,C03,120.696996,24.064888,2
2022,3,8,22,40,臺中市,南屯區,0,2,0,8,3,5,50,14,7,1,5,4,5,7,4,4,5,4,4,2,12,7,2,9,1,1,C03,7,7,1,10,2,13,,7,7,1,22,9,C03,120.636111,24.146666,2
2022,3,8,22,40,臺中市,大甲區,0,1,0,8,3,5,50,14,9,1,5,4,5,7,4,4,9,5,5,1,17,10,3,10,1,1,B03,7,11,1,8,2,7,,10,10,1,4,8,B03,120.615159,24.347563,2
2022,3,8,22,54,臺中市,北區,0,1,0,8,3,5,50,3,1,1,5,4,5,7,2,1,10,5,5,2,13,23,3,10,1,1,C03,7,9,3,18,2,11,,23,23,1,22,9,C03,120.684085,24.149878,2
2022,3,9,0,29,臺中市,西屯區,0,0,0,8,,,40,,,,,,,,,,,,,,,6,,,,,B03,,,1,,1,,,6,6,1,22,,B03,120.627227,24.15949,3
2022,3,9,2,49,臺中市,北區,0,1,0,8,3,5,50,14,8,1,5,4,5,7,4,4,5,5,4,2,16,9,3,10,1,1,B03,7,6,1,8,2,7,,9,9,1,22,8,B03,120.67597,24.172315,2
2022,3,9,4,37,臺中市,清水區,0,0,0,8,,,50,,,,,,,,,,,,,,,6,,,,,B03,,,1,,2,,,6,6,1,5,,B03,120.575346,24.26868,3
2022,3,9,4,52,臺中市,北區,0,1,0,8,3,5,,14,9,1,5,4,5,7,4,4,10,5,5,2,27,66,,,,,,,,,,,,,66,66,1,,,,120.671246,24.164512,2