年,月,日,時,分,縣市,區,死,受傷,2-30,天候,光線,道路類別,速限,道路型態,事故位置,路面鋪裝,路面狀態,路面缺陷,障礙物,視距,號誌種類,號誌動作,分向設施,快車道或一般車道間,快慢車道間,路面邊線,事故類型及型態,主要肇因,受傷程度,主要傷處,保護裝備,行動電話,當事者區分,車輛用途,當事者行動狀態,駕駛資格情形,駕駛執照種類,飲酒情形,車輛撞擊部位最初,車輛撞擊部位其他,肇事因素個別,肇事因素主要,肇事逃逸,職業,旅次目的,車種,GPS緯度,GPS經度,事故類別
2022,3,10,7,41,臺中市,西屯區,0,1,0,8,1,5,30,14,9,1,5,4,5,7,4,4,10,5,5,2,17,5,2,8,1,1,C03,7,9,1,10,2,11,,5,5,1,1,9,C03,120.641228,24.196587,2
2022,3,10,7,42,臺中市,烏日區,0,1,0,8,1,5,50,4,1,1,5,4,5,7,4,4,10,5,5,2,15,6,2,9,1,1,C04,7,9,1,11,2,12,,6,6,1,21,8,C04,120.624845,24.104857,2
2022,3,10,7,44,臺中市,西區,0,1,0,8,1,5,40,4,2,1,5,4,5,7,1,1,3,4,3,2,12,23,2,9,1,1,C03,7,9,1,10,2,14,,23,23,1,21,8,C03,120.661587,24.155869,2
2022,3,10,7,45,臺中市,北屯區,0,1,0,8,1,5,50,4,1,1,5,4,5,7,1,1,10,5,5,2,16,6,3,10,1,1,B03,7,6,1,8,2,2,,6,6,1,22,8,B03,120.68627,24.185439,2
2022,3,10,7,47,臺中市,梧棲區,0,0,0,,,,50,,,,,,,,,,,,,,,23,,,,,B03,,,1,,2,,,23,23,1,9,,B03,120.524044,24.236348,3
2022,3,10,7,47,臺中市,西屯區,0,1,0,8,1,5,50,3,1,1,5,4,5,7,4,4,10,5,5,2,17,6,3,10,3,4,B12,7,5,1,8,2,1,,6,6,1,22,9,B12,120.621258,24.186953,2
2022,3,10,7,47,臺中市,南屯區,0,1,0,8,1,5,50,4,1,1,5,4,5,7,1,1,10,5,5,2,13,9,3,10,3,4,B03,7,6,1,8,1,3,,44,9,1,22,8,B03,120.635403,24.146888,2
2022,3,10,7,47,臺中市,梧棲區,0,1,0,8,1,5,50,3,2,1,5,4,5,7,4,4,5,5,5,1,16,26,3,10,1,1,A12,7,11,1,3,3,2,,26,26,1,9,1,A12,120.51983,24.236926,2
2022,3,10,7,50,臺中市,清水區,0,0,0,,,,50,,,,,,,,,,,,,,,6,,,,,B03,,,1,,2,,,6,6,1,5,,B03,120.564994,24.277141,3
2022,3,10,7,50,臺中市,外埔區,0,0,0,,,,50,,,,,,,,,,,,,,,42,,,,,A12,,,1,,2,,,42,42,1,21,,A12,120.66536,24.334214,3
2022,3,10,7,54,臺中市,烏日區,0,1,0,8,1,5,40,4,1,1,5,4,5,7,3,1,10,5,5,2,16,6,3,10,1,1,B03,7,5,1,8,2,6,,6,6,1,21,8,B03,120.659858,24.09629,2
2022,3,10,7,55,臺中市,沙鹿區,0,1,0,8,1,5,50,14,9,1,5,4,5,7,1,1,4,3,5,1,12,7,3,10,1,1,B03,7,8,1,8,2,5,,7,7,1,3,8,B03,120.578294,24.221854,2
2022,3,10,7,55,臺中市,外埔區,0,1,0,8,1,5,60,3,1,1,5,4,5,7,1,1,10,5,4,2,12,9,3,10,1,1,B03,7,6,1,8,2,6,,9,9,1,22,8,B03,120.639672,24.341093,2
2022,3,10,7,57,臺中市,南屯區,0,3,0,8,1,5,40,4,1,1,5,4,5,7,4,4,10,5,5,2,16,8,2,8,1,1,C04,7,5,1,10,2,14,,8,8,1,4,8,C04,120.640293,24.117196,2
2022,3,10,7,58,臺中市,北屯區,0,1,0,8,1,5,50,4,1,1,5,4,5,7,1,1,10,5,5,2,16,4,2,9,1,1,C03,7,9,1,10,2,14,11,4,4,1,4,8,C03,120.683918,24.177658,2
2022,3,10,8,0,臺中市,北區,0,2,0,8,1,5,50,14,9,1,5,4,5,7,4,4,9,5,5,2,16,6,2,7,1,1,C03,7,5,1,10,2,11,,6,6,1,21,8,C03,120.687452,24.157511,2
2022,3,10,8,16,臺中市,烏日區,0,0,0,8,1,5,60,8,7,1,5,4,5,7,4,4,10,3,2,1,13,23,,,,,B03,,,1,,,,,23,23,1,5,,B03,120.648149,24.088542,3
2022,3,10,8,19,臺中市,龍井區,0,2,0,8,1,5,40,5,1,1,5,4,5,7,1,1,10,5,5,2,16,6,2,9,1,1,C03,7,5,1,10,2,12,,6,6,1,22,8,C03,120.594241,24.190821,2
2022,3,10,8,20,臺中市,西屯區,0,2,0,8,1,5,40,14,8,1,5,4,5,7,4,4,1,3,1,1,16,16,2,8,1,4,C03,7,9,1,10,9,14,,16,16,1,4,8,C03,120.65471,24.160268,2
2022,3,10,8,20,臺中市,西屯區,0,1,0,8,1,5,50,14,9,1,5,4,5,7,4,4,5,4,5,2,13,16,2,9,1,1,C03,7,9,1,10,2,11,,16,16,1,22,8,C03,120.624312,24.194651,2
2022,3,10,8,21,臺中市,南屯區,0,1,0,8,1,5,50,3,1,1,5,4,5,7,1,1,10,5,5,2,16,6,3,10,1,4,C03,7,6,1,10,2,12,,6,6,1,22,8,C03,120.59481,24.148678,2
2022,3,10,8,28,臺中市,豐原區,0,1,0,8,1,5,50,4,7,1,5,4,5,7,1,1,1,4,4,1,12,6,3,10,1,1,B03,7,6,1,8,2,8,,6,6,1,20,8,B03,120.713199,24.255689,2
2022,3,10,8,36,臺中市,太平區,0,1,0,8,1,5,50,14,8,1,5,4,5,7,4,4,5,5,4,1,16,42,3,10,1,1,B03,7,1,1,8,2,2,,19,42,1,5,8,B03,120.708191,24.15923,2
2022,3,10,8,37,臺中市,南屯區,0,0,0,8,,,50,,,,,,,,,,,,,,,16,,,,,B03,,,1,,1,,,16,16,1,22,,B03,120.649883,24.140265,3
2022,3,10,8,37,臺中市,豐原區,0,2,0,8,1,5,50,4,1,1,5,4,5,7,4,4,10,5,5,2,17,14,2,9,1,1,C03,7,9,1,10,2,14,,14,14,1,22,8,C03,120.724716,24.239595,2
2022,3,10,8,45,臺中市,大雅區,0,0,0,8,,,50,,,,,,,,,,,,,,,16,,,,,B12,,,1,,2,,,16,16,1,22,,B12,120.651335,24.209796,3
2022,3,10,8,48,臺中市,西屯區,0,1,0,8,1,5,30,3,1,1,5,4,5,7,4,4,10,5,5,2,16,6,2,8,1,1,C03,7,5,1,10,1,11,,6,6,1,22,8,C03,120.650283,24.174131,2
2022,3,10,8,51,臺中市,沙鹿區,0,0,0,8,,,40,,,,,,,,,,,,,,,23,,,,,C03,,,1,,2,,,23,23,1,18,,C03,120.569755,24.236483,3
2022,3,10,8,55,臺中市,南區,0,2,0,8,1,5,50,4,1,1,5,4,5,7,4,4,5,5,5,2,15,6,2,9,1,1,C03,7,9,1,10,2,11,,6,6,1,22,8,C03,120.673255,24.127458,2
2022,3,10,8,57,臺中市,神岡區,0,0,0,8,,,50,,,,,,,,,,,,,,,44,,,,,B12,,,1,,2,,,44,44,1,22,,B12,120.694765,24.248261,3
2022,3,10,8,57,臺中市,西屯區,0,1,0,8,1,5,30,4,1,1,5,4,5,7,4,4,10,5,5,2,17,6,2,9,3,4,C03,7,9,1,10,1,14,,6,6,1,22,9,C03,120.644959,24.17544,2
2022,3,10,8,58,臺中市,沙鹿區,0,0,0,8,1,5,50,14,9,1,5,4,5,7,4,4,4,4,5,1,13,23,3,10,3,1,B03,7,9,1,8,6,1,,23,23,1,22,9,B03,120.564877,24.240215,3
2022,3,10,9,5,臺中市,北區,0,0,0,8,,,40,,,,,,,,,,,,,,,12,,,,,C03,,,1,,1,,,12,12,1,22,,C03,120.679162,24.15793,3
2022,3,10,9,9,臺中市,大里區,0,1,0,8,1,5,50,14,9,1,5,4,5,7,4,4,5,5,5,1,17,19,3,10,1,1,B03,7,1,6,18,2,8,,19,19,1,22,8,B03,120.69993,24.10487,2
2022,3,10,9,10,臺中市,西屯區,0,1,0,8,1,5,50,14,9,1,5,4,5,7,4,4,5,4,5,2,12,23,3,10,1,1,C03,7,9,1,10,1,12,,23,23,1,22,8,C03,120.6456,24.179306,2
2022,3,10,9,16,臺中市,北區,0,0,0,,,,50,,,,,,,,,,,,,,,23,,,,,C03,,,1,,2,,,23,23,1,21,,C03,120.681498,24.155827,3
2022,3,10,9,20,臺中市,大甲區,0,1,0,8,1,5,50,14,9,1,5,4,5,7,4,4,5,5,5,1,13,1,3,10,1,1,B03,7,4,1,8,2,5,,1,1,1,5,8,B03,120.620777,24.346844,2
2022,3,10,9,23,臺中市,西區,0,0,0,,,,50,,,,,,,,,,,,,,,17,,,,,B03,,,1,,2,,,17,17,1,5,,B03,120.67659,24.140754,3
2022,3,10,9,32,臺中市,北區,0,1,0,8,1,5,50,4,2,1,5,4,5,7,1,1,10,4,5,2,17,7,2,9,1,1,C03,7,10,1,10,2,13,,7,7,1,22,8,C03,120.675858,24.159215,2
2022,3,10,9,33,臺中市,西區,0,0,0,8,,,50,,,,,,,,,,,,,,,16,,,,,C03,,,1,,2,,,16,16,1,21,,C03,120.670893,24.136215,3
2022,3,10,9,35,臺中市,后里區,0,0,0,8,,,30,,,,,,,,,,,,,,,12,,,,,B03,,,1,,2,,,12,12,1,22,,B03,120.719659,24.3114,3
2022,3,10,9,39,臺中市,北區,0,0,0,,,,30,,,,,,,,,,,,,,,12,,,,,B03,,,1,,2,,,12,12,1,21,,B03,120.669862,24.165743,3
2022,3,10,9,39,臺中市,太平區,0,0,0,8,,,50,,,,,,,,,,,,,,,3,,,,,B12,,,1,,11,,,3,3,1,21,,B12,120.711259,24.134236,3
2022,3,10,9,45,臺中市,南屯區,0,0,0,8,,,50,,,,,,,,,,,,,,,9,,,,,B12,,,1,,2,,,9,9,1,5,,B12,120.64624,24.12951,3
2022,3,10,9,50,臺中市,烏日區,0,0,0,8,,,30,,,,,,,,,,,,,,,12,,,,,A12,,,1,,2,,,12,12,1,22,,A12,120.630824,24.078176,3
2022,3,10,9,52,臺中市,烏日區,0,0,0,8,,,80,,,,,,,,,,,,,,,42,,,,,A41,,,1,,2,,,42,42,1,10,,A41,120.610293,24.098773,3
2022,3,10,9,55,臺中市,梧棲區,0,0,0,8,,,50,,,,,,,,,,,,,,,12,,,,,B02,,,1,,2,,,12,12,1,3,,B02,120.533812,24.261541,3
2022,3,10,9,59,臺中市,西屯區,0,1,0,8,1,5,50,14,9,1,5,4,5,7,4,4,1,4,5,2,17,42,3,10,3,4,B11,7,6,1,1,2,15,,42,42,1,22,9,B11,120.625821,24.181932,2
2022,3,10,10,2,臺中市,潭子區,0,1,0,8,1,5,50,14,7,1,5,4,5,7,4,4,5,4,4,2,17,23,2,9,1,1,C03,7,9,1,10,2,11,,23,23,1,22,8,C03,120.703389,24.211955,2
2022,3,10,10,7,臺中市,北區,0,1,0,8,1,5,50,4,1,1,5,4,5,7,1,1,10,5,5,2,17,6,3,10,1,1,B01,7,5,1,8,2,1,,6,6,1,22,8,B01,120.678313,24.163112,2
2022,3,10,10,7,臺中市,南區,0,2,0,8,1,5,50,3,8,1,5,4,5,7,4,4,10,5,5,2,17,17,3,10,1,1,B12,7,6,1,8,2,2,,17,17,1,22,8,B12,120.68398,24.120404,2
2022,3,10,10,16,臺中市,豐原區,0,1,0,8,1,5,40,14,12,1,5,4,5,7,4,4,1,4,4,1,14,12,3,10,1,1,B12,7,2,1,8,2,7,,12,12,1,22,8,B12,120.714344,24.24452,2
2022,3,10,10,16,臺中市,梧棲區,0,1,0,8,1,5,40,4,1,1,5,4,5,7,1,1,10,5,5,2,15,25,2,9,1,1,C03,7,9,1,10,2,14,,25,25,1,8,8,C03,120.533244,24.243413,2
2022,3,10,10,25,臺中市,西區,0,1,0,8,1,5,40,14,8,1,5,4,5,7,4,4,1,4,4,2,13,23,2,9,1,1,C03,7,9,1,10,2,11,,23,23,1,5,5,C03,120.665617,24.139131,2
2022,3,10,10,27,臺中市,西區,0,1,0,8,1,5,50,14,9,1,5,4,5,7,4,4,5,4,5,2,17,19,3,10,1,1,B03,7,1,1,8,1,8,,19,19,1,5,7,B03,120.661527,24.134053,2
2022,3,10,10,34,臺中市,清水區,0,0,0,8,1,5,50,4,1,1,5,4,5,7,4,4,5,4,4,2,16,6,3,10,1,1,B03,7,9,1,8,2,1,,6,6,1,5,5,B03,120.576943,24.26895,4
2022,3,10,10,39,臺中市,大里區,0,1,0,8,1,5,50,14,9,1,5,4,5,7,1,1,5,4,5,1,17,19,2,8,1,1,C03,7,1,1,10,2,14,,19,19,1,22,8,C03,120.68973,24.10612,2
2022,3,10,10,42,臺中市,烏日區,0,0,0,8,,,50,,,,,,,,,,,,,,,6,,,,,B03,,,1,,2,,,6,6,1,22,,B03,120.647479,24.109992,3
2022,3,10,10,50,臺中市,南屯區,0,0,0,8,,,50,,,,,,,,,,,,,,,42,,,,,A12,,,1,,2,,,42,42,1,22,,A12,120.611694,24.138457,3
2022,3,10,10,56,臺中市,西屯區,0,0,0,8,,,30,,,,,,,,,,,,,,,23,,,,,B03,,,1,,1,,,23,23,1,22,,B03,120.656475,24.168308,3
2022,3,10,11,7,臺中市,梧棲區,0,2,0,8,1,5,30,4,1,1,5,4,5,7,4,4,10,5,5,2,16,6,2,9,1,1,C03,7,5,1,10,2,11,,6,6,1,20,8,C03,120.544371,24.248227,2
2022,3,10,11,10,臺中市,神岡區,0,1,0,8,1,5,50,4,2,1,5,4,5,7,1,1,5,5,5,1,16,6,3,10,3,4,B03,7,6,1,8,2,2,,6,6,1,22,9,B03,120.697015,24.257005,2
2022,3,10,11,10,臺中市,北屯區,0,0,0,8,,,50,,,,,,,,,,,,,,,23,,,,,B02,,,1,,2,,,23,23,1,4,,B02,120.730101,24.177136,3
2022,3,10,11,13,臺中市,西屯區,0,2,0,8,1,5,1,3,1,1,5,4,5,7,1,1,10,5,5,2,3,51,2,8,3,4,H01,8,16,8,20,10,16,,51,51,1,22,8,H01,120.63965,24.168971,2
2022,3,10,11,17,臺中市,南區,0,1,0,8,1,5,50,4,1,1,5,4,5,7,2,1,1,4,4,2,13,9,3,10,1,1,B03,7,6,1,8,2,3,,9,9,1,22,8,B03,120.657586,24.133731,2
2022,3,10,11,20,臺中市,南屯區,0,1,0,8,1,5,50,5,1,1,5,4,5,7,1,1,10,5,5,2,16,7,2,9,1,4,C03,7,7,3,18,2,14,,7,7,1,22,8,C03,120.612379,24.150955,2
2022,3,10,11,20,臺中市,烏日區,0,0,0,8,,,70,,,,,,,,,,,,,,,16,,,,,B03,,,1,,2,,,16,16,1,22,,B03,120.594299,24.112855,3
2022,3,10,11,31,臺中市,南屯區,0,0,0,8,,,50,,,,,,,,,,,,,,,42,,,,,B03,,,1,,1,,,42,42,1,20,,B03,120.6539,24.14012,3
2022,3,10,11,39,臺中市,梧棲區,0,0,0,8,,,50,,,,,,,,,,,,,,,12,,,,,B03,,,1,,2,,,12,12,1,20,,B03,120.532607,24.259581,3
2022,3,10,11,45,臺中市,北區,0,2,0,8,1,5,50,5,1,1,5,4,5,7,1,1,10,5,5,2,16,7,3,10,1,1,C03,7,10,1,10,2,12,,7,7,1,22,8,C03,120.673889,24.17383,2
2022,3,10,11,47,臺中市,梧棲區,0,1,0,8,1,5,50,3,1,1,5,4,5,7,3,1,10,5,5,2,16,6,3,10,1,1,A11,7,5,1,3,2,4,,6,6,1,10,8,A11,120.548371,24.236103,2
2022,3,10,11,53,臺中市,南區,0,1,0,8,1,5,50,14,12,1,5,4,5,7,4,4,5,5,4,2,13,23,2,7,1,1,C03,7,9,1,8,2,11,,23,23,1,22,8,C03,120.664755,24.113623,2
2022,3,10,11,55,臺中市,南屯區,0,0,0,8,,,50,,,,,,,,,,,,,,,16,,,,,B12,,,1,,2,,,16,16,1,22,,B12,120.642355,24.148838,3
2022,3,10,11,56,臺中市,北屯區,0,1,0,8,1,5,50,4,1,1,5,4,5,7,1,1,5,5,5,2,15,25,3,10,1,1,B03,7,9,1,8,2,7,,25,25,1,22,8,B03,120.723436,24.175168,2
2022,3,10,11,58,臺中市,烏日區,0,1,0,8,1,5,70,4,2,1,5,4,5,7,4,4,1,4,4,1,23,22,2,1,3,4,B12,7,9,1,8,11,8,,22,22,1,21,8,B12,120.590198,24.113556,2
2022,3,10,11,59,臺中市,南屯區,0,1,0,8,1,5,50,14,9,1,5,4,5,7,4,4,5,4,5,2,13,23,2,9,1,4,C03,7,9,1,10,2,11,,23,23,1,22,8,C03,120.630923,24.115541,2
2022,3,10,12,0,臺中市,北屯區,0,0,0,8,,,50,,,,,,,,,,,,,,,16,,,,,B12,,,1,,2,,,16,16,1,4,,B12,120.722035,24.176105,3
2022,3,10,12,0,臺中市,南區,0,0,0,8,1,5,30,13,9,1,5,4,5,7,4,4,10,5,5,2,17,42,3,10,1,1,G03,7,15,6,8,7,15,,42,42,1,5,8,G03,120.648173,24.111928,3
2022,3,10,12,7,臺中市,西區,0,0,0,,,,50,,,,,,,,,,,,,,,7,,,,,B12,,,1,,2,,,7,7,1,5,,B12,120.668229,24.130023,3
2022,3,10,12,8,臺中市,北屯區,0,2,0,8,1,5,50,14,9,1,5,4,5,7,4,4,9,5,5,2,13,16,2,9,1,1,C03,7,9,1,10,2,11,,16,16,1,21,8,C03,120.669658,24.174297,2
2022,3,10,12,8,臺中市,北區,0,1,0,8,1,5,50,4,1,1,5,4,5,7,1,1,1,4,4,2,17,25,3,10,4,5,F01,7,9,8,20,2,16,,25,25,1,19,8,F01,120.676172,24.150283,2
2022,3,10,12,10,臺中市,西區,0,0,0,,,,30,,,,,,,,,,,,,,,12,,,,,B03,,,1,,2,,,12,12,1,21,,B03,120.66283,24.150176,3
2022,3,10,12,16,臺中市,豐原區,0,1,0,8,1,5,60,14,9,1,5,4,5,7,4,4,1,4,5,1,16,6,3,10,1,1,B03,7,9,1,8,2,4,8,6,6,1,19,5,B03,120.731514,24.26553,2
2022,3,10,12,26,臺中市,西屯區,0,2,0,8,1,5,50,3,1,1,5,4,5,7,4,4,8,5,5,1,16,16,3,10,1,4,B03,7,9,1,8,2,2,,16,16,1,4,8,B03,120.642768,24.177443,2
2022,3,10,12,30,臺中市,龍井區,0,0,0,8,,,60,,,,,,,,,,,,,,,12,,,,,B12,,,1,,2,,,12,12,1,9,,B12,120.53092,24.194925,3
2022,3,10,12,34,臺中市,南屯區,0,1,0,8,1,5,50,3,1,1,5,4,5,7,4,4,10,5,5,2,16,6,3,10,1,1,B03,7,5,1,8,2,8,,6,6,1,18,8,B03,120.65297,24.14448,2
2022,3,10,12,37,臺中市,西屯區,0,0,0,8,,,30,,,,,,,,,,,,,,,23,,,,,B02,,,1,,1,,,23,23,1,22,,B02,120.646196,24.182978,3
2022,3,10,12,45,臺中市,北區,0,1,0,8,1,5,50,4,1,1,5,4,5,7,4,4,10,5,5,2,15,6,2,9,1,1,C03,7,9,1,10,2,11,,6,6,1,22,8,C03,120.677118,24.17232,2
2022,3,10,12,51,臺中市,西區,0,0,0,8,,,50,,,,,,,,,,,,,,,19,,,,,B03,,,1,,2,,,19,19,1,22,,B03,120.663658,24.135609,3
2022,3,10,13,0,臺中市,南區,0,0,0,8,,,50,,,,,,,,,,,,,,,23,,,,,B03,,,1,,2,,,23,23,1,22,,B03,120.653883,24.122951,3
2022,3,10,13,2,臺中市,豐原區,0,1,0,8,1,5,50,4,1,1,5,4,5,7,1,1,5,2,5,2,16,25,3,10,1,1,C03,7,9,1,10,2,11,,25,25,1,22,8,C03,120.737863,24.255631,2
2022,3,10,13,4,臺中市,北區,0,0,0,,,,50,,,,,,,,,,,,,,,23,,,,,C03,,,1,,1,,,23,23,1,21,,C03,120.68157,24.165514,3
2022,3,10,13,7,臺中市,西區,0,1,0,8,1,5,50,4,1,1,5,4,5,7,4,4,10,5,5,2,15,6,2,9,1,1,C03,7,9,4,8,2,12,,6,6,1,19,7,C03,120.658837,24.149033,2
2022,3,10,13,12,臺中市,中區,0,0,0,8,,,50,,,,,,,,,,,,,,,7,,,,,C03,,,1,,1,,,7,7,1,5,,C03,120.678986,24.142063,3
2022,3,10,13,17,臺中市,南屯區,0,0,0,8,,,50,,,,,,,,,,,,,,,19,,,,,B03,,,1,,1,,,19,19,1,22,,B03,120.638378,24.142115,3
2022,3,10,13,20,臺中市,南屯區,0,0,0,,,,30,,,,,,,,,,,,,,,12,,,,,B03,,,3,,11,,,12,12,2,22,,B03,120.64435,24.137793,3
2022,3,10,13,23,臺中市,東區,0,0,0,8,,,50,,,,,,,,,,,,,,,6,,,,,B12,,,1,,2,,,6,6,1,22,,B12,120.698361,24.133203,3
2022,3,10,13,28,臺中市,北屯區,0,0,0,8,,,50,,,,,,,,,,,,,,,23,,,,,C03,,,1,,1,,,23,23,1,21,,C03,120.664134,24.18574,3
2022,3,10,13,33,臺中市,龍井區,0,0,0,8,,,60,,,,,,,,,,,,,,,23,,,,,B03,,,1,,2,,,23,23,1,9,,B03,120.54053,24.218831,3
2022,3,10,13,34,臺中市,沙鹿區,0,1,0,8,1,5,50,3,1,1,5,4,5,7,4,4,9,5,5,1,17,6,2,9,1,1,C03,7,5,1,10,2,12,,6,6,1,20,8,C03,120.570675,24.246153,2
2022,3,10,13,54,臺中市,南屯區,0,2,0,8,1,5,40,14,8,1,5,4,5,7,4,4,3,4,4,2,17,23,2,9,1,1,C03,7,9,1,10,2,11,,23,23,1,22,8,C03,120.640748,24.152153,2
2022,3,10,13,54,臺中市,龍井區,0,1,0,8,1,5,40,14,8,1,5,4,5,7,4,4,1,4,1,1,18,42,2,8,1,1,C03,7,9,1,10,2,14,,42,42,1,22,8,C03,120.587903,24.18503,2
2022,3,10,13,57,臺中市,南區,0,1,0,8,1,5,50,4,1,1,5,4,5,7,2,1,10,5,5,2,16,26,2,8,3,4,C03,7,5,1,10,2,13,,26,26,1,5,8,C03,120.653916,24.118743,2
2022,3,10,13,59,臺中市,北屯區,0,1,0,8,1,5,50,3,1,1,5,4,5,7,2,1,10,5,5,2,16,26,2,9,1,1,C03,7,5,3,18,2,12,,26,26,1,4,8,C03,120.699433,24.175905,2
2022,3,10,14,0,臺中市,南屯區,0,1,0,8,1,5,40,4,1,1,5,4,5,7,2,1,1,2,1,2,15,25,3,10,1,1,B03,7,9,1,8,2,5,,25,25,1,18,8,B03,120.623141,24.145201,2
2022,3,10,14,11,臺中市,東區,0,0,0,8,,,80,,,,,,,,,,,,,,,7,,,,,A41,,,1,,2,,,7,7,1,22,,A41,120.708419,24.134347,3
2022,3,10,14,20,臺中市,西屯區,0,0,0,8,,,50,,,,,,,,,,,,,,,18,,,,,B11,,,1,,2,,,18,18,1,4,,B11,120.652223,24.167976,3
2022,3,10,14,24,臺中市,南屯區,0,0,0,8,,,50,,,,,,,,,,,,,,,23,,,,,B03,,,1,,1,,,23,23,1,5,,B03,120.64686,24.15493,3
2022,3,10,14,24,臺中市,西屯區,0,1,0,8,1,5,50,14,9,1,5,4,5,7,4,4,5,5,5,2,16,23,2,8,3,4,C03,7,9,1,10,2,12,,23,23,1,22,8,C03,120.615721,24.181831,2
2022,3,10,14,30,臺中市,西區,0,0,0,8,,,50,,,,,,,,,,,,,,,4,,,,,B02,,,3,,2,,,4,4,1,5,,B02,120.672291,24.141604,3
2022,3,10,14,36,臺中市,南屯區,0,1,0,8,1,5,50,14,7,1,5,4,5,7,4,4,5,4,4,2,13,16,2,9,1,1,C03,7,9,1,10,2,11,,16,16,1,22,8,C03,120.613236,24.138718,2
2022,3,10,14,38,臺中市,霧峰區,0,1,0,8,1,5,60,14,22,1,5,4,5,7,4,4,1,4,4,1,17,6,3,10,3,4,A05,7,6,1,2,2,2,,6,6,1,10,8,A05,120.695698,24.063548,2
2022,3,10,14,44,臺中市,中區,0,1,0,8,1,5,50,4,1,1,5,4,5,7,1,1,10,5,5,2,16,6,3,10,1,1,B03,7,11,1,8,2,8,,6,6,1,5,8,B03,120.680272,24.143142,2
2022,3,10,14,53,臺中市,西屯區,0,0,0,8,,,50,,,,,,,,,,,,,,,16,,,,,B03,,,1,,1,,,16,16,1,22,,B03,120.647905,24.163687,3
2022,3,10,15,12,臺中市,西區,0,0,0,,,,50,,,,,,,,,,,,,,,23,,,,,B03,,,1,,,,,23,23,1,21,,B03,120.659716,24.154506,3
2022,3,10,15,23,臺中市,太平區,0,0,0,8,,,80,,,,,,,,,,,,,,,23,,,,,B03,,,1,,1,,,23,23,1,21,,B03,120.708247,24.13351,3
2022,3,10,15,25,臺中市,龍井區,0,0,0,8,,,50,,,,,,,,,,,,,,,16,,,,,B03,,,1,,1,,,16,16,1,22,,B03,120.591784,24.183553,4
2022,3,10,15,35,臺中市,西屯區,0,1,0,8,1,5,40,14,8,1,5,4,5,7,4,4,1,5,3,2,18,23,2,9,1,1,C03,7,9,1,10,2,14,,23,23,1,4,8,C03,120.638017,24.15978,2
2022,3,10,15,35,臺中市,西區,0,2,0,8,1,5,50,4,1,1,5,4,5,7,2,1,10,5,5,2,13,23,2,9,1,1,C03,7,9,1,10,2,11,,23,23,1,5,1,C03,120.660951,24.159175,2
2022,3,10,15,35,臺中市,沙鹿區,0,1,0,8,1,5,50,4,1,1,5,4,5,7,2,1,10,5,5,2,16,23,3,10,1,1,B03,7,6,6,8,2,8,,23,23,1,9,5,B03,120.562456,24.233421,2
2022,3,10,15,45,臺中市,西屯區,0,0,0,8,1,5,50,14,9,1,5,4,5,7,4,4,5,5,5,2,12,7,,,,,A11,,,1,,2,,,7,7,1,22,,A11,120.619244,24.179791,3
2022,3,10,15,55,臺中市,清水區,0,1,0,8,1,5,50,3,1,1,5,4,5,7,3,1,1,4,4,1,16,6,3,10,1,1,B03,7,5,1,10,2,4,,6,6,1,22,8,B03,120.573368,24.275254,2
2022,3,10,15,58,臺中市,北屯區,0,0,0,8,,,50,,,,,,,,,,,,,,,17,,,,,B03,,,1,8,1,,,17,17,1,21,,B03,120.702339,24.169839,3
2022,3,10,16,0,臺中市,北屯區,0,0,0,8,,,50,,,,,,,,,,,,,,,23,,,,,B03,,,1,,2,,,23,23,1,21,,B03,120.690525,24.164863,3
2022,3,10,16,1,臺中市,霧峰區,0,1,0,8,1,5,50,3,2,1,5,4,5,7,4,4,5,5,5,1,11,4,2,7,1,1,C03,7,9,1,10,2,14,,4,4,1,21,9,C03,120.697673,24.065299,2
2022,3,10,16,5,臺中市,烏日區,0,0,0,8,,,50,,,,,,,,,,,,,,,23,,,,,B12,,,1,,2,,,23,23,1,22,,B12,120.627232,24.100038,3
2022,3,10,16,7,臺中市,北屯區,0,2,0,8,1,5,50,4,1,1,5,4,5,7,1,1,10,5,5,2,15,25,2,9,1,1,C03,7,9,1,10,2,15,,25,25,1,21,8,C03,120.680523,24.196818,2
2022,3,10,16,7,臺中市,北屯區,0,1,0,8,1,5,50,14,9,1,5,4,5,7,4,4,8,3,5,2,16,19,2,9,1,1,C03,7,9,1,10,2,11,,44,19,1,21,8,C03,120.731661,24.167506,2
2022,3,10,16,10,臺中市,南屯區,0,1,0,8,1,5,50,4,1,1,5,4,5,7,3,1,10,5,5,2,15,6,3,10,1,1,B03,7,9,3,18,2,2,,6,6,1,22,9,B03,120.640277,24.141111,2
2022,3,10,16,17,臺中市,北區,0,1,0,8,1,5,50,4,1,1,5,4,5,7,1,1,10,5,5,2,13,16,2,9,1,1,C03,7,9,1,10,2,11,,16,16,1,22,9,C03,120.685169,24.166985,2
2022,3,10,16,17,臺中市,南屯區,0,1,0,8,1,5,50,14,9,1,5,4,5,7,4,4,5,4,5,2,17,26,3,10,1,1,C03,7,11,1,10,2,15,,26,26,1,5,8,C03,120.641206,24.14686,2