年,月,日,時,分,縣市,區,死,受傷,2-30,天候,光線,道路類別,速限,道路型態,事故位置,路面鋪裝,路面狀態,路面缺陷,障礙物,視距,號誌種類,號誌動作,分向設施,快車道或一般車道間,快慢車道間,路面邊線,事故類型及型態,主要肇因,受傷程度,主要傷處,保護裝備,行動電話,當事者區分,車輛用途,當事者行動狀態,駕駛資格情形,駕駛執照種類,飲酒情形,車輛撞擊部位最初,車輛撞擊部位其他,肇事因素個別,肇事因素主要,肇事逃逸,職業,旅次目的,車種,GPS緯度,GPS經度,事故類別
2022,3,10,16,20,臺中市,西屯區,0,2,0,8,1,5,40,14,20,4,5,4,5,7,4,4,1,5,3,2,16,26,2,9,1,1,C03,7,9,1,10,2,14,,26,26,1,4,8,C03,120.60516,24.183187,2
2022,3,10,16,22,臺中市,西屯區,0,0,0,8,,,50,,,,,,,,,,,,,,,7,,,,,B03,,,1,,2,,,7,7,1,22,,B03,120.664601,24.177721,3
2022,3,10,16,37,臺中市,后里區,0,1,0,8,1,5,30,11,9,1,5,4,5,7,4,4,10,5,5,1,11,5,3,10,1,1,B03,7,9,1,8,2,8,,5,5,1,21,8,B03,120.709488,24.292618,2
2022,3,10,16,37,臺中市,南區,0,0,0,,,,50,,,,,,,,,,,,,,,23,,,,,B03,,,1,,2,,,23,23,1,22,,B03,120.662627,24.12703,3
2022,3,10,16,40,臺中市,西屯區,0,2,0,8,1,5,50,4,1,1,5,4,5,7,4,4,4,3,4,2,16,23,2,9,1,1,C03,7,9,1,10,1,11,,23,23,1,22,8,C03,120.650267,24.157992,2
2022,3,10,16,42,臺中市,南區,0,0,0,8,,,40,,,,,,,,,,,,,,,19,,,,,B03,,,1,,2,,,19,19,1,22,,B03,120.653095,24.121681,3
2022,3,10,16,45,臺中市,大雅區,0,0,0,8,,,50,,,,,,,,,,,,,,,26,,,,,B03,,,1,,2,,,26,26,1,22,,B03,120.612739,24.235915,3
2022,3,10,16,48,臺中市,石岡區,0,0,0,8,,,60,,,,,,,,,,,,,,,16,,,,,A12,,,1,,2,,,16,16,1,22,,A12,120.81691,24.260321,3
2022,3,10,16,48,臺中市,北區,0,0,0,8,,,40,,,,,,,,,,,,,,,23,,,,,B03,,,1,,2,,,23,23,1,5,,B03,120.674119,24.163778,3
2022,3,10,16,50,臺中市,南屯區,0,0,0,8,,,40,,,,,,,,,,,,,,,17,,,,,B03,,,1,,11,,,17,17,2,22,,B03,120.624948,24.152128,3
2022,3,10,16,50,臺中市,石岡區,0,0,0,8,,,50,,,,,,,,,,,,,,,6,,,,,C03,,,1,,2,,,6,6,1,21,,C03,120.815901,24.259406,3
2022,3,10,16,52,臺中市,西屯區,0,3,0,8,1,5,40,14,8,1,5,4,5,7,4,4,3,5,3,2,16,23,2,9,1,1,C03,7,9,1,10,2,12,,23,23,1,4,8,C03,120.60491,24.183445,2
2022,3,10,16,54,臺中市,豐原區,0,2,0,8,1,5,50,14,7,1,5,4,5,7,4,4,5,4,4,2,17,23,2,9,1,1,B03,7,9,1,8,2,8,,23,23,1,22,8,B03,120.702415,24.232986,2
2022,3,10,16,54,臺中市,大里區,0,0,0,8,,,30,,,,,,,,,,,,,,,12,,,,,A11,,,1,,11,,,12,12,1,10,,A11,120.692733,24.111988,3
2022,3,10,16,55,臺中市,東區,0,1,0,8,1,5,40,14,9,1,5,4,5,7,4,4,10,5,5,2,16,41,2,9,1,2,C03,7,9,1,10,2,11,,41,41,1,22,8,C03,120.695647,24.129594,2
2022,3,10,16,58,臺中市,南區,0,1,0,8,1,5,50,4,1,1,5,4,5,7,1,1,10,5,5,2,17,25,3,10,1,1,C03,7,5,1,10,2,14,,25,25,1,22,8,C03,120.651968,24.114733,2
2022,3,10,16,58,臺中市,大甲區,0,1,0,8,1,5,50,14,9,1,5,4,5,7,4,4,5,5,5,1,17,12,3,10,1,1,B03,7,2,1,8,2,6,,12,12,1,22,9,B03,120.618734,24.346257,2
2022,3,10,17,0,臺中市,北屯區,0,0,0,8,,,50,,,,,,,,,,,,,,,16,,,,,B03,,,1,,2,,,16,16,1,21,,B03,120.704621,24.169675,3
2022,3,10,17,2,臺中市,大肚區,0,1,0,8,1,5,50,14,9,1,5,4,5,7,4,4,5,5,5,1,16,26,2,7,1,1,C03,7,11,1,10,2,12,,26,26,1,21,8,C03,120.56755,24.12344,2
2022,3,10,17,7,臺中市,南區,0,0,0,,,,50,,,,,,,,,,,,,,,7,,,,,B03,,,1,,2,,,23,23,1,22,,B03,120.682392,24.135461,3
2022,3,10,17,9,臺中市,大甲區,0,1,0,8,1,5,50,3,2,1,5,4,5,7,1,1,10,5,5,2,16,5,2,9,1,1,C03,7,6,1,10,2,14,,5,5,1,22,9,C03,120.631796,24.340315,2
2022,3,10,17,10,臺中市,霧峰區,0,2,0,8,1,5,30,11,9,1,5,4,5,7,4,4,10,5,5,2,11,5,2,9,1,1,C03,7,9,1,10,2,11,,5,5,1,22,8,C03,120.706876,24.072678,2
2022,3,10,17,10,臺中市,南屯區,0,0,0,8,,,50,,,,,,,,,,,,,,,23,,,,,B03,,,1,,2,,,23,23,1,4,,B03,120.651936,24.138313,3
2022,3,10,17,12,臺中市,西屯區,0,1,0,8,1,5,50,14,7,1,5,4,5,7,4,4,5,5,4,2,16,7,2,9,1,1,C03,7,7,1,10,2,14,,7,7,1,4,8,C03,120.608352,24.168647,2
2022,3,10,17,16,臺中市,北屯區,0,0,0,6,,,40,,,,,,,,,,,,,,,6,,,,,B03,,,1,,2,8,,6,6,1,21,,B03,120.662573,24.196935,3
2022,3,10,17,17,臺中市,大甲區,0,0,0,8,,,30,,,,,,,,,,,,,,,8,,,,,A02,,,1,,2,,,8,8,1,10,,A02,120.638555,24.409248,3
2022,3,10,17,17,臺中市,西屯區,0,0,0,8,,,40,,,,,,,,,,,,,,,16,,,,,C03,,,1,,1,,,16,16,1,22,,C03,120.641071,24.167903,3
2022,3,10,17,18,臺中市,北區,0,1,0,8,1,5,50,4,2,1,5,4,5,7,2,1,3,2,3,1,16,9,3,10,3,4,B03,7,6,1,8,2,2,,9,9,1,22,9,B03,120.685009,24.161559,2
2022,3,10,17,20,臺中市,清水區,0,0,0,8,,,90,,,,,,,,,,,,,,,16,,,,,A12,,,1,,2,,,16,16,1,21,,A12,120.547767,24.276674,3
2022,3,10,17,22,臺中市,北區,0,1,0,8,1,5,30,14,9,1,5,4,5,7,4,4,10,5,5,2,17,12,3,10,1,1,B12,7,2,1,8,2,15,,12,12,1,3,8,B12,120.687485,24.165339,2
2022,3,10,17,22,臺中市,北區,0,0,0,8,,,50,,,,,,,,,,,,,,,7,,,,,A02,,,1,,2,,,7,7,1,22,,A02,120.685728,24.141426,3
2022,3,10,17,23,臺中市,烏日區,0,2,0,8,1,5,40,14,8,1,5,4,5,7,4,4,1,4,3,2,13,23,2,9,1,1,C03,7,9,1,10,2,11,,23,23,1,21,8,C03,120.614825,24.102966,2
2022,3,10,17,24,臺中市,霧峰區,0,1,0,8,1,5,50,3,1,1,5,4,5,7,1,1,10,5,5,2,12,23,2,9,1,1,C03,7,9,1,10,2,14,,23,23,1,16,9,C03,120.699959,24.075669,2
2022,3,10,17,27,臺中市,大里區,0,1,0,8,1,5,50,14,8,1,5,4,5,7,4,4,3,4,4,1,18,42,2,9,1,1,C03,7,9,1,10,2,14,,42,42,1,22,8,C03,120.690199,24.122286,2
2022,3,10,17,30,臺中市,大里區,0,1,0,8,1,5,40,14,8,1,5,4,5,7,4,4,1,5,4,1,17,42,3,10,1,1,B12,7,14,1,8,2,3,,42,42,1,22,8,B12,120.668436,24.099095,2
2022,3,10,17,35,臺中市,大里區,0,1,0,8,1,5,50,14,7,1,5,4,5,7,1,1,3,2,4,1,13,16,2,7,1,1,C03,7,9,1,10,2,11,,16,16,1,22,8,C03,120.680645,24.104691,2
2022,3,10,17,35,臺中市,西屯區,0,1,0,8,1,5,50,4,1,1,5,4,5,7,2,1,1,4,1,2,16,43,3,10,3,4,B02,7,5,1,8,2,2,,43,43,1,22,8,B02,120.650251,24.163453,2
2022,3,10,17,35,臺中市,烏日區,0,0,0,8,,,50,,,,,,,,,,,,,,,23,,,,,B03,,,1,,2,,,23,23,1,21,,B03,120.601233,24.107241,3
2022,3,10,17,35,臺中市,神岡區,0,0,0,8,,,50,,,,,,,,,,,,,,,23,,,,,B03,,,1,,1,,,23,23,1,22,,B03,120.696187,24.248409,3
2022,3,10,17,35,臺中市,西屯區,0,0,0,8,,,40,,,,,,,,,,,,,,,23,,,,,B03,,,1,,1,,,23,23,1,22,,B03,120.639698,24.159316,3
2022,3,10,17,38,臺中市,西屯區,0,0,0,8,,,50,,,,,,,,,,,,,,,7,,,,,B03,,,1,,2,,,7,7,1,22,,B03,120.633763,24.17295,3
2022,3,10,17,42,臺中市,西屯區,0,0,0,8,,,60,,,,,,,,,,,,,,,17,,,,,A02,,,1,,2,,,17,17,1,22,,A02,120.638775,24.158548,3
2022,3,10,17,44,臺中市,西區,0,0,0,8,,,50,,,,,,,,,,,,,,,26,,,,,B12,,,1,,1,,,26,26,1,5,,B12,120.670166,24.14319,3
2022,3,10,17,47,臺中市,后里區,0,1,0,8,1,5,50,5,1,1,5,4,5,7,1,1,4,5,4,1,16,6,3,10,1,1,B03,7,6,1,8,2,2,,6,6,1,21,8,B03,120.709906,24.311206,2
2022,3,10,17,50,臺中市,南區,0,1,0,8,1,5,50,14,9,1,5,4,5,7,4,4,1,4,5,2,17,7,3,10,1,1,C03,7,8,1,10,2,12,,7,7,1,21,8,C03,120.669956,24.121271,2
2022,3,10,17,50,臺中市,北屯區,0,0,0,8,,,80,,,,,,,,,,,,,,,16,,,,,B03,,,1,,1,,,16,16,1,21,,B03,120.721581,24.182335,3
2022,3,10,17,51,臺中市,霧峰區,0,1,0,8,2,5,50,4,1,1,5,4,5,7,1,1,10,5,5,2,17,16,2,9,1,1,C03,7,9,1,10,2,15,,16,16,1,21,9,C03,120.707635,24.076537,2
2022,3,10,17,52,臺中市,東區,0,1,0,8,2,5,50,4,1,1,5,4,5,7,2,1,10,5,5,2,12,25,2,9,1,1,C03,7,9,1,10,2,12,,25,25,1,22,8,C03,120.709269,24.135319,2
2022,3,10,17,54,臺中市,南屯區,0,1,0,8,3,5,40,4,8,1,5,4,5,7,2,1,1,4,1,2,13,16,3,10,1,1,B03,7,6,1,8,2,8,,16,16,1,5,8,B03,120.633307,24.124115,2
2022,3,10,17,59,臺中市,東區,0,0,0,8,,,50,,,,,,,,,,,,,,,43,,,,,C03,,,1,,2,,,43,43,1,22,,C03,120.710915,24.144495,3
2022,3,10,18,2,臺中市,烏日區,0,2,0,7,1,5,30,4,1,1,5,4,5,7,4,4,5,5,5,1,16,6,2,9,1,1,C03,7,9,1,10,2,12,14,6,6,1,22,8,C03,120.624485,24.103682,2
2022,3,10,18,5,臺中市,南屯區,0,1,0,8,2,5,50,14,7,1,5,4,5,7,4,4,5,5,4,2,16,26,3,10,1,1,B12,7,11,1,8,2,8,,26,26,1,9,8,B12,120.635413,24.132398,2
2022,3,10,18,7,臺中市,南區,0,1,0,8,1,5,50,4,1,1,5,4,5,7,1,1,10,5,5,2,16,44,3,10,1,1,B03,7,5,1,8,2,6,,44,44,1,22,8,B03,120.667655,24.127883,2
2022,3,10,18,12,臺中市,中區,0,1,0,8,3,5,50,14,9,1,5,4,5,7,4,4,5,4,5,2,13,23,2,9,1,1,C03,7,9,1,10,1,11,,23,23,1,21,8,C03,120.678858,24.142908,2
2022,3,10,18,14,臺中市,東區,0,2,0,8,3,5,50,4,1,1,5,4,5,7,1,1,10,5,5,2,16,6,2,9,1,1,C03,7,6,1,10,2,12,,6,6,1,22,8,C03,120.692396,24.139421,2
2022,3,10,18,20,臺中市,西屯區,0,0,0,,,,30,,,,,,,,,,,,,,,23,,,,,B12,,,1,,1,,,23,23,1,22,,B12,120.643684,24.175077,3
2022,3,10,18,25,臺中市,南區,0,2,0,8,3,5,50,14,7,1,5,4,5,7,4,4,9,5,4,2,3,51,2,8,4,5,H01,8,18,8,20,10,16,,51,51,1,16,8,H01,120.683301,24.126282,2
2022,3,10,18,27,臺中市,太平區,0,0,0,8,,,40,,,,,,,,,,,,,,,12,,,,,B12,,,1,,2,,,12,12,1,22,,B12,120.731388,24.150277,3
2022,3,10,18,28,臺中市,西屯區,0,0,0,8,,,40,,,,,,,,,,,,,,,43,,,,,B03,,,1,,1,,,43,43,1,4,,B03,120.640235,24.169726,3
2022,3,10,18,28,臺中市,西區,0,0,0,8,,,40,,,,,,,,,,,,,,,7,,,,,B03,,,1,8,1,,,7,7,1,5,,B03,120.663182,24.156542,3
2022,3,10,18,30,臺中市,大肚區,0,1,0,8,3,5,70,14,8,1,5,4,5,7,4,4,1,4,4,1,16,6,2,6,1,1,C03,7,9,1,10,2,14,,44,6,1,4,1,C03,120.573556,24.11969,2
2022,3,10,18,43,臺中市,北區,0,1,0,8,1,5,50,11,9,1,5,4,5,7,4,4,3,2,3,1,17,43,3,10,3,4,B03,7,9,3,18,2,15,,43,43,1,22,9,B03,120.677124,24.15462,2
2022,3,10,18,45,臺中市,龍井區,0,0,0,8,,,70,,,,,,,,,,,,,,,16,,,,,B03,,,1,,2,,,16,16,1,22,,B03,120.583145,24.187357,3
2022,3,10,18,48,臺中市,太平區,0,0,0,8,,,40,,,,,,,,,,,,,,,23,,,,,C03,,,1,,2,,,23,23,1,16,,C03,120.714726,24.149078,3
2022,3,10,18,53,臺中市,南區,0,0,0,8,,,50,,,,,,,,,,,,,,,23,,,,,B03,,,1,,1,,,23,23,1,22,,B03,120.65726,24.112671,3
2022,3,10,19,0,臺中市,南屯區,0,0,0,8,,,50,,,,,,,,,,,,,,,16,,,,,B03,,,1,,2,,,16,16,1,22,,B03,120.646944,24.154444,3
2022,3,10,19,0,臺中市,東區,0,0,0,,,,30,,,,,,,,,,,,,,,17,,,,,B03,,,1,,2,,,17,17,1,22,,B03,120.667075,24.127727,3
2022,3,10,19,10,臺中市,沙鹿區,0,1,0,8,3,5,50,4,1,1,5,4,5,7,4,4,10,5,5,2,16,8,3,10,1,1,B03,7,5,1,8,2,8,,8,8,1,3,5,B03,120.562707,24.24322,2
2022,3,10,19,14,臺中市,北區,0,1,0,8,3,5,50,14,7,1,5,4,5,7,4,4,5,4,5,2,3,51,3,10,1,1,B01,7,9,1,3,2,1,,23,51,1,10,8,B01,120.676999,24.167158,2
2022,3,10,19,23,臺中市,西區,0,0,0,8,,,50,,,,,,,,,,,,,,,23,,,,,C03,,,1,,1,,,23,23,1,21,,C03,120.657258,24.150862,3
2022,3,10,19,24,臺中市,大里區,0,0,0,8,,,50,,,,,,,,,,,,,,,6,,,,,B03,,,1,,2,,,44,44,1,22,,B03,120.690799,24.107796,3
2022,3,10,19,30,臺中市,西屯區,0,0,0,8,,,30,,,,,,,,,,,,,,,12,,,,,B03,,,1,,1,,,12,12,1,22,,B03,120.638015,24.17493,3
2022,3,10,19,35,臺中市,沙鹿區,0,1,0,8,3,5,40,14,8,1,5,4,5,7,4,4,1,2,4,1,12,23,2,9,1,1,C03,7,9,1,10,2,12,,23,23,1,5,4,C03,120.580833,24.203055,2
2022,3,10,19,39,臺中市,太平區,0,4,0,8,3,5,40,14,9,1,5,4,5,7,4,4,5,5,5,2,16,26,2,9,4,5,F01,7,15,8,20,11,16,,26,26,1,20,5,F01,120.704142,24.123264,2
2022,3,10,20,3,臺中市,北區,0,0,0,,,,50,,,,,,,,,,,,,,,9,,,,,B03,,,1,,2,,,23,23,1,22,,B03,120.680503,24.159015,3
2022,3,10,20,5,臺中市,南屯區,0,2,0,8,3,5,50,14,7,1,5,4,5,7,4,4,5,5,4,2,16,10,2,9,1,1,C03,7,11,1,10,2,14,,10,10,1,20,8,C03,120.647738,24.145288,2
2022,3,10,20,22,臺中市,北區,0,0,0,8,,,50,,,,,,,,,,,,,,,6,,,,,B03,,,1,,2,,,6,6,1,22,,B03,120.691241,24.155723,3
2022,3,10,20,28,臺中市,西屯區,0,1,0,8,3,5,50,14,9,1,5,4,5,7,4,4,5,4,5,2,13,23,2,9,1,1,C03,7,9,1,10,2,11,,23,23,1,22,5,C03,120.60652,24.194148,2
2022,3,10,20,32,臺中市,西屯區,0,4,0,8,3,5,40,14,8,1,5,4,5,7,4,4,1,5,3,2,13,23,2,9,1,1,C03,7,9,1,10,2,11,,23,23,1,4,8,C03,120.611755,24.184331,2
2022,3,10,20,49,臺中市,神岡區,0,0,0,8,,,50,,,,,,,,,,,,,,,23,,,,,B03,,,1,,1,,,23,23,1,22,,B03,120.664566,24.274202,3
2022,3,10,20,52,臺中市,西屯區,0,1,0,8,1,5,40,4,1,1,5,4,5,7,1,1,1,3,1,2,16,23,2,9,1,1,C03,7,9,1,10,2,11,,23,23,1,22,8,C03,120.643474,24.164767,2
2022,3,10,21,6,臺中市,南屯區,0,1,0,8,3,5,50,4,1,1,5,4,5,7,4,4,10,5,5,2,15,6,2,9,1,1,C03,7,9,1,10,2,11,,6,6,1,22,8,C03,120.613969,24.150324,2
2022,3,10,21,26,臺中市,清水區,0,0,0,8,,,30,,,,,,,,,,,,,,,12,,,,,B03,,,1,,2,,,12,12,1,20,,B03,120.575875,24.268346,3
2022,3,10,21,30,臺中市,北區,0,0,0,,,,40,,,,,,,,,,,,,,,43,,,,,C03,,,1,,11,,,43,43,1,22,,C03,120.679223,24.157666,3
2022,3,10,21,32,臺中市,北屯區,0,2,0,8,3,5,50,4,1,1,5,4,5,7,1,1,10,5,5,2,15,25,2,9,1,1,B03,7,9,1,8,2,1,,25,25,1,21,8,B03,120.671478,24.17364,2
2022,3,10,21,34,臺中市,南屯區,0,1,0,8,3,5,50,4,1,1,5,4,5,7,2,1,10,5,5,2,16,6,3,10,1,1,B03,7,6,1,8,2,6,,6,6,1,22,8,B03,120.653109,24.133304,2
2022,3,10,21,42,臺中市,南屯區,0,2,0,8,3,5,50,5,1,1,5,4,5,7,2,1,10,5,5,2,12,7,2,9,1,1,C03,7,8,1,10,2,12,,7,7,1,22,8,C03,120.637771,24.142417,2
2022,3,10,21,44,臺中市,北區,0,3,0,8,3,5,40,14,8,1,5,4,5,7,1,1,1,4,4,2,17,26,2,9,1,1,C03,7,9,4,8,2,11,,26,26,1,20,8,C03,120.681159,24.162955,2
2022,3,10,21,44,臺中市,南區,0,1,0,8,3,5,50,4,1,1,5,4,5,7,3,1,5,4,4,2,16,6,2,8,1,1,C03,7,5,1,10,2,14,,6,6,1,22,8,C03,120.677629,24.132239,2
2022,3,10,21,44,臺中市,大里區,0,1,0,8,3,5,50,14,7,1,5,4,5,7,1,1,3,4,4,1,12,8,2,8,1,1,C03,7,5,1,10,2,11,,8,8,1,22,8,C03,120.689226,24.11998,2
2022,3,10,21,50,臺中市,西屯區,0,0,0,8,,,30,,,,,,,,,,,,,,,23,,,,,B03,,,1,,1,,,23,23,1,22,,B03,120.615946,24.182604,3
2022,3,10,21,56,臺中市,中區,0,2,0,8,3,5,30,4,1,1,5,4,5,7,4,4,10,5,5,2,15,6,2,9,3,4,C03,7,9,1,10,2,11,,6,6,1,21,8,C03,120.680771,24.137902,2
2022,3,10,22,0,臺中市,東區,0,1,0,8,3,5,30,4,1,1,5,4,5,7,4,4,10,5,5,2,15,6,2,9,1,1,C03,7,9,1,10,2,12,,6,6,1,22,8,C03,120.695559,24.144019,2
2022,3,10,22,5,臺中市,西屯區,0,2,0,8,3,5,40,14,8,1,5,4,5,7,4,4,5,4,4,2,10,26,2,9,1,1,C03,7,9,3,18,2,11,,26,26,1,22,8,C03,120.64632,24.172906,2
2022,3,10,22,11,臺中市,中區,0,1,0,8,3,5,50,4,1,1,5,4,5,7,1,1,10,5,5,2,13,16,2,9,1,1,C03,7,9,1,10,2,11,,16,16,1,5,8,C03,120.674312,24.14279,2
2022,3,10,22,18,臺中市,南屯區,0,1,0,8,3,5,50,4,1,1,5,4,5,7,2,1,10,5,5,2,12,7,3,10,1,1,C03,7,8,1,10,2,12,,7,7,1,22,8,C03,120.653017,24.140121,2
2022,3,10,22,26,臺中市,西區,0,0,0,8,,,50,,,,,,,,,,,,,,,16,,,,,B03,,,1,,1,,,16,16,1,5,,B03,120.671505,24.145312,4
2022,3,10,22,32,臺中市,北區,0,2,0,8,3,5,50,4,1,1,5,4,5,7,1,1,5,5,4,2,16,26,2,8,1,1,C03,7,5,1,10,2,13,,26,26,1,21,8,C03,120.676941,24.165193,2
2022,3,10,23,19,臺中市,南屯區,0,0,0,8,,,50,,,,,,,,,,,,,,,23,,,,,A11,,,1,,2,,,23,23,1,22,,A11,120.621969,24.1504,3
2022,3,10,23,25,臺中市,北區,0,1,0,8,3,5,50,4,1,1,5,4,5,7,4,4,5,5,5,2,15,6,2,9,1,1,C03,7,9,1,10,2,11,,6,6,1,21,8,C03,120.693568,24.155616,2
2022,3,10,23,35,臺中市,西屯區,0,1,0,8,3,5,40,14,8,1,5,4,5,7,4,4,1,4,1,2,13,16,2,4,1,1,C03,7,9,1,10,2,11,,16,16,1,22,8,C03,120.647813,24.163377,2
2022,3,10,23,42,臺中市,神岡區,0,3,0,8,3,5,50,14,8,1,5,4,5,7,4,4,9,4,4,1,13,23,2,9,1,1,C03,7,9,1,10,2,11,,23,23,1,22,8,C03,120.665838,24.257854,2
2022,3,11,2,58,臺中市,太平區,0,0,0,8,,,40,,,,,,,,,,,,,,,42,,,,,B03,,,1,,2,,,42,42,1,22,,B03,120.702658,24.116225,3
2022,3,11,3,0,臺中市,沙鹿區,0,0,0,8,,,50,,,,,,,,,,,,,,,42,,,,,B03,,,1,,9,,,42,42,1,9,,B03,120.565495,24.250989,3
2022,3,11,4,35,臺中市,北區,0,1,0,8,3,5,50,11,9,1,5,4,5,7,4,4,1,5,5,2,29,23,2,9,3,4,C03,7,9,2,18,2,11,,23,23,1,5,8,C03,120.671841,24.164344,2
2022,3,11,4,40,臺中市,沙鹿區,0,1,0,8,1,5,50,4,9,1,5,4,5,7,4,4,4,3,5,1,13,43,2,1,1,1,C03,7,9,1,10,5,11,,43,43,1,22,8,C03,120.582176,24.223871,2
2022,3,11,6,27,臺中市,北屯區,0,2,0,8,1,5,50,4,1,1,5,4,5,7,2,1,10,5,5,2,13,16,2,9,1,1,C04,7,9,1,11,2,11,,16,16,1,20,8,C04,120.704808,24.169497,2
2022,3,11,6,31,臺中市,南屯區,0,1,0,8,1,5,50,14,7,1,5,4,5,7,4,4,9,5,5,2,16,19,3,10,1,1,B03,7,1,1,8,2,4,,19,19,1,22,8,B03,120.635532,24.145341,2
2022,3,11,6,47,臺中市,大肚區,0,2,0,8,2,5,50,14,9,1,5,4,5,7,4,4,5,5,5,2,17,16,2,8,1,4,C03,7,9,1,10,2,11,12,16,16,1,22,8,C03,120.579709,24.174915,2
2022,3,11,6,58,臺中市,大甲區,0,0,0,,,,70,,,,,,,,,,,,,,,23,,,,,B03,,,1,,2,,,23,23,1,22,,B03,120.641643,24.366129,3
2022,3,11,6,59,臺中市,大肚區,0,2,0,8,1,5,50,3,2,1,5,4,5,7,4,4,9,4,5,1,17,19,2,7,1,1,C03,7,1,1,10,2,14,,19,19,1,21,8,C03,120.579793,24.170408,2
2022,3,11,7,5,臺中市,太平區,0,2,0,8,1,5,50,3,1,1,5,4,5,7,1,1,5,5,5,2,16,8,2,9,1,1,F03,7,5,8,20,2,16,,8,8,1,20,8,F03,120.733757,24.156934,2
2022,3,11,7,7,臺中市,北屯區,0,0,0,8,,,50,,,,,,,,,,,,,,,16,,,,,B12,,,1,,2,,,16,16,1,5,,B12,120.743911,24.185668,3
2022,3,11,7,9,臺中市,北區,0,3,0,8,1,5,50,14,8,1,5,4,4,7,4,4,8,3,4,2,12,42,2,8,1,1,F01,7,9,8,20,2,16,,42,42,1,16,8,F01,120.682709,24.160815,2
2022,3,11,7,11,臺中市,大甲區,0,0,0,8,,,50,,,,,,,,,,,,,,,23,,,,,C03,,,1,,1,,,23,23,1,21,,C03,120.627029,24.345309,3
2022,3,11,7,17,臺中市,烏日區,0,2,0,8,1,5,30,14,9,1,5,4,5,7,4,4,10,5,5,2,16,8,2,8,1,1,C03,7,5,1,10,2,12,13,8,8,1,19,8,C03,120.606763,24.120505,2
2022,3,11,7,33,臺中市,南屯區,0,1,0,8,1,5,50,14,7,1,5,4,5,7,4,4,5,4,4,2,13,16,3,10,1,1,B03,7,9,1,8,2,1,,16,16,1,22,9,B03,120.63062,24.123776,2
2022,3,11,7,35,臺中市,西屯區,0,1,0,8,1,5,50,3,2,1,5,4,5,7,4,4,5,4,5,2,13,16,2,7,3,4,C03,7,6,1,10,2,11,,16,16,1,22,8,C03,120.622664,24.186088,2
2022,3,11,7,39,臺中市,大里區,0,2,0,8,1,5,50,4,1,1,4,4,5,7,1,1,5,4,4,1,17,6,2,9,3,4,C03,7,5,1,10,2,11,,6,6,1,12,8,C03,120.703835,24.093098,2
2022,3,11,7,40,臺中市,大里區,0,1,0,8,1,5,50,4,1,1,5,4,5,7,1,1,10,5,5,2,16,6,3,10,1,1,B03,7,6,1,8,2,2,,6,6,1,9,1,B03,120.713983,24.095296,2
2022,3,11,7,40,臺中市,沙鹿區,0,0,0,8,,,50,,,,,,,,,,,,,,,10,,,,,B03,,,1,,2,,,10,10,1,4,,B03,120.569401,24.227189,3
2022,3,11,7,41,臺中市,烏日區,0,2,0,8,1,8,50,4,1,1,5,4,5,7,1,1,10,5,5,2,15,25,2,9,1,1,C03,7,9,1,10,2,11,12,25,25,1,21,1,C03,120.624225,24.102318,2
2022,3,11,7,44,臺中市,豐原區,0,1,0,8,1,5,50,3,1,1,5,4,5,7,4,4,5,5,5,2,16,6,2,3,3,4,C03,7,5,1,10,2,12,,6,6,1,22,9,C03,120.700043,24.246158,2
2022,3,11,7,48,臺中市,清水區,0,2,0,8,1,5,50,3,1,1,5,4,5,7,4,4,10,5,5,2,16,16,2,9,3,4,C03,7,5,4,11,2,14,,23,16,1,22,8,C03,120.612902,24.279406,2
2022,3,11,7,49,臺中市,北屯區,0,1,0,8,1,5,50,14,9,1,5,4,5,7,4,4,3,4,5,2,13,23,3,10,1,1,B03,7,9,1,8,2,1,,23,23,1,22,8,B03,120.693172,24.163642,2
2022,3,11,7,55,臺中市,神岡區,0,0,0,8,,,30,,,,,,,,,,,,,,,23,,,,,C03,,,1,,2,,,23,23,1,22,,C03,120.688948,24.256958,3
2022,3,11,7,58,臺中市,大安區,0,2,0,8,1,5,50,3,2,1,5,4,5,7,4,4,5,5,5,2,17,8,2,8,1,1,C03,7,5,1,10,2,12,,8,8,1,21,8,C03,120.602454,24.358836,2
2022,3,11,7,59,臺中市,西屯區,0,1,0,8,1,5,50,14,9,1,5,4,5,7,4,4,9,5,5,2,17,42,2,9,3,4,C03,7,4,1,10,1,11,,42,42,1,22,9,C03,120.606363,24.157654,2
2022,3,11,8,3,臺中市,北區,0,1,0,8,1,5,50,4,2,1,5,4,5,7,1,1,10,5,5,2,17,6,3,10,1,1,B03,7,5,1,8,2,15,,6,6,1,5,8,B03,120.686766,24.16502,2