年,月,日,時,分,縣市,區,死,受傷,2-30,天候,光線,道路類別,速限,道路型態,事故位置,路面鋪裝,路面狀態,路面缺陷,障礙物,視距,號誌種類,號誌動作,分向設施,快車道或一般車道間,快慢車道間,路面邊線,事故類型及型態,主要肇因,受傷程度,主要傷處,保護裝備,行動電話,當事者區分,車輛用途,當事者行動狀態,駕駛資格情形,駕駛執照種類,飲酒情形,車輛撞擊部位最初,車輛撞擊部位其他,肇事因素個別,肇事因素主要,肇事逃逸,職業,旅次目的,車種,GPS緯度,GPS經度,事故類別
2022,3,11,8,3,臺中市,外埔區,0,3,0,8,1,5,50,3,1,1,5,4,5,7,4,4,9,5,5,1,16,6,2,9,1,1,C03,7,9,1,10,2,11,,6,6,1,20,1,C03,120.655365,24.332865,2
2022,3,11,8,11,臺中市,西區,0,1,0,8,1,5,50,14,7,1,5,4,5,7,4,4,5,4,4,2,13,16,2,9,1,1,C03,7,9,1,10,1,11,,16,16,1,22,9,C03,120.672187,24.144579,2
2022,3,11,8,18,臺中市,西區,0,1,0,8,1,5,40,14,7,1,5,4,5,7,4,4,1,4,4,2,17,19,3,10,1,1,B03,7,1,1,8,2,5,,19,19,1,19,7,B03,120.657556,24.143601,2
2022,3,11,8,21,臺中市,龍井區,0,1,0,8,1,5,30,3,2,1,5,4,5,7,4,4,10,5,5,2,17,19,3,10,1,1,B12,7,1,1,8,2,8,,19,19,1,21,1,B12,120.585078,24.182843,2
2022,3,11,8,22,臺中市,大里區,0,2,0,8,1,5,50,14,9,1,5,4,5,7,4,4,1,4,1,1,17,43,2,9,1,1,C03,7,9,1,10,11,14,,43,43,1,20,8,C03,120.66406,24.08657,2
2022,3,11,8,28,臺中市,龍井區,0,1,0,8,1,5,60,5,1,1,5,4,5,7,1,1,1,4,1,1,17,25,3,10,1,1,B03,7,6,1,8,2,15,,25,25,1,21,8,B03,120.574358,24.183795,2
2022,3,11,8,30,臺中市,烏日區,0,1,0,8,1,5,50,14,7,1,5,4,3,7,4,4,5,4,4,2,17,38,3,10,1,1,B12,7,14,1,8,2,7,,38,38,1,21,8,B12,120.625922,24.10199,2
2022,3,11,8,35,臺中市,北屯區,0,0,0,8,,,50,,,,,,,,,,,,,,,23,,,,,B03,,,1,,1,,,23,23,1,5,,B03,120.668501,24.195118,3
2022,3,11,8,36,臺中市,太平區,0,1,0,8,1,5,30,3,1,1,5,4,5,7,4,4,5,5,5,2,17,1,3,10,1,1,B03,7,9,1,8,2,2,,1,1,1,21,8,B03,120.72887,24.140933,2
2022,3,11,8,40,臺中市,北區,0,3,0,8,1,5,50,4,1,1,5,4,5,7,1,1,10,5,5,2,15,25,2,9,1,1,C03,7,9,1,10,2,11,,25,25,1,22,8,C03,120.67997,24.160365,2
2022,3,11,8,42,臺中市,豐原區,0,1,0,8,1,5,30,3,2,1,5,4,5,7,1,1,5,2,5,1,16,6,2,9,1,1,F03,7,5,8,20,2,16,,6,6,1,22,8,F03,120.718045,24.242541,2
2022,3,11,8,44,臺中市,東區,0,2,0,8,1,5,50,5,1,1,5,4,5,7,1,1,10,5,5,2,17,23,2,9,1,1,C03,7,9,1,10,2,11,,23,23,1,22,8,C03,120.696713,24.142137,2
2022,3,11,8,45,臺中市,西屯區,0,1,0,8,1,5,50,4,1,1,5,4,5,7,1,1,10,5,5,2,16,23,2,9,1,1,C03,7,9,1,10,2,12,,23,23,1,22,8,C03,120.613843,24.174861,2
2022,3,11,8,50,臺中市,龍井區,0,0,0,8,,,30,,,,,,,,,,,,,,,23,,,,,B03,,,1,,2,,,23,23,1,12,,B03,120.522584,24.194078,3
2022,3,11,8,51,臺中市,西屯區,0,1,0,8,1,5,50,14,9,1,5,4,5,7,4,4,5,4,4,2,16,26,2,8,1,4,C03,7,11,1,10,2,12,,26,26,1,22,8,C03,120.636409,24.170504,2
2022,3,11,8,55,臺中市,南屯區,0,0,0,8,,,50,,,,,,,,,,,,,,,8,,,,,C03,,,4,,1,,,8,8,1,22,,C03,120.63887,24.135133,3
2022,3,11,9,3,臺中市,中區,0,0,0,8,,,50,,,,,,,,,,,,,,,42,,,,,B03,,,1,,1,,,42,42,1,22,,B03,120.677111,24.143143,3
2022,3,11,9,18,臺中市,清水區,0,2,0,8,1,5,70,3,1,1,5,4,5,7,1,1,10,5,5,2,16,6,3,10,1,1,B03,7,6,1,8,2,6,,6,6,1,5,5,B03,120.59101,24.296273,2
2022,3,11,9,25,臺中市,南屯區,0,0,0,8,,,50,,,,,,,,,,,,,,,7,,,,,B12,,,1,,1,,,7,7,1,22,,B12,120.622469,24.150193,3
2022,3,11,9,25,臺中市,后里區,0,0,0,8,1,5,50,3,1,1,5,4,5,7,3,1,1,4,4,1,16,10,3,10,1,1,B12,7,11,1,8,2,5,,10,10,1,21,8,B12,120.722795,24.310505,3
2022,3,11,9,26,臺中市,沙鹿區,0,0,0,8,,,40,,,,,,,,,,,,,,,23,,,,,C03,,,1,,2,,,23,23,1,5,,C03,120.559229,24.23458,3
2022,3,11,9,30,臺中市,大里區,1,0,0,8,1,5,50,4,1,1,5,4,5,7,1,1,10,5,5,2,3,15,3,10,1,1,A12,7,5,1,6,2,8,,15,15,1,12,8,A12,120.688994,24.07815,1
2022,3,11,9,35,臺中市,后里區,1,0,0,8,1,5,50,14,9,1,5,4,5,7,4,4,9,5,5,1,26,23,1,3,2,1,B03,7,9,1,7,2,5,,23,23,1,20,9,B03,120.702667,24.308202,1
2022,3,11,9,43,臺中市,北區,0,1,0,8,1,5,50,3,1,1,5,4,5,7,1,1,10,5,5,2,16,25,3,10,1,1,B03,7,9,1,8,2,8,,25,25,1,21,8,B03,120.687876,24.159015,2
2022,3,11,9,44,臺中市,西屯區,0,1,0,8,1,5,50,14,9,1,5,4,5,7,4,4,1,4,5,2,12,40,3,10,3,1,B03,7,13,1,8,2,4,,40,40,1,22,8,B03,120.618185,24.185196,2
2022,3,11,9,45,臺中市,北屯區,0,2,0,8,1,5,50,4,2,1,5,4,5,7,2,1,5,2,5,2,13,23,2,9,1,1,C03,7,9,1,10,2,11,,23,23,1,21,8,C03,120.678199,24.186946,2
2022,3,11,9,49,臺中市,龍井區,0,1,0,8,1,5,40,14,8,1,5,4,5,7,1,1,1,4,5,1,14,12,3,10,1,1,B02,7,2,1,8,2,3,,12,12,1,12,8,B02,120.522797,24.219836,2
2022,3,11,9,52,臺中市,東勢區,0,0,0,8,,,50,,,,,,,,,,,,,,,23,,,,,B03,,,1,,2,,,23,23,1,22,,B03,120.83857,24.17215,3
2022,3,11,9,56,臺中市,太平區,0,1,0,8,1,5,30,14,9,1,5,4,5,7,4,4,5,5,5,1,11,23,2,9,1,1,C03,7,9,1,10,2,11,,23,23,1,21,8,C03,120.776276,24.094665,2
2022,3,11,9,59,臺中市,太平區,0,0,0,8,,,40,,,,,,,,,,,,,,,7,,,,,C03,,,1,,2,,,7,7,1,18,,C03,120.735802,24.132835,3
2022,3,11,10,16,臺中市,南屯區,0,1,0,8,1,5,50,14,7,1,5,4,5,7,4,4,10,5,5,2,16,10,3,10,1,1,B03,7,11,1,8,2,4,,10,10,1,5,8,B03,120.633526,24.153556,2
2022,3,11,10,21,臺中市,西屯區,0,0,0,8,,,50,,,,,,,,,,,,,,,23,,,,,B12,,,1,,1,,,23,23,1,22,,B12,120.658003,24.164936,3
2022,3,11,10,30,臺中市,南屯區,0,0,0,8,,,30,,,,,,,,,,,,,,,6,,,,,B03,,,1,,1,,,6,6,1,22,,B03,120.639536,24.138866,3
2022,3,11,10,35,臺中市,北屯區,0,0,0,8,,,50,,,,,,,,,,,,,,,23,,,,,C03,,,1,,1,,,23,23,1,5,,C03,120.668676,24.195406,3
2022,3,11,10,36,臺中市,北屯區,0,1,0,8,1,5,50,4,1,1,5,4,5,7,1,1,5,5,5,2,12,7,2,9,1,1,C03,7,7,1,10,2,14,,7,7,1,22,8,C03,120.703973,24.182173,2
2022,3,11,10,38,臺中市,西區,0,0,0,8,,,50,,,,,,,,,,,,,,,9,,,,,B03,,,1,,1,,,9,9,1,22,,B03,120.657356,24.145022,3
2022,3,11,10,39,臺中市,北區,0,2,0,8,1,5,50,14,8,1,5,4,5,7,4,4,1,4,4,2,17,19,3,10,1,1,C03,7,1,1,10,2,13,,19,19,1,22,8,C03,120.686885,24.155095,2
2022,3,11,10,39,臺中市,西區,0,1,0,8,1,5,50,4,1,1,5,4,5,7,4,4,10,5,5,2,15,6,3,10,1,1,B03,7,9,1,8,2,2,,6,6,1,5,6,B03,120.658906,24.155077,2
2022,3,11,10,40,臺中市,太平區,0,0,0,8,,,80,,,,,,,,,,,,,,,23,,,,,A12,,,1,,2,,,23,23,1,10,,A12,120.710763,24.141564,3
2022,3,11,10,45,臺中市,沙鹿區,0,2,0,8,1,5,50,4,1,1,5,4,5,7,4,4,5,4,5,2,15,14,2,9,1,1,C03,7,9,1,10,2,11,,14,14,1,5,8,C03,120.569522,24.230333,2
2022,3,11,10,46,臺中市,太平區,0,0,0,8,,,50,,,,,,,,,,,,,,,42,,,,,B12,,,1,,1,,,42,42,1,4,,B12,120.709069,24.124236,3
2022,3,11,10,50,臺中市,后里區,0,1,0,8,1,5,40,14,9,1,5,4,5,7,4,4,9,5,5,1,12,26,3,10,1,1,B03,7,5,1,8,2,8,,26,26,1,4,3,B03,120.716202,24.323457,2
2022,3,11,10,54,臺中市,西區,0,0,0,8,,,50,,,,,,,,,,,,,,,23,,,,,B03,,,1,,2,,,23,23,1,21,,B03,120.660998,24.1588,3
2022,3,11,11,0,臺中市,西屯區,0,2,0,8,1,5,30,3,1,1,5,4,5,7,4,4,5,4,5,2,17,6,2,9,3,4,C03,7,6,1,10,2,11,,6,6,1,22,9,C03,120.638878,24.170957,2
2022,3,11,11,13,臺中市,中區,0,3,0,8,1,5,50,4,1,1,5,4,5,7,4,4,10,5,5,2,15,6,2,9,1,1,C03,7,9,1,10,2,15,,6,6,1,22,9,C03,120.678232,24.140134,2
2022,3,11,11,15,臺中市,北區,0,1,0,8,1,5,50,4,18,1,5,4,5,7,1,1,5,4,5,2,3,15,3,10,1,1,B03,7,5,1,8,2,1,,15,15,1,21,8,B03,120.682089,24.154584,2
2022,3,11,11,18,臺中市,東區,0,2,0,8,1,5,50,4,1,1,5,4,5,7,1,1,10,5,5,2,17,26,2,9,1,1,C03,7,5,3,18,2,12,,26,26,1,22,8,C03,120.703941,24.135111,2
2022,3,11,11,21,臺中市,西屯區,0,1,0,8,1,5,50,14,9,1,5,4,5,7,4,4,8,5,5,1,13,23,2,9,1,4,C03,7,9,1,10,1,11,,23,23,1,4,8,C03,120.650696,24.167156,2
2022,3,11,11,25,臺中市,東區,0,0,0,,,,50,,,,,,,,,,,,,,,23,,,,,B03,,,1,,2,,,23,23,1,22,,B03,120.705886,24.137172,3
2022,3,11,11,29,臺中市,西屯區,0,0,0,8,,,50,,,,,,,,,,,,,,,7,,,,,B12,,,1,,1,,,7,7,1,22,,B12,120.651526,24.176105,3
2022,3,11,11,29,臺中市,南屯區,0,0,0,8,,,50,,,,,,,,,,,,,,,6,,,,,C03,,,1,,1,,,6,6,1,5,,C03,120.612764,24.13896,3
2022,3,11,11,30,臺中市,清水區,0,0,0,8,,,50,,,,,,,,,,,,,,,12,,,,,A41,,,1,,2,,,12,12,1,5,,A41,120.61339,24.284061,3
2022,3,11,11,32,臺中市,北區,0,0,0,8,1,5,50,3,7,1,5,4,5,7,4,4,8,3,4,2,12,7,,,,,B12,,,1,,2,,,7,7,1,22,,B12,120.675833,24.163229,3
2022,3,11,11,35,臺中市,沙鹿區,0,0,0,8,,,50,,,,,,,,,,,,,,,6,,,,,B03,,,1,,2,,,6,6,1,3,,B03,120.560319,24.234248,3
2022,3,11,11,39,臺中市,北區,0,0,0,8,,,50,,,,,,,,,,,,,,,23,,,,,B03,,,1,,2,,,23,23,1,22,,B03,120.677944,24.167048,3
2022,3,11,11,47,臺中市,北區,0,1,0,8,1,5,50,14,9,1,5,4,5,7,4,4,8,3,5,2,9,42,3,10,1,1,A02,7,1,1,2,2,15,,42,42,1,5,4,A02,120.683666,24.153616,2
2022,3,11,11,48,臺中市,清水區,0,2,0,8,1,5,70,3,1,1,5,4,5,7,3,3,10,5,5,1,16,10,2,9,3,4,B12,7,11,1,8,2,1,,10,10,1,22,8,B12,120.550597,24.293352,2
2022,3,11,11,55,臺中市,東區,0,0,0,8,,,40,,,,,,,,,,,,,,,23,,,,,A12,,,1,,3,,,23,23,1,22,,A12,120.708226,24.135913,3
2022,3,11,11,56,臺中市,北區,0,1,0,8,1,5,50,4,4,1,5,4,5,7,1,1,1,4,5,2,13,23,2,8,1,1,C03,7,9,1,10,2,12,,23,23,1,21,8,C03,120.677303,24.151254,2
2022,3,11,11,57,臺中市,北屯區,0,2,0,8,1,5,30,4,1,1,5,4,5,7,4,4,10,5,5,2,15,6,3,10,1,1,B03,7,9,1,8,2,8,,6,6,1,5,8,B03,120.675488,24.202115,2
2022,3,11,12,7,臺中市,北區,0,1,0,8,1,5,50,4,1,1,5,4,5,7,4,4,10,5,5,2,18,42,2,9,1,1,C03,7,9,1,10,2,12,,42,42,1,22,8,C03,120.693331,24.160931,2
2022,3,11,12,13,臺中市,南區,0,1,0,8,1,5,50,4,1,1,5,4,5,7,2,1,10,5,5,2,17,23,2,9,3,4,C03,7,9,1,10,2,11,,23,23,1,5,8,C03,120.673028,24.131448,2
2022,3,11,12,28,臺中市,太平區,0,0,0,8,,,30,,,,,,,,,,,,,,,23,,,,,C03,,,1,,1,,,23,23,1,22,,C03,120.721436,24.148783,3
2022,3,11,12,29,臺中市,豐原區,0,1,0,8,1,5,50,14,9,1,5,4,5,7,4,4,5,5,5,2,16,26,3,10,1,1,B03,7,5,1,8,2,4,,26,26,1,22,9,B03,120.723828,24.241266,2
2022,3,11,12,30,臺中市,南屯區,0,0,0,8,,,50,,,,,,,,,,,,,,,12,,,,,B03,,,1,,2,,,12,12,1,22,,B03,120.651588,24.135015,3
2022,3,11,12,40,臺中市,北區,0,0,0,,,,50,,,,,,,,,,,,,,,12,,,,,B01,,,1,,2,,,12,12,1,10,,B01,120.68873,24.152812,3
2022,3,11,12,46,臺中市,大甲區,0,0,0,8,,,50,,,,,,,,,,,,,,,43,,,,,B03,,,1,,9,,,43,43,1,22,,B03,120.622893,24.357785,3
2022,3,11,12,47,臺中市,南屯區,0,0,0,8,1,5,30,14,9,1,5,4,5,7,4,4,10,5,5,2,14,12,3,10,1,1,B03,7,2,1,2,2,3,,12,12,1,22,8,B03,120.6374,24.13951,3
2022,3,11,12,58,臺中市,烏日區,0,1,0,8,1,5,50,14,8,1,5,4,5,7,4,4,5,5,4,2,14,12,3,10,1,1,B03,7,2,1,8,2,2,,12,12,1,21,8,B03,120.624121,24.102749,2
2022,3,11,13,8,臺中市,南屯區,0,1,0,8,1,5,50,14,9,1,5,4,5,7,4,4,9,5,5,2,17,6,3,10,1,1,B03,7,6,1,8,2,2,,6,6,1,22,8,B03,120.63305,24.144966,2
2022,3,11,13,10,臺中市,北屯區,0,2,0,8,1,5,50,3,1,1,5,4,5,7,4,4,10,5,5,2,16,16,2,9,1,1,C03,7,9,1,10,2,12,,16,16,1,5,8,C03,120.694755,24.181348,2
2022,3,11,13,20,臺中市,中區,0,0,0,8,,,50,,,,,,,,,,,,,,,12,,,,,B03,,,1,,1,,,12,12,1,22,,B03,120.68177,24.141167,3
2022,3,11,13,26,臺中市,后里區,0,0,0,8,,,30,,,,,,,,,,,,,,,43,,,,,,,,,,,,,43,43,1,,,,120.729721,24.311506,3
2022,3,11,13,28,臺中市,大安區,0,0,0,,,,60,,,,,,,,,,,,,,,44,,,,,B03,,,1,,2,,,44,44,1,22,,B03,120.601684,24.369029,3
2022,3,11,13,30,臺中市,沙鹿區,0,1,0,8,1,5,30,4,1,1,5,4,5,7,4,4,10,5,5,2,15,6,2,9,1,1,C03,7,9,1,10,2,12,,6,6,1,18,5,C03,120.573519,24.225495,2
2022,3,11,13,37,臺中市,西區,0,0,0,8,,,50,,,,,,,,,,,,,,,12,,,,,B03,,,1,,1,,,12,12,1,5,,B03,120.676402,24.138086,3
2022,3,11,13,43,臺中市,西區,0,0,0,8,,,50,,,,,,,,,,,,,,,12,,,,,B03,,,1,,1,,,12,12,1,5,,B03,120.665287,24.150867,3
2022,3,11,13,59,臺中市,西區,0,0,0,8,,,30,,,,,,,,,,,,,,,12,,,,,B03,,,1,,1,,,12,12,1,21,,B03,120.662829,24.15045,3
2022,3,11,13,59,臺中市,烏日區,0,0,0,8,,,30,,,,,,,,,,,,,,,12,,,,,B03,,,1,,2,,,12,12,1,22,,B03,120.616424,24.111572,3
2022,3,11,14,3,臺中市,北區,0,1,0,8,1,5,50,14,9,1,5,4,5,7,4,4,5,5,5,2,12,43,2,9,1,1,C03,7,4,1,10,2,12,,43,43,1,22,9,C03,120.68322,24.154805,2
2022,3,11,14,6,臺中市,豐原區,0,1,0,8,1,5,50,5,1,1,5,4,5,7,1,1,1,4,5,1,12,42,3,10,1,1,B03,7,6,1,8,2,6,,42,42,1,22,8,B03,120.71055,24.237519,2
2022,3,11,14,20,臺中市,沙鹿區,0,0,0,8,1,5,40,14,8,1,5,4,5,7,4,4,1,4,4,2,17,67,,,,,,,,,,,,,67,67,2,,,,120.567223,24.228803,3
2022,3,11,14,24,臺中市,中區,0,0,0,8,,,50,,,,,,,,,,,,,,,19,,,,,B03,,,1,,1,,,19,19,1,22,,B03,120.684786,24.139211,3
2022,3,11,14,33,臺中市,神岡區,0,0,0,8,,,50,,,,,,,,,,,,,,,12,,,,,B03,,,1,,2,,,12,12,1,22,,B03,120.702813,24.278173,3
2022,3,11,14,40,臺中市,清水區,0,0,0,8,,,30,,,,,,,,,,,,,,,12,,,,,B12,,,1,,2,,,12,12,1,21,,B12,120.575623,24.268475,3
2022,3,11,14,43,臺中市,南屯區,0,0,0,8,,,50,,,,,,,,,,,,,,,12,,,,,B03,,,1,,1,,,12,12,1,5,,B03,120.65213,24.13596,3
2022,3,11,14,50,臺中市,南屯區,0,1,0,8,1,5,50,3,1,1,5,4,5,7,4,4,10,5,5,2,12,10,3,10,1,1,B03,7,11,1,8,2,8,,10,10,1,22,9,B03,120.63722,24.137048,2
2022,3,11,15,10,臺中市,北區,0,3,0,8,1,5,50,14,8,1,5,4,5,7,4,4,3,2,3,1,16,7,2,9,3,4,C03,7,8,3,18,2,12,,7,7,1,22,9,C03,120.666954,24.173031,2
2022,3,11,15,10,臺中市,南屯區,0,1,0,8,1,5,50,14,9,1,5,4,5,7,4,4,9,5,4,2,16,26,3,10,1,1,B12,7,11,1,8,2,8,,26,26,1,4,8,B12,120.644232,24.138567,2
2022,3,11,15,15,臺中市,霧峰區,0,1,0,8,1,5,50,11,7,1,5,4,5,7,1,1,10,5,4,2,16,10,2,9,1,1,C03,7,11,1,10,2,11,,10,10,1,22,8,C03,120.715858,24.072029,2
2022,3,11,15,22,臺中市,西區,0,1,0,8,1,5,50,4,1,1,5,4,5,7,1,1,10,5,5,2,13,16,3,10,1,1,A02,7,9,1,1,2,8,,16,16,1,10,8,A02,120.683794,24.138754,2
2022,3,11,15,29,臺中市,西區,0,0,0,8,,,50,,,,,,,,,,,,,,,16,,,,,C03,,,1,,1,,,16,16,1,5,,C03,120.658499,24.146921,3
2022,3,11,15,36,臺中市,梧棲區,0,0,0,8,,,40,,,,,,,,,,,,,,,23,,,,,B12,,,1,,2,,,23,23,1,22,,B12,120.537785,24.249104,3
2022,3,11,15,39,臺中市,太平區,0,1,0,8,1,5,50,4,1,1,5,4,5,7,1,1,10,5,5,2,16,6,3,10,1,1,B12,7,5,1,8,2,8,,6,6,1,9,5,B12,120.72252,24.133799,2
2022,3,11,15,39,臺中市,西區,0,0,0,8,,,50,,,,,,,,,,,,,,,42,,,,,C03,,,1,,1,,,42,42,1,22,,C03,120.668519,24.132104,3
2022,3,11,15,39,臺中市,太平區,0,1,0,8,1,5,30,3,1,1,5,4,5,7,4,4,5,5,4,1,16,6,3,10,1,1,B12,7,5,1,8,2,7,,6,6,1,4,3,B12,120.729146,24.105975,2
2022,3,11,15,42,臺中市,北區,0,1,0,8,1,5,50,4,2,1,5,4,5,7,1,1,5,5,4,2,16,23,3,10,1,1,B03,7,6,1,8,2,5,,23,23,1,20,8,B03,120.666082,24.159302,2
2022,3,11,15,43,臺中市,霧峰區,0,0,0,8,,,50,,,,,,,,,,,,,,,23,,,,,B03,,,1,,2,,,23,23,1,21,,B03,120.698524,24.062256,3
2022,3,11,15,46,臺中市,東勢區,0,1,0,8,1,5,50,3,1,1,5,4,5,7,3,1,10,5,5,2,17,19,2,8,1,1,C03,7,1,1,10,2,14,,19,19,1,22,8,C03,120.831878,24.248045,2
2022,3,11,15,46,臺中市,西區,0,0,0,8,,,50,,,,,,,,,,,,,,,42,,,,,C03,,,1,,1,,,42,42,1,22,,C03,120.666352,24.130396,3
2022,3,11,15,48,臺中市,西屯區,0,1,0,8,1,5,50,14,9,1,5,4,5,7,4,4,5,5,5,2,13,16,2,9,1,1,C03,7,9,1,10,2,11,,16,16,1,4,8,C03,120.644262,24.17501,2
2022,3,11,15,49,臺中市,梧棲區,0,1,0,8,1,5,50,5,1,1,5,4,5,1,3,1,10,5,5,2,16,43,2,9,1,1,C03,7,9,1,10,2,12,,43,43,1,22,8,C03,120.530121,24.258418,2
2022,3,11,15,56,臺中市,龍井區,0,1,0,8,1,5,30,14,9,1,5,4,5,7,4,4,10,5,5,2,20,23,2,9,1,1,C03,7,9,1,10,2,11,,23,23,1,18,2,C03,120.576653,24.18525,2
2022,3,11,15,57,臺中市,梧棲區,0,0,0,,,,40,,,,,,,,,,,,,,,23,,,,,B03,,,3,,3,,,23,23,1,22,,B03,120.552571,24.246056,3
2022,3,11,16,4,臺中市,西屯區,0,0,0,8,,,60,,,,,,,,,,,,,,,23,,,,,B03,,,1,,1,,,23,23,1,22,,B03,120.640787,24.168322,3
2022,3,11,16,11,臺中市,沙鹿區,0,0,0,8,,,40,,,,,,,,,,,,,,,23,,,,,B03,,,1,,2,,,23,23,1,2,,B03,120.567685,24.256975,3
2022,3,11,16,12,臺中市,烏日區,0,1,0,8,1,5,50,4,1,1,5,4,5,7,1,1,5,5,4,2,13,23,3,10,3,4,B03,7,9,1,8,2,1,,23,23,1,21,8,B03,120.649146,24.093525,2
2022,3,11,16,12,臺中市,西區,0,0,0,8,,,50,,,,,,,,,,,,,,,23,,,,,B03,,,1,,1,,,23,23,1,22,,B03,120.660255,24.14002,3
2022,3,11,16,19,臺中市,梧棲區,0,1,0,8,1,5,40,4,1,1,4,4,5,7,1,1,10,5,5,2,16,25,2,9,1,1,C03,7,11,1,10,2,14,,25,25,1,22,8,C03,120.52748,24.230091,2
2022,3,11,16,19,臺中市,西屯區,0,0,0,,,,50,,,,,,,,,,,,,,,23,,,,,B03,,,1,,2,,,23,23,1,22,,B03,120.66045,24.171671,3
2022,3,11,16,25,臺中市,南屯區,0,1,0,8,1,5,50,3,8,1,5,4,5,7,4,4,5,4,4,2,17,27,3,10,1,1,B11,7,8,1,8,2,2,,27,27,2,22,8,B11,120.643853,24.147758,2
2022,3,11,16,27,臺中市,烏日區,0,0,0,8,,,60,,,,,,,,,,,,,,,12,,,,,G06,,,1,,2,,,12,12,1,10,,G06,120.646221,24.110303,3
2022,3,11,16,30,臺中市,西屯區,0,0,0,8,,,80,,,,,,,,,,,,,,,16,,,,,B03,,,1,,1,,,16,16,1,4,,B03,120.630004,24.165447,3
2022,3,11,16,30,臺中市,大肚區,0,1,0,8,1,5,50,4,1,1,5,4,5,7,2,1,10,5,5,2,16,8,2,8,1,1,C03,7,5,1,10,2,14,,8,8,1,19,8,C03,120.544559,24.154245,2
2022,3,11,16,35,臺中市,南區,0,1,0,8,1,5,50,4,1,1,5,4,5,7,1,1,10,5,5,2,16,9,3,10,1,1,B03,7,6,1,8,2,2,,9,9,1,22,8,B03,120.646813,24.110498,2
2022,3,11,16,36,臺中市,大里區,0,1,0,8,1,5,30,11,9,1,5,4,5,7,4,4,10,5,5,1,11,5,3,10,1,1,B12,7,9,2,18,2,8,,5,5,1,21,8,B12,120.68086,24.074975,2
2022,3,11,16,36,臺中市,西屯區,0,1,0,8,1,5,50,4,1,1,5,4,5,7,1,1,4,3,4,2,16,16,3,10,1,1,B03,7,5,1,8,1,5,,16,16,1,22,8,B03,120.660387,24.164052,2
2022,3,11,16,39,臺中市,西區,0,2,0,8,1,5,50,3,1,1,5,4,5,7,4,4,10,5,5,2,16,6,2,9,1,1,C03,7,5,1,10,2,12,,6,6,1,22,9,C03,120.661684,24.135837,2
2022,3,11,16,39,臺中市,南屯區,0,0,0,,,,50,,,,,,,,,,,,,,,8,,,,,B03,,,1,,1,,,8,8,1,22,,B03,120.643875,24.137894,3
2022,3,11,16,43,臺中市,東區,0,2,0,8,1,5,40,14,8,1,5,4,5,7,4,4,5,5,4,2,16,19,2,8,1,1,C03,7,1,1,10,2,14,,19,19,1,21,8,C03,120.687803,24.126366,2
2022,3,11,16,44,臺中市,南屯區,0,0,0,,,,50,,,,,,,,,,,,,,,23,,,,,B03,,,1,,1,,,23,23,1,22,,B03,120.648723,24.146782,3
2022,3,11,16,50,臺中市,清水區,0,1,0,8,1,5,70,14,7,1,5,4,5,7,4,4,1,4,4,1,17,23,2,1,1,1,B03,7,9,1,8,2,1,2,23,23,1,5,5,B03,120.581002,24.301469,2
2022,3,11,16,51,臺中市,南屯區,0,1,0,8,1,5,50,3,2,1,5,4,5,7,4,4,10,4,5,2,16,6,2,9,1,1,C03,7,6,1,10,2,14,11,6,6,1,4,1,C03,120.646643,24.147762,2
2022,3,11,16,55,臺中市,北區,0,0,0,8,,,30,,,,,,,,,,,,,,,26,,,,,C03,,,1,,2,,,26,26,2,22,,C03,120.684898,24.157453,3
2022,3,11,16,57,臺中市,太平區,0,1,0,8,1,5,50,14,9,1,5,4,5,7,4,4,5,4,5,1,16,26,2,9,1,1,C03,7,11,1,10,2,13,,26,26,1,5,5,C03,120.729816,24.112852,2
2022,3,11,16,59,臺中市,龍井區,0,0,0,8,,,60,,,,,,,,,,,,,,,6,,,,,A31,,,1,,11,,,6,6,1,10,,A31,120.574281,24.181655,3
2022,3,11,16,59,臺中市,大甲區,0,2,0,8,1,5,50,3,1,1,5,4,5,7,4,4,10,5,5,1,16,10,2,9,1,1,C03,7,11,1,10,2,14,,10,10,1,21,7,C03,120.62325,24.3414,2
2022,3,11,17,0,臺中市,西屯區,0,1,0,8,1,5,80,14,9,1,5,4,5,7,4,4,1,4,5,2,13,16,2,1,1,1,B03,7,9,1,8,1,1,,16,16,1,4,8,B03,120.630004,24.165447,2
2022,3,11,17,1,臺中市,西屯區,0,0,0,8,,,50,,,,,,,,,,,,,,,23,,,,,B01,,,1,,1,,,23,23,1,22,,B01,120.649138,24.161778,3
2022,3,11,17,5,臺中市,南屯區,0,2,0,8,1,5,50,4,1,1,5,4,5,7,1,1,5,4,5,2,17,16,2,9,1,1,C03,7,9,1,10,2,11,,16,16,1,22,8,C03,120.641208,24.13476,2
2022,3,11,17,8,臺中市,梧棲區,0,2,0,8,1,5,50,3,1,1,5,4,5,7,4,4,10,5,5,2,13,16,2,9,1,1,C03,7,9,1,10,2,11,,16,16,1,11,1,C03,120.517575,24.229306,2