年,月,日,時,分,縣市,區,死,受傷,2-30,天候,光線,道路類別,速限,道路型態,事故位置,路面鋪裝,路面狀態,路面缺陷,障礙物,視距,號誌種類,號誌動作,分向設施,快車道或一般車道間,快慢車道間,路面邊線,事故類型及型態,主要肇因,受傷程度,主要傷處,保護裝備,行動電話,當事者區分,車輛用途,當事者行動狀態,駕駛資格情形,駕駛執照種類,飲酒情形,車輛撞擊部位最初,車輛撞擊部位其他,肇事因素個別,肇事因素主要,肇事逃逸,職業,旅次目的,車種,GPS緯度,GPS經度,事故類別
2022,3,12,17,20,臺中市,烏日區,0,0,0,8,,,60,,,,,,,,,,,,,,,17,,,,,B03,,,1,,2,,,17,17,1,21,,B03,120.636316,24.107348,3
2022,3,12,17,23,臺中市,北區,0,1,0,8,1,5,50,14,9,1,5,4,5,7,4,4,10,5,5,2,13,23,3,10,1,1,B03,7,9,1,8,2,1,,23,23,1,22,9,B03,120.686983,24.1653,2
2022,3,12,17,24,臺中市,南屯區,0,1,0,8,2,5,50,4,1,1,5,4,5,7,2,1,10,5,5,2,16,26,3,10,1,1,B03,7,6,1,8,2,5,2,26,26,1,4,5,B03,120.62316,24.14962,2
2022,3,12,17,24,臺中市,太平區,0,1,0,8,1,5,30,11,9,1,5,4,5,7,4,4,10,5,5,2,11,5,3,10,3,4,B03,7,9,1,8,2,8,,5,5,1,19,8,B03,120.705523,24.150731,2
2022,3,12,17,25,臺中市,南屯區,0,1,0,8,2,5,50,4,1,1,5,4,5,7,2,1,3,3,4,2,16,6,3,10,1,1,B02,7,6,1,8,2,2,,6,6,1,22,8,B02,120.62615,24.140618,2
2022,3,12,17,26,臺中市,沙鹿區,0,0,0,8,,,30,,,,,,,,,,,,,,,5,,,,,B03,,,1,,2,,,5,5,1,9,,B03,120.56774,24.240746,3
2022,3,12,17,32,臺中市,太平區,0,3,0,8,2,5,50,3,1,1,5,4,5,7,3,1,10,5,5,2,16,6,2,9,1,1,C03,7,5,1,10,2,11,,6,6,1,6,5,C03,120.730036,24.110003,2
2022,3,12,17,32,臺中市,清水區,0,0,0,8,,,70,,,,,,,,,,,,,,,23,,,,,B03,,,1,,2,,,23,23,1,22,,B03,120.552463,24.293937,3
2022,3,12,17,33,臺中市,西區,0,1,0,8,2,5,50,4,1,1,5,4,5,7,2,1,10,5,5,2,16,6,3,10,1,1,B03,7,5,1,8,2,5,,6,6,1,5,8,B03,120.652997,24.146726,2
2022,3,12,17,34,臺中市,西區,0,0,0,8,,,50,,,,,,,,,,,,,,,23,,,,,B03,,,1,,2,,,23,23,1,21,,B03,120.665129,24.128674,4
2022,3,12,17,36,臺中市,后里區,0,0,0,8,1,5,30,14,9,1,5,4,5,7,4,4,10,5,5,2,11,5,3,10,1,1,B03,7,9,1,8,9,4,,5,5,2,21,8,B03,120.70963,24.309035,3
2022,3,12,17,37,臺中市,沙鹿區,0,2,0,7,1,5,40,3,1,1,5,4,5,7,1,1,10,5,5,2,16,6,3,10,1,1,B03,7,6,1,8,2,5,,6,6,1,22,9,B03,120.58041,24.219157,2
2022,3,12,17,38,臺中市,豐原區,0,0,0,,,,50,,,,,,,,,,,,,,,18,,,,,B03,,,1,,2,,,18,18,1,22,,B03,120.730002,24.254891,3
2022,3,12,17,39,臺中市,西屯區,0,0,0,8,,,50,,,,,,,,,,,,,,,7,,,,,B03,,,1,,1,,,7,7,1,4,,B03,120.647716,24.163738,3
2022,3,12,17,40,臺中市,北屯區,0,0,0,8,,,30,,,,,,,,,,,,,,,23,,,,,B03,,,1,,2,,,23,23,1,21,,B03,120.727156,24.177305,3
2022,3,12,17,46,臺中市,南區,0,1,0,8,1,5,50,4,1,1,5,4,5,7,2,1,10,5,5,2,16,6,3,10,1,1,B03,7,5,1,8,2,6,,6,6,1,21,8,B03,120.668511,24.129407,2
2022,3,12,17,47,臺中市,南屯區,0,0,0,8,1,5,50,4,1,1,5,4,5,7,1,1,10,5,5,2,16,6,3,10,1,1,B03,7,6,1,8,1,2,,6,6,1,22,8,B03,120.648693,24.148825,3
2022,3,12,17,53,臺中市,烏日區,0,0,0,8,,,80,,,,,,,,,,,,,,,16,,,,,B03,,,1,,9,,,16,16,1,21,,B03,120.612539,24.101966,3
2022,3,12,18,5,臺中市,太平區,0,0,0,8,,,50,,,,,,,,,,,,,,,19,,,,,C03,,,1,,2,,,19,19,1,5,,C03,120.711133,24.14991,3
2022,3,12,18,6,臺中市,北區,0,1,0,8,3,5,50,4,2,1,5,4,5,7,2,1,5,4,4,1,16,8,2,9,3,4,C03,7,5,1,10,2,14,,8,8,1,20,9,C03,120.682583,24.153366,2
2022,3,12,18,19,臺中市,豐原區,0,2,0,8,3,5,50,4,7,1,5,4,5,7,1,1,5,4,4,2,17,26,2,9,4,1,F01,7,7,8,20,2,16,,26,26,1,22,8,F01,120.704909,24.246494,2
2022,3,12,18,20,臺中市,南屯區,0,0,0,8,,,50,,,,,,,,,,,,,,,23,,,,,B03,,,1,,1,,,23,23,1,22,,B03,120.652999,24.149933,3
2022,3,12,18,25,臺中市,北區,0,0,0,8,,,50,,,,,,,,,,,,,,,23,,,,,B03,,,3,,2,,,23,23,1,22,,B03,120.666251,24.153752,3
2022,3,12,18,29,臺中市,烏日區,0,1,0,8,3,5,30,4,1,1,5,4,5,7,4,4,10,5,5,2,15,6,3,10,1,1,B03,7,9,1,8,2,8,,6,6,1,21,8,B03,120.624485,24.103682,2
2022,3,12,18,31,臺中市,南屯區,0,0,0,8,,,50,,,,,,,,,,,,,,,7,,,,,B03,,,4,,1,,,7,7,1,22,,B03,120.625073,24.149076,3
2022,3,12,18,32,臺中市,西屯區,0,1,0,8,1,5,40,14,7,1,5,4,5,7,4,4,8,4,4,1,16,26,2,9,1,4,C03,7,7,1,10,2,11,,26,26,1,4,8,C03,120.61497,24.184928,2
2022,3,12,18,35,臺中市,北屯區,0,0,0,8,,,50,,,,,,,,,,,,,,,23,,,,,B03,,,1,,1,,,23,23,1,21,,B03,120.704756,24.182386,3
2022,3,12,18,37,臺中市,西區,0,0,0,8,,,50,,,,,,,,,,,,,,,23,,,,,C03,,,2,,2,,,23,23,1,4,,C03,120.670002,24.138287,3
2022,3,12,18,37,臺中市,中區,0,1,0,8,3,5,50,4,1,1,5,4,5,7,2,1,10,5,5,2,16,25,3,10,1,1,B03,7,5,1,8,2,1,,26,25,1,21,8,B03,120.677642,24.144083,2
2022,3,12,18,38,臺中市,西區,0,0,0,8,,,50,,,,,,,,,,,,,,,16,,,,,B03,,,1,,1,,,16,16,1,5,,B03,120.659304,24.156055,4
2022,3,12,18,40,臺中市,霧峰區,0,3,0,8,1,5,40,14,9,1,5,4,5,7,4,4,1,5,5,1,13,23,2,9,1,1,C03,7,9,1,10,2,11,,23,23,1,21,8,C03,120.684576,24.019398,2
2022,3,12,18,40,臺中市,神岡區,0,1,0,8,3,5,50,3,1,1,5,4,5,7,1,1,10,5,5,2,17,42,3,10,3,4,B02,7,5,1,8,9,15,,42,42,1,22,9,B02,120.660418,24.271964,2
2022,3,12,18,42,臺中市,新社區,0,0,0,8,,,50,,,,,,,,,,,,,,,23,,,,,B12,,,1,,2,,,23,23,1,22,,B12,120.809201,24.242803,3
2022,3,12,18,42,臺中市,西屯區,0,1,0,8,3,5,50,14,9,1,5,4,5,7,4,4,1,4,5,2,17,7,2,9,3,4,C03,7,7,1,10,1,11,,7,7,1,22,8,C03,120.660356,24.170948,2
2022,3,12,18,43,臺中市,大甲區,0,2,0,8,3,5,50,4,1,1,5,4,5,7,4,4,10,5,5,2,3,23,3,10,4,5,H01,8,16,8,20,2,16,,53,23,1,15,8,H01,120.61403,24.341518,2
2022,3,12,18,43,臺中市,沙鹿區,0,1,0,8,3,5,50,4,1,1,5,4,5,7,2,1,10,5,5,2,17,23,3,10,1,1,B03,7,1,1,5,2,1,,23,23,1,9,8,B03,120.568805,24.22311,2
2022,3,12,18,45,臺中市,南區,0,1,0,7,3,5,50,4,1,1,5,4,5,7,1,1,10,5,5,2,17,23,2,9,1,1,C03,7,9,1,10,2,12,,23,23,1,22,9,C03,120.68462,24.13111,2
2022,3,12,18,49,臺中市,龍井區,0,2,0,8,3,5,50,3,1,1,5,4,5,7,4,4,9,4,4,2,17,6,3,10,1,1,B03,7,6,1,8,2,4,,6,6,1,21,8,B03,120.57405,24.185685,2
2022,3,12,18,54,臺中市,北區,0,0,0,8,,,50,,,,,,,,,,,,,,,16,,,,,C03,,,1,,2,,,16,16,1,22,,C03,120.685856,24.154568,3
2022,3,12,18,57,臺中市,中區,0,0,0,8,,,50,,,,,,,,,,,,,,,43,,,,,,,,,,,,,43,43,1,,,,120.684564,24.138095,3
2022,3,12,19,5,臺中市,東區,0,0,0,8,,,50,,,,,,,,,,,,,,,42,,,,,B03,,,1,,2,,,42,42,1,4,,B03,120.70388,24.134222,3
2022,3,12,19,8,臺中市,西屯區,0,0,0,8,,,40,,,,,,,,,,,,,,,16,,,,,C03,,,1,,1,,,16,16,1,4,,C03,120.634347,24.175481,3
2022,3,12,19,14,臺中市,南屯區,0,1,0,8,3,5,30,4,1,1,5,4,5,7,4,4,10,5,5,2,15,6,2,8,1,1,C03,7,9,1,10,2,11,14,6,6,1,22,6,C03,120.628871,24.152891,2
2022,3,12,19,30,臺中市,清水區,0,1,0,8,1,5,50,3,1,1,5,4,5,7,1,1,10,5,5,2,16,6,3,10,1,1,B02,7,5,1,8,2,5,,6,6,1,5,5,B02,120.572668,24.262296,2
2022,3,12,19,53,臺中市,東區,0,0,0,8,,,50,,,,,,,,,,,,,,,23,,,,,B03,,,1,,2,,,23,23,1,22,,B03,120.69963,24.138882,3
2022,3,12,19,54,臺中市,東區,0,0,0,,,,40,,,,,,,,,,,,,,,23,,,,,B02,,,1,,2,,,23,23,1,21,,B02,120.698198,24.135857,3
2022,3,12,19,57,臺中市,西屯區,0,0,0,8,,,1,,,,,,,,,,,,,,,40,,,,,B03,,,1,,1,,,40,40,1,22,,B03,120.593806,24.18037,3
2022,3,12,20,12,臺中市,梧棲區,0,0,0,8,,,50,,,,,,,,,,,,,,,12,,,,,B03,,,1,,2,,,12,12,1,9,,B03,120.531003,24.255456,3
2022,3,12,20,15,臺中市,大里區,0,2,0,8,3,5,50,4,2,1,5,4,5,7,3,1,10,5,5,2,12,7,3,10,1,1,B03,7,9,1,8,2,5,,14,7,1,10,8,B03,120.68377,24.097427,2
2022,3,12,20,20,臺中市,東勢區,0,0,0,8,,,50,,,,,,,,,,,,,,,6,,,,,B03,,,1,,2,,,6,6,1,21,,B03,120.827139,24.26012,3
2022,3,12,20,33,臺中市,沙鹿區,0,1,0,8,3,5,50,3,1,1,5,4,5,7,4,4,10,5,5,2,17,4,3,10,1,1,B03,7,9,1,8,2,8,,4,4,1,21,8,B03,120.57084,24.255164,2
2022,3,12,20,34,臺中市,北區,0,1,0,8,3,5,50,14,7,1,5,4,5,7,4,4,9,5,4,2,16,6,3,10,1,1,B03,7,11,1,8,2,7,,6,6,1,22,9,B03,120.67701,24.159463,2
2022,3,12,20,35,臺中市,北區,0,0,0,,,,50,,,,,,,,,,,,,,,23,,,,,B03,,,1,,2,,,23,23,1,22,,B03,120.702404,24.159594,3
2022,3,12,20,40,臺中市,霧峰區,0,3,0,8,3,5,50,3,1,1,5,4,5,7,1,1,10,5,5,2,17,25,2,9,1,1,C03,7,9,1,10,2,11,,25,25,1,21,5,C03,120.699664,24.075545,2
2022,3,12,20,41,臺中市,北屯區,0,1,0,8,3,5,60,3,1,1,5,4,5,7,4,4,1,4,4,2,16,1,2,9,1,1,C03,7,4,1,10,2,14,,1,1,1,21,8,C03,120.714151,24.164415,2
2022,3,12,20,45,臺中市,南區,0,0,0,,,,50,,,,,,,,,,,,,,,6,,,,,B03,,,1,,2,,,6,6,1,22,,B03,120.668546,24.11399,3
2022,3,12,21,3,臺中市,東勢區,0,1,0,8,3,5,50,4,1,1,5,4,5,7,4,4,10,5,5,2,13,16,3,10,1,1,B03,7,9,1,8,2,1,,16,16,1,21,8,B03,120.828347,24.255556,2
2022,3,12,21,10,臺中市,西區,0,1,0,8,3,5,50,4,1,1,5,4,5,7,1,1,10,4,4,2,17,23,3,10,1,1,B03,7,6,1,8,2,15,,44,23,1,20,8,B03,120.673517,24.147762,2
2022,3,12,21,12,臺中市,南區,0,1,0,8,3,5,50,14,7,1,5,4,5,7,4,4,1,4,4,2,17,42,2,9,1,1,C03,7,9,1,10,2,15,,42,42,1,22,8,C03,120.670064,24.119736,2
2022,3,12,21,16,臺中市,霧峰區,0,0,0,8,,,50,,,,,,,,,,,,,,,12,,,,,B03,,,1,,2,,,12,12,1,22,,B03,120.698216,24.065751,3
2022,3,12,21,24,臺中市,中區,0,1,0,8,3,5,50,4,1,1,5,4,5,7,4,4,5,5,5,2,12,2,3,10,3,4,B01,7,8,1,4,2,2,,2,2,1,10,8,B01,120.686006,24.139498,2
2022,3,12,21,38,臺中市,太平區,0,0,0,8,,,30,,,,,,,,,,,,,,,23,,,,,B03,,,1,,1,,,23,23,1,5,,B03,120.724914,24.136458,4
2022,3,12,21,53,臺中市,大里區,0,0,0,8,,,30,,,,,,,,,,,,,,,23,,,,,B01,,,1,,2,,,23,23,1,22,,B01,120.678495,24.103013,3
2022,3,12,21,55,臺中市,西屯區,0,2,0,8,1,5,50,14,9,1,5,4,5,7,4,4,1,4,5,2,16,7,2,9,1,1,C03,7,7,3,18,2,14,,7,7,1,4,8,C03,120.649846,24.163209,2
2022,3,12,22,5,臺中市,大里區,0,0,0,8,,,50,,,,,,,,,,,,,,,12,,,,,B03,,,1,,2,,,12,12,1,22,,B03,120.702985,24.08867,3
2022,3,12,22,20,臺中市,西區,0,0,0,,,,50,,,,,,,,,,,,,,,7,,,,,B01,,,1,,1,,,44,44,1,20,,B01,120.671278,24.149439,3
2022,3,12,22,32,臺中市,西屯區,0,1,0,8,3,5,50,14,9,1,5,4,5,7,4,4,5,4,5,2,14,12,3,10,3,4,B01,7,2,1,4,2,7,,12,12,1,22,8,B01,120.662015,24.165578,2
2022,3,12,23,1,臺中市,西屯區,0,2,0,8,3,5,30,3,1,1,5,4,5,7,4,4,10,5,5,2,11,6,,,,,,,,,,,,,,,,,,,120.645888,24.175663,2
2022,3,12,23,17,臺中市,南區,0,2,0,8,3,5,40,3,1,1,5,4,5,7,1,1,3,4,4,2,16,10,2,8,1,1,C03,7,11,3,18,2,13,,10,10,1,21,8,C03,120.664807,24.126053,2
2022,3,12,23,43,臺中市,龍井區,0,1,0,8,3,5,50,3,1,1,5,4,5,7,4,4,10,5,5,2,17,23,3,10,3,4,B03,7,9,1,8,2,6,,44,23,1,22,9,B03,120.589037,24.180706,2
2022,3,13,0,10,臺中市,烏日區,0,0,0,8,,,30,,,,,,,,,,,,,,,18,,,,,B03,,,1,,2,,,18,18,1,21,,B03,120.641453,24.111154,3
2022,3,13,0,33,臺中市,北區,0,0,0,8,,,50,,,,,,,,,,,,,,,6,,,,,C03,,,1,,11,,,6,6,1,22,,C03,120.676412,24.161703,3
2022,3,13,0,48,臺中市,西屯區,0,0,0,8,,,50,,,,,,,,,,,,,,,6,,,,,B12,,,1,,2,,,6,6,1,22,,B12,120.646836,24.173358,3
2022,3,13,0,54,臺中市,北區,0,1,0,8,3,5,50,3,1,1,5,4,5,7,4,4,10,5,5,2,17,6,3,10,1,1,B03,7,5,1,8,2,4,,6,6,1,22,8,B03,120.688649,24.152445,2
2022,3,13,2,17,臺中市,東區,0,1,0,8,3,5,50,14,9,1,5,4,5,7,4,4,9,5,5,2,16,10,3,10,1,1,B03,7,11,1,8,4,8,,10,10,1,22,8,B03,120.701383,24.141051,2
2022,3,13,4,6,臺中市,南屯區,0,0,0,8,,,50,,,,,,,,,,,,,,,6,,,,,B12,,,1,,9,,,6,6,1,22,,B12,120.641686,24.146869,3
2022,3,13,4,28,臺中市,豐原區,0,2,0,8,3,5,50,4,18,1,5,4,5,7,2,1,4,5,4,2,3,52,2,9,4,1,H01,8,16,8,20,2,16,,52,52,1,4,3,H01,120.714494,24.250991,2
2022,3,13,5,55,臺中市,北區,0,0,0,8,,,50,,,,,,,,,,,,,,,23,,,,,B03,,,1,,2,,,23,23,1,22,,B03,120.683315,24.148806,3
2022,3,13,6,30,臺中市,潭子區,0,0,0,8,,,60,,,,,,,,,,,,,,,7,,,,,B12,,,1,,2,,,7,7,1,22,,B12,120.705149,24.20875,3
2022,3,13,6,40,臺中市,北區,0,1,0,8,1,5,50,14,8,1,5,4,5,7,4,4,1,4,4,2,17,7,3,10,1,1,B03,7,8,1,8,2,5,,7,7,1,22,8,B03,120.677262,24.153588,2
2022,3,13,6,50,臺中市,清水區,0,1,0,8,1,5,30,3,1,1,5,4,5,7,4,4,10,5,5,1,16,6,3,10,1,1,B03,7,6,1,8,2,8,,6,6,1,5,5,B03,120.585642,24.290285,2
2022,3,13,7,28,臺中市,南屯區,0,2,0,8,1,5,50,4,1,1,5,4,5,7,2,1,1,2,5,2,16,25,2,7,1,1,B03,7,9,1,10,2,4,,25,25,1,4,8,B03,120.628648,24.147818,2
2022,3,13,7,35,臺中市,神岡區,0,1,0,8,1,5,60,4,2,1,5,4,5,7,1,1,1,4,4,1,16,6,3,10,3,4,B03,7,6,1,8,2,2,,6,6,1,22,9,B03,120.698621,24.235573,2
2022,3,13,8,19,臺中市,外埔區,0,0,0,8,,,30,,,,,,,,,,,,,,,6,,,,,B03,,,1,,2,,,6,6,1,20,,B03,120.661846,24.352621,3
2022,3,13,8,25,臺中市,大肚區,0,1,0,8,1,5,50,14,9,1,5,4,5,7,4,4,5,4,5,1,16,26,2,9,1,1,C03,7,5,3,18,2,14,,26,26,1,22,8,C03,120.545034,24.152194,2
2022,3,13,8,30,臺中市,北區,0,2,0,8,1,5,50,4,1,1,5,4,5,7,1,1,10,5,5,2,15,25,2,9,1,1,C03,7,9,6,10,2,11,,25,25,1,22,8,C03,120.685169,24.166985,2
2022,3,13,8,39,臺中市,南區,0,1,0,8,1,5,50,4,18,1,5,4,5,7,4,4,9,4,5,2,3,23,3,10,1,1,C03,7,9,1,10,2,12,,23,23,1,4,1,C03,120.65656,24.119393,2
2022,3,13,8,42,臺中市,東勢區,0,2,0,8,1,5,50,3,1,1,5,4,5,7,4,4,10,5,5,1,16,6,3,10,1,1,B03,7,5,1,8,2,8,,6,6,1,5,8,B03,120.791905,24.285453,2
2022,3,13,8,44,臺中市,梧棲區,0,0,0,8,,,60,,,,,,,,,,,,,,,12,,,,,A12,,,1,,9,,,12,12,1,9,,A12,120.540648,24.260601,3
2022,3,13,8,46,臺中市,神岡區,0,1,0,8,1,5,50,14,7,1,5,4,5,7,4,4,5,4,4,2,12,19,2,9,1,1,C03,7,1,1,10,2,11,,19,19,1,22,8,C03,120.712125,24.25729,2
2022,3,13,8,48,臺中市,沙鹿區,0,0,0,8,,,40,,,,,,,,,,,,,,,23,,,,,C03,,,1,,2,,,23,23,1,5,,C03,120.566277,24.251007,3
2022,3,13,8,50,臺中市,后里區,0,0,0,8,,,30,,,,,,,,,,,,,,,8,,,,,B12,,,1,,2,,,8,8,1,20,,B12,120.738988,24.30577,3
2022,3,13,9,0,臺中市,沙鹿區,0,2,0,8,1,5,50,3,1,1,5,4,5,7,4,4,10,5,5,2,16,44,2,9,1,1,C03,7,9,1,10,2,13,,16,44,1,4,5,C03,120.567015,24.211754,2
2022,3,13,9,2,臺中市,霧峰區,0,0,0,8,,,50,,,,,,,,,,,,,,,23,,,,,B03,,,1,,2,,,23,23,1,4,,B03,120.69391,24.066054,3
2022,3,13,9,10,臺中市,東勢區,0,0,0,8,,,50,,,,,,,,,,,,,,,12,,,,,B12,,,1,,2,,,12,12,1,22,,B12,120.837598,24.266033,3
2022,3,13,9,15,臺中市,后里區,0,0,0,8,1,5,50,14,2,1,5,4,5,7,1,1,5,5,5,2,13,16,,,,,C03,,,1,,1,,,16,16,1,22,,C03,120.709396,24.304086,3
2022,3,13,9,18,臺中市,北屯區,0,0,0,8,,,50,,,,,,,,,,,,,,,19,,,,,B03,,,1,,1,,,19,19,1,5,,B03,120.695061,24.170813,3
2022,3,13,9,30,臺中市,東區,0,1,0,8,1,5,40,14,11,1,5,4,5,7,4,4,5,4,4,2,13,16,2,7,1,1,C03,7,9,1,10,2,11,,16,16,1,22,8,C03,120.694131,24.140856,2
2022,3,13,9,30,臺中市,清水區,0,1,0,8,1,5,50,3,1,1,5,4,5,7,1,1,1,4,4,1,16,10,3,10,1,1,C03,7,11,3,18,2,13,,10,10,1,5,5,C03,120.572724,24.262362,2
2022,3,13,9,40,臺中市,太平區,0,2,0,8,1,5,30,3,1,1,5,4,5,7,4,4,5,5,5,1,16,19,2,9,1,1,C03,7,1,1,10,2,11,,19,19,1,9,8,C03,120.706898,24.111928,2
2022,3,13,9,44,臺中市,龍井區,0,1,0,8,1,5,30,3,1,1,5,4,5,7,4,4,10,5,5,2,17,42,3,10,1,4,B12,7,5,6,8,2,1,,42,42,1,22,8,B12,120.579731,24.175053,2
2022,3,13,9,50,臺中市,神岡區,0,1,0,8,1,5,50,14,9,1,5,4,5,7,4,4,5,5,5,1,13,16,3,10,3,4,C03,7,9,3,18,2,11,,16,16,1,22,9,C03,120.63323,24.272512,2
2022,3,13,9,50,臺中市,大甲區,0,2,0,8,1,5,30,14,9,1,5,4,5,7,4,4,10,5,5,2,16,23,2,9,1,1,C03,7,5,1,10,2,11,,23,23,1,19,8,C03,120.627156,24.351431,2
2022,3,13,9,52,臺中市,龍井區,0,0,0,8,,,50,,,,,,,,,,,,,,,23,,,,,C03,,,1,,2,,,23,23,1,21,,C03,120.58992,24.180994,3
2022,3,13,9,55,臺中市,大甲區,0,1,0,8,1,5,70,3,1,1,5,4,5,7,1,1,1,5,5,2,16,25,2,8,1,1,C03,7,5,1,1,2,11,,25,25,1,21,3,C03,120.608051,24.326453,2
2022,3,13,9,58,臺中市,西屯區,0,2,0,8,1,5,50,14,9,1,5,4,5,7,4,4,1,4,1,2,20,43,2,9,1,1,B12,7,9,1,8,2,8,,43,43,1,22,8,B12,120.659038,24.201139,2
2022,3,13,10,0,臺中市,南屯區,0,1,0,8,1,5,50,3,1,1,5,4,5,7,4,4,5,5,5,2,16,1,2,8,1,1,C03,7,9,1,10,1,12,,1,1,1,22,8,C03,120.64132,24.138467,2
2022,3,13,10,3,臺中市,龍井區,0,1,0,8,1,5,50,14,9,1,5,4,5,7,4,4,5,5,5,1,29,42,2,8,1,4,C03,7,15,3,18,2,11,,42,42,1,21,7,C03,120.581631,24.1754,2
2022,3,13,10,5,臺中市,新社區,0,2,0,8,1,5,40,11,9,1,5,4,5,7,4,4,5,5,5,1,17,42,2,9,1,1,C03,7,10,1,10,2,12,,42,42,1,5,8,C03,120.870596,24.146381,2
2022,3,13,10,8,臺中市,中區,0,1,0,8,1,5,50,4,2,1,5,4,5,7,2,1,5,2,5,2,13,16,2,9,1,1,C03,7,9,1,10,2,11,,16,16,1,22,8,C03,120.679523,24.142434,2
2022,3,13,10,25,臺中市,清水區,0,1,0,8,1,5,40,4,2,1,5,4,5,7,3,1,10,5,5,2,17,4,3,10,1,1,C03,7,15,4,8,2,15,,4,4,1,5,6,C03,120.578262,24.282156,2
2022,3,13,10,28,臺中市,梧棲區,0,3,0,8,1,5,50,3,1,1,5,4,5,7,4,4,10,5,5,2,16,6,2,8,1,1,C03,7,5,3,18,2,11,,6,6,1,16,8,C03,120.538088,24.258421,2
2022,3,13,10,28,臺中市,北屯區,0,1,0,8,1,5,50,3,1,1,5,4,5,7,4,4,10,5,5,2,17,23,2,9,1,1,C03,7,9,1,8,2,15,,23,23,1,21,8,C03,120.705705,24.171011,2
2022,3,13,10,30,臺中市,沙鹿區,0,1,0,8,1,5,50,4,1,1,5,4,5,7,1,1,10,5,5,2,17,17,3,10,1,1,B03,7,9,1,8,2,2,,17,17,1,21,8,B03,120.559596,24.23723,2
2022,3,13,10,32,臺中市,清水區,0,1,0,8,1,5,50,4,7,1,5,4,5,7,1,1,1,4,4,2,12,17,3,10,1,1,B03,7,9,1,8,2,2,,17,17,1,5,5,B03,120.575926,24.270043,2
2022,3,13,10,35,臺中市,東區,0,0,0,8,,,50,,,,,,,,,,,,,,,23,,,,,B03,,,1,7,2,,,23,23,1,5,,B03,120.683331,24.134593,3
2022,3,13,10,35,臺中市,北屯區,0,2,0,8,1,5,50,4,1,1,5,4,5,7,2,1,10,5,5,2,17,16,2,9,1,1,C03,7,9,1,10,2,11,12,16,16,1,5,8,C03,120.690895,24.162981,2
2022,3,13,10,50,臺中市,北屯區,0,0,0,8,,,40,,,,,,,,,,,,,,,23,,,,,B02,,,1,,10,,,23,23,1,4,,B02,120.660991,24.191183,3
2022,3,13,10,50,臺中市,清水區,0,2,0,8,1,5,40,3,1,1,5,4,5,7,4,4,10,5,5,2,16,13,2,9,1,1,C03,7,9,1,10,2,11,,13,13,1,5,6,C03,120.565803,24.297373,2
2022,3,13,10,53,臺中市,北區,0,0,0,8,1,5,50,4,22,1,5,4,5,7,2,1,10,5,5,2,14,12,,,,,B03,,,1,,1,,,12,12,1,22,,B03,120.685555,24.155936,3
2022,3,13,10,55,臺中市,后里區,0,0,0,8,1,5,40,3,1,1,5,4,5,1,4,4,10,5,5,2,11,23,,,,,B03,,,1,,1,,,23,23,1,22,,B03,120.751772,24.323945,3
2022,3,13,10,59,臺中市,中區,0,0,0,8,,,50,,,,,,,,,,,,,,,42,,,,,B12,,,1,,1,,,42,42,1,21,,B12,120.681828,24.145106,3
2022,3,13,11,0,臺中市,北區,0,0,0,,,,50,,,,,,,,,,,,,,,38,,,,,B03,,,1,,11,,,38,38,1,22,,B03,120.669225,24.155724,3
2022,3,13,11,0,臺中市,沙鹿區,0,1,0,8,1,5,50,14,7,1,5,4,5,7,2,1,5,5,4,2,12,17,3,10,1,1,B03,7,9,1,8,2,5,,17,17,1,18,5,B03,120.561478,24.242452,2
2022,3,13,11,12,臺中市,西區,0,2,0,8,1,5,50,4,1,1,5,4,5,7,1,1,10,5,5,2,16,9,3,10,1,1,B03,7,6,1,8,2,2,,9,9,1,21,8,B03,120.666633,24.146728,2
2022,3,13,11,19,臺中市,北屯區,0,0,0,8,,,50,,,,,,,,,,,,,,,6,,,,,B03,,,1,,2,,,6,6,1,5,,B03,120.717743,24.171505,3
2022,3,13,11,22,臺中市,沙鹿區,0,1,0,8,1,5,30,3,1,1,5,4,5,7,4,4,10,5,5,2,16,6,3,10,1,1,B12,7,5,1,8,2,5,,6,6,1,21,8,B12,120.578783,24.232895,2
2022,3,13,11,25,臺中市,豐原區,0,0,0,8,,,25,,,,,,,,,,,,,,,17,,,,,B12,,,1,,2,,,17,17,1,22,,B12,120.738288,24.272414,3
2022,3,13,11,25,臺中市,南屯區,0,0,0,8,,,50,,,,,,,,,,,,,,,16,,,,,B03,,,1,,2,,,16,16,1,5,,B03,120.63927,24.14195,3
2022,3,13,11,27,臺中市,潭子區,0,2,0,8,1,5,60,4,1,1,5,4,5,7,1,1,1,4,5,1,12,23,3,10,1,1,B03,7,8,1,8,2,15,,7,23,1,22,8,B03,120.703486,24.201195,2
2022,3,13,11,30,臺中市,南屯區,0,2,0,8,1,5,50,4,1,1,5,4,5,7,1,1,5,4,4,2,12,26,2,9,1,1,C03,7,5,1,10,2,14,,26,26,1,22,9,C03,120.64067,24.146858,2