年,月,日,時,分,縣市,區,死,受傷,2-30,天候,光線,道路類別,速限,道路型態,事故位置,路面鋪裝,路面狀態,路面缺陷,障礙物,視距,號誌種類,號誌動作,分向設施,快車道或一般車道間,快慢車道間,路面邊線,事故類型及型態,主要肇因,受傷程度,主要傷處,保護裝備,行動電話,當事者區分,車輛用途,當事者行動狀態,駕駛資格情形,駕駛執照種類,飲酒情形,車輛撞擊部位最初,車輛撞擊部位其他,肇事因素個別,肇事因素主要,肇事逃逸,職業,旅次目的,車種,GPS緯度,GPS經度,事故類別
2022,3,14,17,20,臺中市,大雅區,0,2,0,8,1,5,50,14,8,1,5,4,5,7,4,4,9,4,5,1,17,19,2,9,1,1,C03,7,1,1,10,2,13,,19,19,1,22,9,C03,120.653991,24.233438,2
2022,3,14,17,23,臺中市,西屯區,0,0,0,8,,,30,,,,,,,,,,,,,,,6,,,,,B03,,,1,,2,,,6,6,1,22,,B03,120.661638,24.174953,3
2022,3,14,17,24,臺中市,北區,0,0,0,8,,,40,,,,,,,,,,,,,,,7,,,,,C03,,,1,,1,,,7,7,1,22,,C03,120.682336,24.152907,3
2022,3,14,17,25,臺中市,南屯區,0,0,0,,,,50,,,,,,,,,,,,,,,23,,,,,B03,,,1,,1,,,23,23,1,22,,B03,120.648227,24.123252,3
2022,3,14,17,29,臺中市,神岡區,0,0,0,8,,,30,,,,,,,,,,,,,,,17,,,,,C03,,,1,,1,,,17,17,1,22,,C03,120.689193,24.24553,3
2022,3,14,17,32,臺中市,新社區,0,1,0,8,1,5,50,14,9,1,5,4,5,7,4,4,5,5,5,1,17,19,3,10,1,1,B03,7,1,1,7,3,8,,19,19,1,21,8,B03,120.799463,24.229391,2
2022,3,14,17,33,臺中市,西屯區,0,0,0,8,,,50,,,,,,,,,,,,,,,17,,,,,B03,,,1,,11,,,17,17,1,22,,B03,120.643548,24.168151,3
2022,3,14,17,35,臺中市,梧棲區,0,0,0,8,,,40,,,,,,,,,,,,,,,23,,,,,B03,,,1,,2,,,23,23,1,12,,B03,120.537065,24.251305,3
2022,3,14,17,42,臺中市,北屯區,0,2,0,8,1,5,50,4,1,1,5,4,5,7,1,1,10,5,5,2,16,6,2,9,1,1,C03,7,5,1,10,2,11,,6,6,1,22,8,C03,120.722543,24.176029,2
2022,3,14,17,50,臺中市,西區,0,1,0,8,3,5,50,14,9,1,5,4,1,7,4,4,5,5,5,2,17,40,3,10,1,1,B03,7,13,1,8,2,4,,40,40,1,4,8,B03,120.661,24.135272,2
2022,3,14,17,54,臺中市,北屯區,0,0,0,8,,,50,,,,,,,,,,,,,,,7,,,,,C03,,,1,,2,,,7,7,1,22,,C03,120.670395,24.188906,3
2022,3,14,17,54,臺中市,沙鹿區,0,0,0,8,,,70,,,,,,,,,,,,,,,16,,,,,B03,,,1,,2,,,16,16,1,22,,B03,120.60211,24.249264,3
2022,3,14,17,58,臺中市,大里區,0,0,0,8,,,50,,,,,,,,,,,,,,,23,,,,,B03,,,1,,,,,23,23,1,21,,B03,120.692043,24.090672,3
2022,3,14,17,58,臺中市,西屯區,0,0,0,8,,,50,,,,,,,,,,,,,,,23,,,,,B03,,,1,,1,,,23,23,1,22,,B03,120.650373,24.165333,3
2022,3,14,18,0,臺中市,南屯區,0,1,0,8,1,5,50,4,1,1,5,4,5,7,4,4,10,5,5,2,16,6,3,10,1,1,C03,7,5,1,10,2,11,,6,6,1,22,9,C03,120.613001,24.145329,2
2022,3,14,18,6,臺中市,北區,0,0,0,8,,,50,,,,,,,,,,,,,,,16,,,,,C03,,,1,,2,,,16,16,1,22,,C03,120.678963,24.152061,3
2022,3,14,18,8,臺中市,潭子區,0,1,0,8,2,5,30,3,2,1,5,4,5,7,4,4,5,4,4,2,12,6,3,10,1,1,B03,7,5,1,8,9,15,,6,6,2,22,8,B03,120.681566,24.207762,2
2022,3,14,18,12,臺中市,南屯區,0,0,0,8,2,5,50,14,9,1,5,4,5,7,4,4,9,4,5,2,13,16,3,10,1,1,C03,7,9,1,10,1,11,,16,16,1,4,1,C03,120.644853,24.134498,3
2022,3,14,18,15,臺中市,西屯區,0,1,0,8,2,5,50,3,1,1,5,4,5,7,1,1,10,5,5,2,3,15,3,10,1,1,B03,7,5,1,8,2,8,,15,15,1,21,8,B03,120.639725,24.176876,2
2022,3,14,18,17,臺中市,北屯區,0,2,0,8,3,5,50,3,1,1,5,4,5,7,4,4,10,5,5,2,17,19,2,9,1,1,B03,7,1,1,8,2,8,,19,19,1,21,8,B03,120.724596,24.173265,2
2022,3,14,18,18,臺中市,西屯區,0,1,0,8,3,5,50,14,9,1,5,4,5,7,4,4,5,4,4,2,12,26,2,9,1,1,C03,7,4,1,10,2,11,12,26,26,1,22,8,C03,120.642051,24.194611,2
2022,3,14,18,30,臺中市,太平區,0,1,0,8,3,5,50,4,1,1,5,4,5,7,1,1,5,4,5,2,16,23,2,8,1,1,C03,7,9,1,10,2,14,,23,23,1,21,8,C03,120.721432,24.142675,2
2022,3,14,18,32,臺中市,西屯區,0,1,0,8,3,5,30,3,1,1,5,4,5,7,4,4,10,5,5,2,16,6,3,10,3,4,B03,7,5,1,8,2,5,,6,6,1,22,8,B03,120.614108,24.178648,2
2022,3,14,18,40,臺中市,沙鹿區,0,0,0,8,,,50,,,,,,,,,,,,,,,19,,,,,C03,,,1,,2,,,19,19,1,9,,C03,120.553888,24.218333,3
2022,3,14,18,45,臺中市,南屯區,0,0,0,,,,50,,,,,,,,,,,,,,,7,,,,,B03,,,1,,1,,,7,7,1,22,,B03,120.638361,24.141973,3
2022,3,14,18,48,臺中市,西區,0,1,0,8,3,5,50,4,1,1,5,4,5,7,1,1,10,5,5,2,16,8,2,9,1,1,C04,7,5,1,10,2,13,,8,8,1,4,5,C04,120.671254,24.134425,2
2022,3,14,18,50,臺中市,北屯區,0,1,0,8,1,5,50,14,7,1,5,4,5,7,4,4,5,4,4,2,12,17,3,10,1,1,C03,7,4,1,10,2,12,,17,17,1,5,4,C03,120.690477,24.177748,2
2022,3,14,18,51,臺中市,沙鹿區,0,1,0,8,3,5,50,4,1,1,5,4,5,7,4,4,10,5,5,2,17,23,3,10,1,1,B03,7,5,1,8,2,4,,23,23,1,4,9,B03,120.565438,24.236394,2
2022,3,14,19,0,臺中市,梧棲區,0,1,0,8,4,5,40,14,16,1,5,4,5,7,1,1,1,4,4,2,13,23,2,1,1,1,B03,7,9,1,8,8,1,,23,23,1,12,8,B03,120.522451,24.223876,2
2022,3,14,19,15,臺中市,太平區,0,0,0,8,,,30,,,,,,,,,,,,,,,12,,,,,B12,,,1,,1,,,12,12,1,21,,B12,120.707928,24.112525,3
2022,3,14,19,17,臺中市,西區,0,1,0,8,3,5,60,4,1,1,5,4,5,7,1,1,5,5,5,2,17,6,3,10,3,4,B03,7,6,1,8,2,15,,6,6,1,21,8,B03,120.655135,24.150813,2
2022,3,14,19,19,臺中市,太平區,0,1,0,8,3,5,50,14,7,1,5,4,5,7,4,4,5,5,4,1,16,19,3,10,1,1,B12,7,1,1,8,2,7,,19,19,1,9,5,B12,120.70435,24.155306,2
2022,3,14,19,19,臺中市,西屯區,0,0,0,8,,,50,,,,,,,,,,,,,,,26,,,,,B03,,,1,,2,,,26,26,1,22,,B03,120.594148,24.179615,3
2022,3,14,19,20,臺中市,大里區,0,0,0,8,,,40,,,,,,,,,,,,,,,17,,,,,B11,,,1,,9,,,17,17,1,10,,B11,120.667059,24.096685,3
2022,3,14,19,29,臺中市,西屯區,0,1,0,8,2,5,60,4,1,1,5,4,5,7,2,1,10,5,5,2,3,15,3,10,1,1,B03,7,5,1,8,2,1,,15,15,1,21,8,B03,120.643868,24.156433,2
2022,3,14,19,30,臺中市,大肚區,0,1,0,8,3,5,50,14,8,1,5,4,5,7,4,4,1,4,4,1,16,7,3,10,1,1,B03,7,8,1,8,2,5,,7,7,1,2,8,B03,120.564505,24.122972,2
2022,3,14,19,31,臺中市,沙鹿區,0,1,0,8,3,5,50,3,1,1,5,4,5,7,1,1,1,2,4,2,9,60,2,9,4,1,H01,8,17,8,20,10,16,,60,60,1,4,8,H01,120.558526,24.227854,2
2022,3,14,19,36,臺中市,南屯區,0,1,0,8,3,5,50,4,1,1,5,4,5,7,2,1,10,5,5,2,16,6,3,10,1,1,B03,7,5,1,8,2,5,,6,6,1,1,8,B03,120.6357,24.148511,2
2022,3,14,19,52,臺中市,大雅區,0,2,0,8,3,5,50,4,1,1,5,4,5,7,1,1,10,5,5,2,17,8,2,9,1,1,C03,7,5,1,10,2,11,,8,8,1,22,8,C03,120.645414,24.221924,2
2022,3,14,19,58,臺中市,西屯區,0,0,0,8,,,50,,,,,,,,,,,,,,,23,,,,,B03,,,1,,1,,,23,23,1,22,,B03,120.657058,24.167262,3
2022,3,14,20,10,臺中市,大里區,0,0,0,8,,,50,,,,,,,,,,,,,,,42,,,,,B03,,,1,,2,,,42,42,1,22,,B03,120.679348,24.10689,3
2022,3,14,20,18,臺中市,北區,0,1,0,8,3,5,40,14,8,1,5,4,5,7,4,4,9,5,4,2,17,23,4,11,1,1,C03,7,9,1,10,2,11,,23,23,1,22,9,C03,120.680896,24.149205,2
2022,3,14,20,30,臺中市,龍井區,0,0,0,8,,,30,,,,,,,,,,,,,,,12,,,,,B03,,,1,,2,,,12,12,1,21,,B03,120.589322,24.179027,4
2022,3,14,20,40,臺中市,北屯區,0,3,0,8,1,5,50,4,1,1,5,4,5,7,2,1,10,5,5,2,12,26,2,9,1,1,C03,7,9,1,10,2,14,,26,26,1,5,8,C03,120.685546,24.172067,2
2022,3,14,20,42,臺中市,大里區,0,1,0,8,3,5,50,14,9,1,5,4,5,7,4,4,3,4,5,1,12,7,3,10,1,1,C03,7,8,1,10,2,13,,7,7,1,22,8,C03,120.68093,24.10618,2
2022,3,14,20,43,臺中市,北區,0,1,0,8,3,5,50,4,1,1,5,4,5,7,1,1,10,5,5,2,11,6,3,10,3,4,B12,7,5,1,8,2,1,,6,6,1,5,8,B12,120.692251,24.161431,2
2022,3,14,20,44,臺中市,北屯區,0,1,0,8,3,5,50,14,9,1,5,4,5,7,4,4,5,4,5,2,18,23,2,9,1,1,C03,7,9,1,10,2,14,,23,23,1,22,8,C03,120.694136,24.166021,2
2022,3,14,20,45,臺中市,神岡區,0,1,0,7,3,5,50,3,2,1,5,4,5,7,1,1,5,4,5,1,17,17,3,10,1,1,B03,7,5,1,8,2,5,,44,17,1,12,8,B03,120.656626,24.250868,2
2022,3,14,20,45,臺中市,龍井區,0,0,0,8,,,30,,,,,,,,,,,,,,,23,,,,,C03,,,1,,2,,,23,23,1,21,,C03,120.592608,24.182177,3
2022,3,14,20,51,臺中市,西區,0,2,0,8,3,5,30,4,1,1,5,4,5,7,4,4,10,5,5,2,15,6,2,9,1,1,C03,7,9,1,10,2,11,,6,6,1,5,8,C03,120.660856,24.149696,2
2022,3,14,20,51,臺中市,南屯區,0,1,0,8,3,5,50,14,9,1,5,4,5,7,4,4,5,2,5,2,16,26,3,10,1,1,B03,7,11,1,8,2,4,,26,26,1,9,8,B03,120.649636,24.154486,2
2022,3,14,21,50,臺中市,大里區,0,0,0,8,3,5,50,14,9,1,5,4,5,7,1,1,5,5,5,1,13,23,,,,,B03,,,1,,2,,,23,23,1,20,,B03,120.699822,24.094026,3
2022,3,14,21,54,臺中市,清水區,0,0,0,8,3,5,40,14,8,1,5,4,5,7,3,1,5,5,4,2,14,12,3,10,1,1,B03,7,2,1,8,2,6,,12,12,1,5,5,B03,120.552432,24.260951,3
2022,3,14,22,0,臺中市,南區,0,0,0,8,,,50,,,,,,,,,,,,,,,23,,,,,B03,,,3,18,2,,,23,23,1,21,,B03,120.646432,24.110596,3
2022,3,14,22,0,臺中市,后里區,0,1,0,8,3,5,50,3,9,1,5,4,5,7,4,4,5,5,5,1,16,23,2,9,1,1,C03,7,9,1,10,2,11,,23,23,1,18,1,C03,120.708175,24.320901,2
2022,3,14,22,6,臺中市,北區,0,0,0,8,,,50,,,,,,,,,,,,,,,23,,,,,B03,,,1,,2,,,23,23,1,22,,B03,120.68616,24.146227,3
2022,3,14,22,18,臺中市,西屯區,0,0,0,8,,,50,,,,,,,,,,,,,,,10,,,,,B03,,,1,,1,,,10,10,1,22,,B03,120.62612,24.180435,3
2022,3,14,22,54,臺中市,龍井區,0,2,0,8,3,5,70,4,1,1,5,4,5,7,1,1,10,5,5,2,16,8,2,9,1,1,C03,7,5,1,10,2,11,,8,8,1,12,1,C03,120.54245,24.218594,2
2022,3,14,23,4,臺中市,西區,0,0,0,8,,,50,,,,,,,,,,,,,,,42,,,,,B03,,,1,,2,,,42,42,1,21,,B03,120.671719,24.139894,3
2022,3,14,23,20,臺中市,西區,0,2,0,8,3,5,40,14,8,1,5,4,5,7,1,1,1,2,3,2,29,23,2,9,1,1,C03,7,9,1,10,2,11,,23,23,1,5,8,C03,120.670205,24.150203,2
2022,3,14,23,34,臺中市,西屯區,0,1,0,8,3,5,50,14,7,1,5,4,5,7,4,4,5,4,4,2,17,26,3,10,1,1,B03,7,11,1,8,2,7,,26,26,1,22,8,B03,120.6399,24.18216,2
2022,3,15,0,41,臺中市,西屯區,0,1,0,8,4,5,50,4,1,1,5,4,5,7,3,1,10,5,5,2,16,14,3,10,1,1,B03,7,9,1,8,2,4,,14,14,1,22,8,B03,120.647438,24.172818,2
2022,3,15,0,58,臺中市,北區,0,1,0,8,3,5,50,4,1,1,5,4,5,7,3,1,10,5,5,2,16,6,2,9,1,1,C03,7,9,1,10,2,11,,6,6,1,22,8,C03,120.680977,24.161609,2
2022,3,15,2,0,臺中市,太平區,0,1,0,8,3,5,30,11,9,1,5,4,5,7,4,4,5,4,5,1,29,42,2,9,1,1,C03,7,9,1,10,2,12,,42,42,1,22,8,C03,120.805592,24.101976,2
2022,3,15,2,52,臺中市,外埔區,0,0,0,8,,,30,,,,,,,,,,,,,,,23,,,,,B03,,,1,,2,,,23,23,1,4,,B03,120.640416,24.342846,3
2022,3,15,4,41,臺中市,中區,0,2,0,8,2,5,50,4,1,1,5,4,5,7,2,1,10,5,5,2,3,15,2,9,1,1,C03,7,9,1,10,2,15,,15,15,1,5,5,C03,120.685744,24.141555,2
2022,3,15,5,22,臺中市,南屯區,0,0,0,,,,40,,,,,,,,,,,,,,,12,,,,,B12,,,1,8,9,,,12,12,1,23,,B12,120.6398,24.148639,3
2022,3,15,6,23,臺中市,西屯區,0,0,0,8,,,30,,,,,,,,,,,,,,,23,,,,,B12,,,1,,2,,,23,23,1,22,,B12,120.66054,24.199701,3
2022,3,15,6,30,臺中市,清水區,0,2,0,8,1,5,40,14,9,1,5,4,5,7,4,4,9,5,5,1,16,10,2,8,1,1,F01,7,11,8,20,2,16,,10,10,1,15,5,F01,120.562065,24.267472,2
2022,3,15,6,30,臺中市,西屯區,0,1,0,8,2,5,50,14,9,1,5,4,5,7,4,4,1,4,5,2,12,19,3,10,1,1,A31,7,1,1,1,2,4,,19,19,1,22,8,A31,120.663227,24.201271,2
2022,3,15,6,33,臺中市,西屯區,0,0,0,8,,,50,,,,,,,,,,,,,,,10,,,,,B03,,,1,,2,,,10,10,1,22,,B03,120.626716,24.184288,3
2022,3,15,6,44,臺中市,沙鹿區,0,1,0,8,1,5,50,4,1,1,5,4,5,7,1,1,10,5,5,2,17,9,3,10,1,1,B02,7,6,1,8,2,3,,9,9,1,21,8,B02,120.606244,24.247281,2
2022,3,15,6,45,臺中市,清水區,0,0,0,8,,,40,,,,,,,,,,,,,,,40,,,,,B03,,,1,,10,,,40,40,1,5,,B03,120.574595,24.290091,3
2022,3,15,6,45,臺中市,梧棲區,0,2,0,8,1,5,40,14,8,1,5,4,5,7,4,4,1,5,5,2,13,16,2,9,1,1,C03,7,9,1,10,2,11,,16,16,1,22,8,C03,120.518834,24.225655,2
2022,3,15,6,48,臺中市,南屯區,0,0,0,8,,,50,,,,,,,,,,,,,,,16,,,,,B03,,,1,,2,,,16,16,1,22,,B03,120.615416,24.147178,3
2022,3,15,6,57,臺中市,北屯區,0,1,0,8,1,5,30,4,1,1,5,4,5,7,4,4,10,5,5,2,13,43,3,10,1,1,B03,7,5,1,8,2,1,,43,43,1,21,8,B03,120.675565,24.178576,2
2022,3,15,7,7,臺中市,大甲區,0,1,0,8,1,5,50,4,1,1,5,4,5,7,4,4,10,5,5,2,17,1,3,10,1,1,C03,7,9,1,10,2,15,,1,1,1,4,1,C03,120.626213,24.348041,2
2022,3,15,7,11,臺中市,豐原區,0,0,0,,,,50,,,,,,,,,,,,,,,7,,,,,B03,,,1,,1,,,7,7,1,22,,B03,120.715394,24.248234,4
2022,3,15,7,14,臺中市,南屯區,0,2,0,8,1,5,50,4,1,1,5,4,5,7,2,1,5,5,4,2,16,6,2,9,1,1,F01,7,5,8,20,2,16,,6,6,1,4,1,F01,120.612254,24.150463,2
2022,3,15,7,17,臺中市,南區,0,0,0,8,,,50,,,,,,,,,,,,,,,23,,,,,B03,,,1,,2,,,23,23,1,22,,B03,120.661975,24.121331,3
2022,3,15,7,20,臺中市,清水區,0,1,0,8,1,5,70,3,2,1,5,4,5,7,1,1,1,4,1,1,13,23,2,3,1,1,B03,7,9,1,8,2,1,,23,23,1,21,8,B03,120.585361,24.287151,2
2022,3,15,7,20,臺中市,梧棲區,0,1,0,8,1,5,50,14,9,1,5,4,5,7,4,4,9,4,5,2,13,16,2,9,1,1,C03,7,9,1,10,2,11,,16,16,1,4,1,C03,120.539921,24.26304,2
2022,3,15,7,25,臺中市,清水區,0,0,0,8,1,5,30,11,9,1,5,4,5,7,4,4,10,5,5,1,15,6,3,10,1,1,C03,7,9,1,10,2,11,,6,6,1,5,1,C03,120.596263,24.29766,3
2022,3,15,7,25,臺中市,清水區,0,0,0,8,,,50,,,,,,,,,,,,,,,17,,,,,B03,,,1,,2,,,17,17,1,22,,B03,120.574066,24.26718,3
2022,3,15,7,29,臺中市,梧棲區,0,1,0,8,1,5,50,4,1,1,5,4,5,7,4,4,10,5,5,2,17,6,2,9,1,1,C03,7,9,1,10,2,14,,6,6,1,3,1,C03,120.535754,24.264555,2
2022,3,15,7,35,臺中市,后里區,0,0,0,8,,,30,,,,,,,,,,,,,,,23,,,,,B03,,,1,,1,,,23,23,1,22,,B03,120.721745,24.304154,3
2022,3,15,7,35,臺中市,烏日區,0,0,0,8,,,60,,,,,,,,,,,,,,,7,,,,,B03,,,1,,2,,,7,7,1,21,,B03,120.633372,24.105886,3
2022,3,15,7,37,臺中市,神岡區,0,2,0,8,1,5,0,14,9,1,5,4,5,7,4,4,1,4,4,1,17,40,3,10,1,1,B03,7,13,1,8,2,4,,40,40,1,22,8,B03,120.7093,24.260092,2
2022,3,15,7,38,臺中市,大里區,0,2,0,8,1,5,50,3,1,1,5,4,5,7,4,4,10,5,5,2,17,19,2,8,1,1,C03,7,1,1,10,2,11,,19,19,1,21,9,C03,120.695323,24.081563,2
2022,3,15,7,40,臺中市,后里區,0,0,0,8,,,50,,,,,,,,,,,,,,,7,,,,,B03,,,1,,1,,,7,7,1,10,,B03,120.701597,24.312231,3
2022,3,15,7,42,臺中市,東勢區,0,2,0,8,1,5,60,3,1,1,5,4,5,7,1,1,10,5,5,2,17,25,2,9,1,1,C03,7,5,2,18,2,11,,25,25,1,21,8,C03,120.800407,24.303212,2
2022,3,15,7,43,臺中市,外埔區,0,0,0,,,,60,,,,,,,,,,,,,,,23,,,,,B03,,,1,,2,,,23,23,1,3,,B03,120.621729,24.320829,3
2022,3,15,7,45,臺中市,烏日區,0,1,0,8,1,5,70,14,7,1,5,4,5,7,4,4,1,4,4,1,13,23,2,7,1,1,B03,7,9,1,8,2,1,,23,23,1,21,8,B03,120.607739,24.108516,2
2022,3,15,7,51,臺中市,南屯區,0,0,0,,,,50,,,,,,,,,,,,,,,23,,,,,B03,,,1,,1,,,23,23,1,22,,B03,120.639074,24.145741,3
2022,3,15,7,51,臺中市,太平區,0,3,0,8,1,5,50,14,9,1,5,4,5,7,4,4,5,4,5,1,12,44,2,9,1,1,C03,7,4,1,10,2,12,,1,1,1,21,8,C03,120.720632,24.133514,2
2022,3,15,7,59,臺中市,大里區,0,0,0,8,,,50,,,,,,,,,,,,,,,9,,,,,B03,,,1,,2,,,9,9,1,22,,B03,120.680015,24.074138,3
2022,3,15,8,0,臺中市,南屯區,0,0,0,8,,,50,,,,,,,,,,,,,,,26,,,,,B03,,,1,,1,,,26,26,1,22,,B03,120.638122,24.142224,3
2022,3,15,8,4,臺中市,北屯區,0,1,0,8,1,5,50,3,2,1,5,4,5,7,1,1,1,4,5,2,13,16,2,9,1,1,C03,7,9,1,10,2,11,,16,16,1,9,1,C03,120.66816,24.200726,2
2022,3,15,8,8,臺中市,西屯區,0,1,0,8,1,5,30,3,1,1,5,4,5,7,4,4,10,5,5,1,17,42,2,9,1,1,C03,7,9,6,18,2,12,,42,42,1,1,9,C03,120.642014,24.1563,2
2022,3,15,8,18,臺中市,大里區,0,2,0,8,1,5,50,4,1,1,5,4,5,7,1,1,10,5,4,1,16,6,2,9,1,1,C03,7,5,1,10,2,12,,6,6,1,4,8,C03,120.698292,24.094508,2
2022,3,15,8,21,臺中市,南屯區,0,1,0,8,1,5,50,14,9,1,5,4,5,7,4,4,10,5,5,2,13,23,2,9,1,1,C04,7,9,1,10,2,11,,23,23,1,22,8,C04,120.618241,24.140663,2
2022,3,15,8,21,臺中市,烏日區,0,0,0,,,,50,,,,,,,,,,,,,,,8,,,,,B03,,,1,,2,,,8,8,1,22,,B03,120.616844,24.116186,3
2022,3,15,8,22,臺中市,霧峰區,0,0,0,8,,,80,,,,,,,,,,,,,,,16,,,,,B03,,,1,,2,,,16,16,1,22,,B03,120.689674,24.062911,3
2022,3,15,8,27,臺中市,沙鹿區,0,0,0,8,,,50,,,,,,,,,,,,,,,19,,,,,B03,,,1,,2,,,19,19,1,19,,B03,120.558611,24.229722,3
2022,3,15,8,37,臺中市,梧棲區,0,2,0,8,1,5,30,14,9,1,5,4,5,7,4,4,10,5,5,2,16,6,2,9,1,1,C03,7,11,3,18,2,14,,6,6,1,20,8,C03,120.536918,24.235316,2
2022,3,15,8,40,臺中市,西區,0,0,0,,,,50,,,,,,,,,,,,,,,6,,,,,B03,,,1,,1,,,14,14,1,21,,B03,120.676843,24.137832,3
2022,3,15,8,46,臺中市,中區,0,1,0,8,1,5,50,4,1,1,5,4,5,7,1,1,10,5,5,2,16,6,3,10,1,1,B03,7,6,1,9,2,5,,6,6,1,21,8,B03,120.678039,24.140989,2
2022,3,15,8,48,臺中市,沙鹿區,0,1,0,8,1,5,60,3,1,1,5,4,5,7,1,1,1,4,5,1,12,9,3,10,1,1,B03,7,6,1,8,2,5,,9,9,1,4,8,B03,120.615106,24.243989,2
2022,3,15,8,49,臺中市,西屯區,0,3,0,8,1,5,50,14,8,1,5,4,5,7,4,4,5,4,5,2,16,26,2,9,1,1,C03,7,5,1,10,2,15,,26,26,1,22,8,C03,120.619253,24.167813,2
2022,3,15,8,50,臺中市,清水區,0,1,0,8,1,5,30,14,9,1,5,4,5,7,4,4,5,5,5,2,15,6,2,9,1,1,C03,7,9,1,10,2,11,,6,6,1,5,5,C03,120.559103,24.268098,2
2022,3,15,8,51,臺中市,梧棲區,0,0,0,8,,,40,,,,,,,,,,,,,,,16,,,,,C03,,,1,,2,,,16,16,1,4,,C03,120.558057,24.24215,3
2022,3,15,8,53,臺中市,大里區,0,1,0,8,1,5,50,4,1,1,5,4,5,7,4,4,10,5,5,2,17,42,2,9,1,1,C03,7,9,1,10,2,15,,42,42,1,21,9,C03,120.704397,24.09497,2
2022,3,15,8,55,臺中市,北屯區,0,0,0,8,,,80,,,,,,,,,,,,,,,23,,,,,B03,,,1,,1,,,23,23,1,21,,B03,120.721824,24.181637,3
2022,3,15,9,5,臺中市,后里區,0,2,0,8,1,5,30,14,9,1,5,4,5,7,4,4,10,5,5,2,16,19,2,8,1,1,C03,7,1,1,10,2,11,,19,19,1,4,8,C03,120.708794,24.306231,2
2022,3,15,9,6,臺中市,西區,0,1,0,8,1,5,50,3,1,1,5,4,5,7,4,4,10,5,5,2,13,42,3,10,1,1,C03,7,9,3,18,2,11,,42,42,1,21,8,C03,120.661556,24.153106,2
2022,3,15,9,7,臺中市,西區,0,2,0,8,1,5,50,4,1,1,5,4,5,7,4,4,10,5,5,2,15,6,2,9,1,1,C03,7,9,1,10,2,12,,6,6,1,4,5,C03,120.668953,24.149536,2
2022,3,15,9,18,臺中市,太平區,0,1,0,8,1,5,50,3,1,1,5,4,5,7,2,1,10,5,5,2,16,9,3,10,1,1,B03,7,6,1,8,1,5,,9,9,1,20,8,B03,120.713044,24.125555,2
2022,3,15,9,18,臺中市,西屯區,0,0,0,8,,,50,,,,,,,,,,,,,,,16,,,,,C03,,,1,,1,,,16,16,1,22,,C03,120.66141,24.201348,3
2022,3,15,9,22,臺中市,西屯區,0,0,0,8,,,50,,,,,,,,,,,,,,,44,,,,,B03,,,1,,2,,,44,44,1,22,,B03,120.62444,24.178875,3
2022,3,15,9,25,臺中市,清水區,0,0,0,8,,,50,,,,,,,,,,,,,,,8,,,,,B03,,,1,,2,,,8,8,1,22,,B03,120.573745,24.267016,3
2022,3,15,9,52,臺中市,南屯區,0,0,0,,,,50,,,,,,,,,,,,,,,7,,,,,B03,,,1,,1,,,7,7,1,22,,B03,120.622527,24.15018,3
2022,3,15,9,52,臺中市,龍井區,0,0,0,,,,30,,,,,,,,,,,,,,,23,,,,,B03,,,1,,2,,,23,23,1,22,,B03,120.570295,24.175571,3
2022,3,15,9,54,臺中市,北區,0,0,0,8,,,50,,,,,,,,,,,,,,,12,,,,,B12,,,1,,2,,,12,12,1,5,,B12,120.682891,24.163275,3
2022,3,15,10,5,臺中市,沙鹿區,0,2,0,8,1,5,50,4,1,1,5,4,5,7,4,4,10,5,5,2,17,6,2,9,1,1,C03,7,5,1,10,2,14,,6,6,1,21,8,C03,120.558847,24.235445,2
2022,3,15,10,5,臺中市,龍井區,0,0,0,8,,,60,,,,,,,,,,,,,,,7,,,,,B03,,,1,,2,,,7,7,1,19,,B03,120.515403,24.201041,3
2022,3,15,10,9,臺中市,西區,0,1,0,8,1,5,50,14,9,1,5,4,5,7,4,4,5,4,5,2,12,17,3,10,1,1,B03,7,9,1,8,2,2,,17,17,1,21,8,B03,120.65917,24.146545,2
2022,3,15,10,15,臺中市,潭子區,0,0,0,8,1,5,50,3,1,1,5,4,5,7,4,4,9,5,5,2,14,12,,,,,B03,,,1,,2,,,12,12,1,22,,B03,120.726547,24.203675,3
2022,3,15,10,19,臺中市,梧棲區,0,2,0,8,1,5,30,4,1,1,5,4,5,7,4,4,10,5,5,2,15,6,2,9,1,1,C03,7,9,1,10,2,11,,6,6,1,19,8,C03,120.558047,24.242166,2
2022,3,15,10,20,臺中市,大里區,0,0,0,8,,,50,,,,,,,,,,,,,,,12,,,,,B03,,,1,,2,,,12,12,1,22,,B03,120.676664,24.108967,3
2022,3,15,10,21,臺中市,南屯區,0,0,0,8,,,50,,,,,,,,,,,,,,,23,,,,,B03,,,1,,1,,,23,23,1,22,,B03,120.639641,24.141758,3
2022,3,15,10,43,臺中市,西區,0,0,0,8,,,50,,,,,,,,,,,,,,,23,,,,,A11,,,1,,2,,,23,23,1,21,,A11,120.665757,24.140083,4
2022,3,15,10,47,臺中市,北屯區,0,0,0,8,,,50,,,,,,,,,,,,,,,25,,,,,B03,,,1,,2,,,25,25,1,21,,B03,120.782606,24.202138,3