年,月,日,時,分,縣市,區,死,受傷,2-30,天候,光線,道路類別,速限,道路型態,事故位置,路面鋪裝,路面狀態,路面缺陷,障礙物,視距,號誌種類,號誌動作,分向設施,快車道或一般車道間,快慢車道間,路面邊線,事故類型及型態,主要肇因,受傷程度,主要傷處,保護裝備,行動電話,當事者區分,車輛用途,當事者行動狀態,駕駛資格情形,駕駛執照種類,飲酒情形,車輛撞擊部位最初,車輛撞擊部位其他,肇事因素個別,肇事因素主要,肇事逃逸,職業,旅次目的,車種,GPS緯度,GPS經度,事故類別
2022,3,15,11,20,臺中市,大里區,0,0,0,8,,,30,,,,,,,,,,,,,,,12,,,,,B03,,,1,,2,,,12,12,1,4,,B03,120.71008,24.095371,3
2022,3,15,11,30,臺中市,烏日區,0,0,0,8,,,30,,,,,,,,,,,,,,,12,,,,,B03,,,1,,2,,,12,12,1,21,,B03,120.64698,24.062889,3
2022,3,15,11,31,臺中市,東勢區,0,0,0,8,,,50,,,,,,,,,,,,,,,23,,,,,B03,,,1,,2,,,23,23,1,20,,B03,120.828866,24.253473,3
2022,3,15,11,51,臺中市,中區,0,1,0,8,1,5,50,4,1,1,5,4,5,7,1,1,10,5,5,2,16,26,2,7,1,1,C02,7,5,4,10,2,14,,26,26,1,21,8,C02,120.678488,24.140601,2
2022,3,15,11,52,臺中市,大肚區,0,0,0,8,,,50,,,,,,,,,,,,,,,42,,,,,B02,,,1,,2,,,42,42,1,22,,B02,120.565964,24.126096,3
2022,3,15,11,55,臺中市,西區,0,0,0,,,,50,,,,,,,,,,,,,,,23,,,,,B03,,,1,,1,,,23,23,1,21,,B03,120.653874,24.150853,3
2022,3,15,11,55,臺中市,中區,0,0,0,8,,,50,,,,,,,,,,,,,,,42,,,,,C03,,,1,,1,,,42,42,1,4,,C03,120.677457,24.144433,3
2022,3,15,12,0,臺中市,大肚區,0,0,0,8,,,70,,,,,,,,,,,,,,,43,,,,,,,,,,,,,43,43,1,,,,120.556533,24.12835,3
2022,3,15,12,4,臺中市,東勢區,0,0,0,8,,,50,,,,,,,,,,,,,,,12,,,,,B03,,,1,,2,,,12,12,1,21,,B03,120.829784,24.252862,3
2022,3,15,12,5,臺中市,南屯區,0,1,0,8,1,5,50,4,1,1,5,4,5,7,4,4,1,4,5,2,12,7,2,8,1,5,F03,7,7,8,20,2,16,,7,7,1,4,8,F03,120.648483,24.122923,2
2022,3,15,12,9,臺中市,西屯區,0,1,0,8,1,5,30,14,9,1,5,4,5,7,4,4,10,5,5,2,14,12,3,10,1,1,B03,7,2,1,8,2,3,,12,12,1,4,8,B03,120.617649,24.17912,2
2022,3,15,12,13,臺中市,西屯區,0,0,0,8,,,50,,,,,,,,,,,,,,,10,,,,,C03,,,1,,1,,,10,10,1,22,,C03,120.644924,24.181621,3
2022,3,15,12,23,臺中市,大甲區,0,1,0,8,1,5,50,4,1,1,5,4,5,7,1,1,10,5,5,2,17,23,3,10,1,1,C03,7,9,1,10,2,12,,23,23,1,21,8,C03,120.625424,24.347694,2
2022,3,15,12,27,臺中市,太平區,0,1,0,8,1,5,50,14,9,1,5,4,5,7,4,4,5,4,5,2,13,16,3,10,1,1,B12,7,9,1,8,2,8,,16,16,1,21,8,B12,120.712303,24.126297,2
2022,3,15,12,28,臺中市,西屯區,0,0,0,8,,,40,,,,,,,,,,,,,,,23,,,,,B03,,,1,,11,,,23,23,1,22,,B03,120.617795,24.188958,3
2022,3,15,12,33,臺中市,西屯區,0,0,0,8,,,60,,,,,,,,,,,,,,,7,,,,,B01,,,1,,1,,,7,7,1,1,,B01,120.641071,24.167903,3
2022,3,15,12,33,臺中市,西屯區,0,0,0,8,,,50,,,,,,,,,,,,,,,23,,,,,B03,,,1,,2,,,23,23,1,22,,B03,120.63388,24.160041,3
2022,3,15,12,46,臺中市,西區,0,1,0,8,1,5,50,4,1,1,5,4,5,7,1,1,10,5,5,2,16,6,3,10,1,1,B03,7,5,1,8,2,2,,6,6,1,21,8,B03,120.658502,24.155427,2
2022,3,15,12,49,臺中市,南屯區,0,2,0,8,1,5,50,4,1,1,5,4,5,7,2,1,10,5,5,2,16,6,3,10,1,1,B03,7,5,1,8,2,1,,6,6,1,22,8,B03,120.643921,24.13821,2
2022,3,15,12,58,臺中市,大甲區,0,1,0,8,1,5,50,3,1,1,5,4,5,7,4,4,10,5,5,1,11,6,3,10,1,1,C03,7,5,1,10,3,13,,6,6,1,22,1,C03,120.629324,24.352933,2
2022,3,15,13,0,臺中市,沙鹿區,0,1,0,8,1,5,50,4,1,1,5,4,5,7,4,4,10,5,5,2,15,6,3,10,1,1,B01,7,9,1,3,2,2,,6,6,1,10,4,B01,120.572558,24.211322,2
2022,3,15,13,14,臺中市,潭子區,0,1,0,8,1,5,50,3,1,1,5,2,5,7,4,4,5,5,5,2,17,23,3,10,1,1,B03,7,5,1,8,2,1,,26,23,1,22,8,B03,120.698113,24.198282,2
2022,3,15,13,15,臺中市,西屯區,0,0,0,8,,,50,,,,,,,,,,,,,,,12,,,,,B03,,,1,,1,,,12,12,1,4,,B03,120.597211,24.165252,3
2022,3,15,13,28,臺中市,太平區,0,0,0,,,,50,,,,,,,,,,,,,,,12,,,,,B03,,,1,,2,,,12,12,1,22,,B03,120.719744,24.149017,3
2022,3,15,13,32,臺中市,西屯區,0,0,0,8,,,50,,,,,,,,,,,,,,,23,,,,,B12,,,1,,2,,,23,23,1,22,,B12,120.649603,24.192661,3
2022,3,15,13,40,臺中市,西區,0,0,0,8,,,50,,,,,,,,,,,,,,,12,,,,,B03,,,1,,1,,,12,12,1,22,,B03,120.666532,24.144252,3
2022,3,15,13,40,臺中市,西區,0,1,0,8,1,5,40,3,1,1,5,4,5,7,4,4,10,5,5,2,17,40,3,10,1,1,B03,7,13,1,8,2,4,,40,40,1,21,8,B03,120.654918,24.150396,2
2022,3,15,13,43,臺中市,大里區,0,2,0,8,1,5,50,4,1,1,5,4,5,7,4,4,9,5,5,1,15,6,2,8,3,4,C03,7,9,1,10,2,11,,6,6,1,22,8,C03,120.690328,24.10676,2
2022,3,15,13,44,臺中市,西區,0,0,0,,,,50,,,,,,,,,,,,,,,7,,,,,B03,,,1,,1,,,7,7,1,21,,B03,120.665813,24.139143,3
2022,3,15,13,50,臺中市,清水區,0,1,0,8,1,5,30,4,1,1,5,4,5,6,4,4,1,4,4,1,16,6,2,9,1,1,C03,7,5,1,10,2,12,,6,6,1,21,8,C03,120.552811,24.293763,2
2022,3,15,14,4,臺中市,西區,0,1,0,8,1,5,50,14,7,1,5,4,5,7,4,4,9,5,4,2,17,23,3,10,1,1,B03,7,11,1,8,2,4,,44,23,1,4,8,B03,120.664179,24.157132,2
2022,3,15,14,5,臺中市,南屯區,0,0,0,8,,,50,,,,,,,,,,,,,,,7,,,,,B03,,,6,,1,,,7,7,1,22,,B03,120.649722,24.148611,3
2022,3,15,14,20,臺中市,大里區,0,0,0,8,,,,,,,,,,,,,,,,,,12,,,,,B02,,,,,,,,12,12,2,22,,B02,120.681141,24.104047,3
2022,3,15,14,24,臺中市,南屯區,0,0,0,8,,,50,,,,,,,,,,,,,,,23,,,,,B03,,,1,,1,,,23,23,1,22,,B03,120.645686,24.153678,3
2022,3,15,14,26,臺中市,梧棲區,0,1,0,8,1,5,50,4,1,1,5,4,5,7,4,4,10,5,5,1,15,6,2,9,1,1,B03,7,9,1,8,2,1,,6,6,1,19,8,B03,120.549104,24.242798,2
2022,3,15,14,27,臺中市,南屯區,0,1,0,8,1,5,50,14,9,1,5,4,5,7,4,4,1,4,5,2,12,17,3,10,3,3,B12,7,4,1,8,2,2,,17,17,1,21,8,B12,120.647253,24.139907,2
2022,3,15,14,35,臺中市,大里區,0,1,0,8,1,5,50,5,1,1,5,4,5,7,1,1,10,5,5,1,16,9,3,10,1,1,B03,7,6,1,8,2,2,,9,9,1,4,8,B03,120.702402,24.087103,2
2022,3,15,14,40,臺中市,北屯區,0,1,0,8,1,5,50,4,1,1,5,4,5,7,2,1,10,5,5,2,18,13,2,9,1,1,C03,7,9,1,10,2,14,,13,13,1,21,8,C03,120.68242,24.19512,2
2022,3,15,14,42,臺中市,烏日區,0,2,0,8,1,5,50,3,1,1,5,4,5,7,1,1,10,5,5,2,12,17,2,8,1,1,C03,7,15,1,10,2,12,,17,17,1,21,8,C03,120.61861,24.102696,2
2022,3,15,14,45,臺中市,烏日區,0,0,0,8,,,30,,,,,,,,,,,,,,,42,,,,,C03,,,1,,2,,,42,42,1,22,,C03,120.589978,24.124278,3
2022,3,15,14,49,臺中市,西屯區,0,0,0,8,,,30,,,,,,,,,,,,,,,23,,,,,B12,,,1,,1,,,23,23,1,22,,B12,120.639001,24.157688,3
2022,3,15,14,59,臺中市,南屯區,0,0,0,8,,,50,,,,,,,,,,,,,,,25,,,,,B02,,,1,,1,,,25,25,1,22,,B02,120.623497,24.149515,3
2022,3,15,15,11,臺中市,大里區,0,1,0,8,1,5,50,14,7,1,5,4,5,7,4,4,5,5,4,2,13,23,2,9,1,1,C03,7,9,4,8,2,11,,23,23,1,22,8,C03,120.694551,24.100183,2
2022,3,15,15,13,臺中市,南屯區,0,2,0,8,1,5,50,4,1,1,5,4,5,7,2,1,10,4,5,2,12,7,2,9,1,1,C03,7,7,1,10,2,14,,7,7,1,22,8,C03,120.646512,24.132,2
2022,3,15,15,15,臺中市,龍井區,0,1,0,8,1,5,50,14,9,1,5,4,5,7,4,4,9,5,5,1,12,23,2,9,1,1,C01,7,9,1,9,2,12,,23,23,1,5,8,C01,120.514635,24.213801,2
2022,3,15,15,17,臺中市,西屯區,0,0,0,8,,,30,,,,,,,,,,,,,,,12,,,,,B12,,,1,,1,,,12,12,1,22,,B12,120.659713,24.172992,3
2022,3,15,15,22,臺中市,北區,0,0,0,8,,,50,,,,,,,,,,,,,,,23,,,,,B03,,,1,,2,,,23,23,1,21,,B03,120.686453,24.147272,3
2022,3,15,15,35,臺中市,太平區,0,1,0,8,1,5,30,4,1,1,5,4,5,7,4,4,10,5,5,2,15,6,3,10,1,1,C03,7,9,1,10,2,11,,6,6,1,20,8,C03,120.72393,24.141739,2
2022,3,15,15,35,臺中市,南屯區,0,1,0,8,1,5,50,4,1,1,5,4,5,7,2,1,10,5,5,2,16,26,3,10,1,1,B03,7,6,1,8,2,5,,26,26,1,22,9,B03,120.640277,24.151666,2
2022,3,15,15,36,臺中市,神岡區,0,1,0,8,1,5,25,14,9,1,5,4,5,7,4,4,9,5,5,1,13,16,2,8,3,4,F03,7,9,8,20,2,16,,16,16,1,22,9,F03,120.683553,24.269184,2
2022,3,15,15,37,臺中市,西屯區,0,0,0,8,,,1,,,,,,,,,,,,,,,12,,,,,A11,,,1,,1,,,12,12,1,22,,A11,120.654586,24.199796,3
2022,3,15,15,43,臺中市,梧棲區,0,1,0,8,1,5,50,4,1,1,5,4,5,7,1,1,10,5,5,2,17,10,3,10,1,1,B03,7,11,1,8,2,5,,10,10,1,12,8,B03,120.534153,24.25343,2
2022,3,15,15,49,臺中市,南屯區,0,2,0,8,1,5,50,14,9,1,5,4,5,7,4,4,1,3,5,2,12,17,2,8,1,1,C03,7,9,1,10,2,12,14,17,17,1,22,8,C03,120.64652,24.140386,2
2022,3,15,15,50,臺中市,東區,0,0,0,,,,50,,,,,,,,,,,,,,,23,,,,,B12,,,1,,2,,,23,23,1,5,,B12,120.684914,24.122428,3
2022,3,15,15,57,臺中市,龍井區,0,2,0,8,1,5,30,4,1,1,5,4,5,7,4,4,10,5,5,1,15,6,2,1,1,1,B03,7,9,1,8,2,5,,6,6,1,19,8,B03,120.522441,24.186751,2
2022,3,15,16,0,臺中市,西區,0,1,0,8,1,5,50,3,8,1,5,4,5,7,4,4,1,4,4,2,17,6,3,10,1,1,B03,7,6,1,8,2,15,,6,6,1,21,8,B03,120.658209,24.155028,2
2022,3,15,16,1,臺中市,西屯區,0,1,1,8,2,5,70,14,7,1,5,4,5,6,4,4,1,4,1,2,13,23,2,9,3,4,B03,7,9,1,8,2,1,,23,23,1,22,8,B03,120.599323,24.182648,2
2022,3,15,16,3,臺中市,南屯區,0,1,0,8,1,5,50,14,9,1,5,4,5,7,4,4,10,5,5,2,16,10,3,10,1,4,B03,7,11,3,18,2,8,,10,10,1,22,8,B03,120.647141,24.129215,2
2022,3,15,16,17,臺中市,北區,0,1,0,8,1,5,40,4,2,1,5,4,5,7,2,1,2,4,4,2,13,23,2,8,1,1,C03,7,9,1,10,2,11,,23,23,1,22,8,C03,120.685475,24.156618,2
2022,3,15,16,24,臺中市,西區,0,1,0,8,1,5,50,4,1,1,5,4,5,7,2,1,10,5,5,2,3,51,3,10,1,1,B12,7,5,1,8,2,1,,23,51,1,4,8,B12,120.67358,24.140607,2
2022,3,15,16,30,臺中市,南屯區,0,0,0,8,,,50,,,,,,,,,,,,,,,19,,,,,B03,,,1,,1,,,19,19,1,22,,B03,120.642222,24.146666,3
2022,3,15,16,32,臺中市,北屯區,0,0,0,8,,,50,,,,,,,,,,,,,,,19,,,,,B12,,,1,,1,,,19,19,1,22,,B12,120.684649,24.172094,3
2022,3,15,16,39,臺中市,西區,0,1,0,8,1,5,50,14,9,1,5,4,5,7,4,4,5,4,5,2,13,16,3,10,1,1,C03,7,9,1,10,2,11,,16,16,1,18,9,C03,120.673829,24.136806,2
2022,3,15,16,40,臺中市,西屯區,0,0,0,8,,,50,,,,,,,,,,,,,,,7,,,,,A41,,,1,,1,,,7,7,1,10,,A41,120.61016,24.187384,3
2022,3,15,16,50,臺中市,北屯區,0,0,0,8,,,50,,,,,,,,,,,,,,,42,,,,,B03,,,1,,1,,,42,42,1,5,,B03,120.722543,24.175796,3
2022,3,15,16,54,臺中市,神岡區,0,0,0,8,,,30,,,,,,,,,,,,,,,5,,,,,B03,,,1,,2,,,5,5,1,22,,B03,120.659666,24.277491,3
2022,3,15,16,56,臺中市,太平區,0,3,0,8,2,5,50,4,1,1,5,4,5,7,4,4,5,5,5,2,16,6,2,9,1,1,C03,7,5,1,10,2,11,,6,6,1,21,8,C03,120.718392,24.148046,2
2022,3,15,16,56,臺中市,西屯區,0,2,0,8,1,5,50,14,9,1,5,4,5,7,4,4,1,4,5,1,21,23,2,9,1,1,C03,7,9,1,10,2,12,,23,23,1,18,8,C03,120.60278,24.192423,2
2022,3,15,16,58,臺中市,沙鹿區,0,1,0,8,1,5,50,14,9,1,5,4,5,7,4,4,5,5,5,1,10,23,2,8,1,1,C03,7,9,1,10,2,11,,23,23,1,18,8,C03,120.57942,24.22401,2
2022,3,15,17,0,臺中市,北區,0,1,0,8,1,5,60,4,1,1,5,4,5,7,1,1,10,5,5,2,16,25,3,10,3,4,B02,7,9,1,8,2,8,,25,25,1,5,8,B02,120.665554,24.153803,2
2022,3,15,17,0,臺中市,北區,0,2,0,8,1,5,40,14,7,1,5,4,5,7,4,4,3,4,4,2,16,7,2,9,1,1,C03,7,7,1,10,2,14,,7,7,1,22,8,C03,120.685051,24.158786,2
2022,3,15,17,0,臺中市,大里區,0,0,0,8,,,50,,,,,,,,,,,,,,,18,,,,,B11,,,1,,2,,,18,18,1,21,,B11,120.679365,24.110464,3
2022,3,15,17,2,臺中市,西屯區,0,0,0,8,,,50,,,,,,,,,,,,,,,12,,,,,B03,,,1,,2,,,12,12,1,22,,B03,120.645133,24.185114,3
2022,3,15,17,5,臺中市,北屯區,0,2,0,8,1,5,50,4,1,1,5,4,5,7,2,1,10,5,5,2,16,26,3,10,1,1,B03,7,6,1,8,9,5,,26,26,1,9,8,B03,120.721072,24.174065,2
2022,3,15,17,5,臺中市,西區,0,1,0,8,1,5,50,3,1,1,5,4,5,7,4,4,10,5,5,2,17,23,2,9,1,1,C03,7,6,1,10,2,11,,23,23,1,20,8,C03,120.668324,24.133085,2
2022,3,15,17,8,臺中市,南屯區,0,0,0,8,,,50,,,,,,,,,,,,,,,12,,,,,B03,,,1,,1,,,12,12,1,22,,B03,120.648228,24.140111,3
2022,3,15,17,8,臺中市,大里區,0,2,0,8,3,5,50,14,9,1,5,4,5,7,4,4,5,5,4,2,16,26,2,9,1,1,C03,7,7,1,10,2,12,,26,26,1,22,8,C03,120.677148,24.0989,2
2022,3,15,17,10,臺中市,烏日區,0,1,0,8,1,5,50,3,1,1,5,4,5,7,4,4,5,4,4,1,17,6,3,10,1,1,B03,7,11,1,8,2,5,,6,6,1,21,8,B03,120.650163,24.093836,2
2022,3,15,17,13,臺中市,東區,0,0,0,,,,50,,,,,,,,,,,,,,,6,,,,,B03,,,1,,2,,,6,6,1,22,,B03,120.704804,24.130636,3
2022,3,15,17,15,臺中市,西屯區,0,0,0,8,,,40,,,,,,,,,,,,,,,23,,,,,B03,,,1,,1,,,23,23,1,22,,B03,120.640515,24.159126,3
2022,3,15,17,16,臺中市,西屯區,0,1,0,8,1,5,50,14,9,1,5,4,5,7,4,4,1,4,5,2,16,7,2,8,3,4,C03,7,10,1,10,2,14,,7,7,1,22,8,C03,120.650353,24.164201,2
2022,3,15,17,16,臺中市,沙鹿區,0,0,0,8,,,30,,,,,,,,,,,,,,,19,,,,,B03,,,1,,2,,,19,19,1,22,,B03,120.560326,24.242307,3
2022,3,15,17,17,臺中市,北區,0,1,0,8,1,5,50,4,2,1,5,4,5,7,1,1,5,5,4,2,16,7,3,10,1,1,C03,7,10,1,10,2,12,,7,7,1,21,8,C03,120.688986,24.158995,2
2022,3,15,17,20,臺中市,大肚區,0,1,0,8,1,5,50,14,9,1,5,4,5,7,4,4,4,4,5,2,18,23,2,9,1,1,C03,7,9,3,18,2,11,,23,23,1,22,8,C03,120.55982,24.158195,2
2022,3,15,17,20,臺中市,西屯區,0,1,0,8,1,5,40,14,8,1,5,4,5,7,4,4,1,4,1,2,29,42,2,9,1,1,C03,7,9,1,10,1,12,,42,42,1,21,8,C03,120.639536,24.168561,2
2022,3,15,17,25,臺中市,南屯區,0,0,0,,,,40,,,,,,,,,,,,,,,6,,,,,B03,,,1,,1,,,6,6,1,22,,B03,120.598422,24.155204,3
2022,3,15,17,29,臺中市,北屯區,0,0,0,8,,,50,,,,,,,,,,,,,,,7,,,,,B03,,,1,,1,,,7,7,1,5,,B03,120.693486,24.161969,3
2022,3,15,17,34,臺中市,南屯區,0,1,0,8,1,5,40,14,8,1,5,4,5,7,4,4,1,4,1,2,27,42,2,8,1,4,C03,7,9,1,10,2,11,,42,42,1,22,8,C03,120.640133,24.115856,2
2022,3,15,17,35,臺中市,太平區,0,0,0,8,,,50,,,,,,,,,,,,,,,16,,,,,B03,,,1,,1,,,44,44,1,21,,B03,120.703741,24.112355,3
2022,3,15,17,39,臺中市,西區,0,2,0,8,1,5,50,4,9,1,5,4,5,7,2,1,5,5,5,2,12,17,2,9,1,1,C03,7,9,1,10,2,14,,17,17,1,5,8,C03,120.679972,24.136446,2
2022,3,15,17,42,臺中市,烏日區,0,1,0,8,1,5,60,14,7,1,5,4,5,7,4,4,1,4,4,1,13,16,3,10,1,1,B12,7,9,1,8,2,1,,16,16,1,21,8,B12,120.622594,24.104625,2
2022,3,15,17,47,臺中市,神岡區,0,1,0,8,1,5,30,3,1,1,5,4,5,7,4,4,10,5,5,1,17,6,3,10,1,1,B03,7,5,1,8,2,1,,6,6,1,12,8,B03,120.67653,24.264273,2
2022,3,15,17,50,臺中市,北屯區,0,0,0,8,,,50,,,,,,,,,,,,,,,18,,,,,B12,,,1,,1,,,18,18,1,21,,B12,120.689278,24.171592,3
2022,3,15,17,51,臺中市,大里區,0,1,0,8,1,5,50,14,9,1,2,4,5,7,1,1,3,4,4,1,18,44,2,9,1,1,C03,7,9,1,10,2,12,,44,44,1,22,8,C03,120.675386,24.103036,2
2022,3,15,17,55,臺中市,東區,0,0,0,8,3,5,50,14,8,1,5,4,5,7,4,4,9,5,4,2,17,23,3,10,1,1,B03,7,8,1,8,2,2,,23,23,1,5,8,B03,120.710376,24.142646,3
2022,3,15,17,56,臺中市,北屯區,0,0,0,8,,,50,,,,,,,,,,,,,,,6,,,,,B03,,,1,,2,,,6,6,1,19,,B03,120.720724,24.172608,3
2022,3,15,17,59,臺中市,西區,0,2,0,8,3,5,50,5,1,1,5,4,5,7,2,1,10,5,5,2,16,25,2,9,1,1,C03,7,9,4,10,2,11,,25,25,1,8,9,C03,120.680119,24.13497,2
2022,3,15,18,0,臺中市,西屯區,0,1,0,8,3,5,40,14,7,1,5,4,5,7,4,4,5,5,4,2,16,6,2,9,4,1,F01,7,11,8,20,2,16,,6,6,1,22,8,F01,120.631902,24.183119,2
2022,3,15,18,0,臺中市,北屯區,0,1,0,8,1,5,0,14,22,1,5,4,5,7,4,4,1,4,4,2,18,23,2,9,4,5,F01,7,9,8,20,2,15,,23,23,1,15,2,F01,120.681807,24.178882,2
2022,3,15,18,2,臺中市,西屯區,0,0,0,8,,,50,,,,,,,,,,,,,,,16,,,,,C03,,,1,,1,,,16,16,1,21,,C03,120.649756,24.155805,3
2022,3,15,18,3,臺中市,東區,0,0,0,,,,50,,,,,,,,,,,,,,,6,,,,,B03,,,1,,2,,,6,6,1,22,,B03,120.70679,24.145567,3
2022,3,15,18,5,臺中市,梧棲區,0,0,0,8,,,70,,,,,,,,,,,,,,,23,,,,,B03,,,1,,2,,,23,23,1,9,,B03,120.54944,24.245208,3
2022,3,15,18,9,臺中市,大里區,0,0,0,8,,,40,,,,,,,,,,,,,,,23,,,,,B03,,,1,,2,,,23,23,1,22,,B03,120.69158,24.100443,3
2022,3,15,18,9,臺中市,太平區,0,1,0,8,3,5,50,4,2,1,5,4,5,7,4,4,5,4,4,2,12,16,2,8,1,1,C03,7,9,1,10,2,11,14,16,16,1,22,8,C03,120.702918,24.119311,2
2022,3,15,18,9,臺中市,梧棲區,0,0,0,8,,,40,,,,,,,,,,,,,,,23,,,,,C03,,,1,,2,,,23,23,1,16,,C03,120.551421,24.244258,3
2022,3,15,18,10,臺中市,太平區,0,0,0,8,,,50,,,,,,,,,,,,,,,1,,,,,B03,,,1,,2,,,1,1,1,22,,B03,120.700341,24.110306,3
2022,3,15,18,10,臺中市,大肚區,0,1,0,8,1,5,50,3,1,1,5,4,5,7,1,1,10,5,5,2,16,25,3,10,1,1,B03,7,6,1,5,2,2,,25,25,1,22,8,B03,120.577268,24.118803,2
2022,3,15,18,10,臺中市,西區,0,3,0,8,1,5,50,14,8,1,5,4,5,7,4,4,1,5,5,2,13,23,2,9,1,1,C03,7,9,1,10,2,11,,23,23,1,20,8,C03,120.673517,24.147762,2
2022,3,15,18,13,臺中市,龍井區,0,0,0,,,,30,,,,,,,,,,,,,,,6,,,,,C03,,,1,,1,,,6,6,1,22,,C03,120.59261,24.18153,3
2022,3,15,18,17,臺中市,西區,0,2,0,8,2,5,50,3,2,1,5,4,5,7,4,4,5,4,4,2,3,51,2,9,4,5,H01,8,16,8,20,10,16,,51,51,1,22,8,H01,120.672106,24.141918,2
2022,3,15,18,24,臺中市,南屯區,0,0,0,,,,30,,,,,,,,,,,,,,,18,,,,,B03,,,1,,1,,,18,18,1,22,,B03,120.613982,24.146045,3
2022,3,15,18,27,臺中市,西區,0,1,0,8,3,5,50,14,7,1,5,4,5,7,2,1,1,2,4,2,12,7,2,9,1,1,C02,7,7,4,10,2,14,,7,7,1,5,8,C02,120.661688,24.140163,2
2022,3,15,18,30,臺中市,大里區,0,0,0,8,,,50,,,,,,,,,,,,,,,30,,,,,A11,,,1,,9,,,30,30,1,22,,A11,120.691528,24.100368,3
2022,3,15,18,38,臺中市,西屯區,0,1,0,8,3,5,50,14,8,1,5,4,5,7,4,4,5,5,4,2,17,26,3,10,1,1,C03,7,5,1,10,1,11,,26,26,1,21,8,C03,120.66197,24.163586,2
2022,3,15,18,40,臺中市,沙鹿區,0,2,0,7,3,5,50,14,7,1,5,4,5,7,4,4,9,5,4,2,13,23,2,9,1,1,C03,7,9,1,10,2,11,,23,23,1,22,9,C03,120.577521,24.223171,2
2022,3,15,18,42,臺中市,北屯區,0,0,0,8,,,50,,,,,,,,,,,,,,,23,,,,,B03,,,1,,1,,,23,23,1,21,,B03,120.719307,24.182807,3
2022,3,15,18,48,臺中市,潭子區,0,1,0,8,3,5,50,4,7,1,5,4,5,7,1,1,1,4,4,1,16,10,3,10,1,1,B03,7,11,1,8,2,2,,10,10,1,22,8,B03,120.693396,24.215885,2
2022,3,15,18,53,臺中市,大里區,0,1,0,8,3,5,50,14,9,1,5,4,5,7,4,4,5,4,5,1,12,23,3,10,1,1,B03,7,9,1,8,2,2,,23,23,1,22,8,B03,120.674915,24.106944,2
2022,3,15,18,57,臺中市,大里區,0,2,0,8,3,5,50,14,8,1,5,4,5,7,1,1,3,4,4,1,13,23,2,9,1,1,C03,7,9,3,18,2,11,,23,23,1,22,8,C03,120.665696,24.106038,2
2022,3,15,19,3,臺中市,潭子區,0,1,0,8,3,5,50,4,1,1,5,4,5,7,1,1,5,4,5,1,17,25,2,9,1,1,C04,7,9,1,10,2,12,,25,25,1,22,8,C04,120.710311,24.210313,2
2022,3,15,19,3,臺中市,后里區,0,2,0,8,3,5,60,14,7,1,5,4,5,7,2,1,9,4,4,1,13,23,2,8,1,1,B03,7,9,1,8,2,5,,23,23,1,22,8,B03,120.690696,24.314163,2
2022,3,15,19,13,臺中市,南屯區,0,3,0,8,3,5,50,3,1,1,5,4,5,7,2,1,10,4,5,2,17,19,3,10,1,1,B03,7,1,1,8,2,1,,19,19,1,22,8,B03,120.612198,24.137054,2
2022,3,15,19,23,臺中市,中區,0,2,0,8,3,5,50,4,1,1,5,4,5,7,1,1,10,5,5,2,16,9,3,10,1,1,B03,7,6,1,7,2,2,,9,9,1,22,8,B03,120.679547,24.142469,2
2022,3,15,19,27,臺中市,西區,0,2,0,8,3,5,50,4,1,1,5,4,5,7,1,1,10,5,5,2,16,6,2,9,1,1,C03,7,6,1,10,2,12,,6,6,1,4,8,C03,120.661803,24.154396,2
2022,3,15,19,32,臺中市,北區,0,0,0,,,,50,,,,,,,,,,,,,,,23,,,,,C03,,,1,,2,,,23,23,1,5,,C03,120.684381,24.153128,3
2022,3,15,19,44,臺中市,北屯區,0,2,0,8,3,5,50,4,1,1,5,4,5,7,2,1,10,5,5,2,16,6,2,7,1,1,C03,7,5,1,10,2,14,,6,6,1,21,8,C03,120.679647,24.17293,2
2022,3,15,19,45,臺中市,沙鹿區,0,0,0,8,3,5,50,14,9,1,5,4,5,7,1,1,5,5,5,1,11,23,,,,,B03,,,1,,2,,,23,23,1,6,,B03,120.559596,24.23723,3
2022,3,15,19,52,臺中市,北區,0,1,0,8,1,5,40,3,2,1,5,4,5,7,1,1,5,5,4,2,16,23,3,10,1,1,B01,7,7,1,4,2,6,,23,23,1,22,8,B01,120.682055,24.151982,2
2022,3,15,19,55,臺中市,南屯區,0,2,0,8,3,5,50,14,9,1,5,4,5,7,4,4,5,5,5,2,3,51,2,7,4,5,H01,8,16,8,20,10,16,,51,51,1,22,8,H01,120.651013,24.152478,2
2022,3,15,20,2,臺中市,西屯區,0,0,0,8,,,60,,,,,,,,,,,,,,,7,,,,,B03,,,1,,1,,,7,7,1,22,,B03,120.63191,24.16255,3