年,月,日,時,分,縣市,區,死,受傷,2-30,天候,光線,道路類別,速限,道路型態,事故位置,路面鋪裝,路面狀態,路面缺陷,障礙物,視距,號誌種類,號誌動作,分向設施,快車道或一般車道間,快慢車道間,路面邊線,事故類型及型態,主要肇因,受傷程度,主要傷處,保護裝備,行動電話,當事者區分,車輛用途,當事者行動狀態,駕駛資格情形,駕駛執照種類,飲酒情形,車輛撞擊部位最初,車輛撞擊部位其他,肇事因素個別,肇事因素主要,肇事逃逸,職業,旅次目的,車種,GPS緯度,GPS經度,事故類別
2022,3,15,20,11,臺中市,后里區,0,1,0,8,3,5,50,4,4,1,5,4,5,7,1,1,4,4,4,2,13,42,3,10,1,1,B03,7,3,1,8,2,3,,42,42,1,4,5,B03,120.711553,24.304508,2
2022,3,15,20,15,臺中市,西屯區,0,2,0,8,3,5,50,4,1,1,5,4,5,7,1,1,10,5,5,2,17,10,3,10,1,1,B03,7,11,1,8,2,2,,10,10,1,21,8,B03,120.637385,24.177546,2
2022,3,15,20,16,臺中市,西屯區,0,0,0,8,,,50,,,,,,,,,,,,,,,17,,,,,B03,,,1,,1,,,17,17,1,21,,B03,120.645184,24.162778,3
2022,3,15,20,30,臺中市,西區,0,0,0,8,,,50,,,,,,,,,,,,,,,18,,,,,B03,,,1,,1,,,18,18,1,22,,B03,120.653983,24.152227,4
2022,3,15,20,30,臺中市,西屯區,0,2,0,8,1,5,50,14,9,1,5,4,5,7,4,4,8,4,5,1,16,43,2,9,1,4,C03,7,9,1,10,2,13,,43,43,1,4,8,C03,120.616691,24.183123,2
2022,3,15,20,35,臺中市,南區,0,1,0,8,3,5,40,4,1,1,5,4,5,7,1,1,10,5,5,2,16,8,2,9,2,5,F01,7,5,8,20,6,16,,8,8,1,5,8,F01,120.665804,24.12349,2
2022,3,15,20,51,臺中市,東區,0,0,0,8,,,50,,,,,,,,,,,,,,,1,,,,,C03,,,1,10,2,,,1,1,1,21,,C03,120.700516,24.134125,3
2022,3,15,21,34,臺中市,北區,0,1,0,8,3,5,40,14,8,1,5,4,5,7,4,4,2,4,4,2,13,23,2,9,3,4,C03,7,9,1,10,2,11,,23,23,1,5,8,C03,120.685017,24.157139,2
2022,3,15,22,8,臺中市,霧峰區,0,2,0,8,4,5,25,14,9,1,5,4,5,7,4,4,9,5,4,2,16,6,2,9,1,1,C03,7,9,1,10,2,13,,6,6,1,18,8,C03,120.716304,24.072958,2
2022,3,15,22,12,臺中市,后里區,0,1,0,8,3,5,60,14,7,1,5,4,5,7,4,4,1,4,4,1,13,16,2,8,1,1,B03,7,9,1,8,2,1,,16,16,1,22,8,B03,120.722716,24.283005,2
2022,3,15,22,46,臺中市,西屯區,0,1,0,8,3,5,50,14,9,1,5,4,5,7,4,4,5,4,5,2,13,38,3,10,1,1,B12,7,14,1,8,2,7,,38,38,1,22,8,B12,120.627308,24.200877,2
2022,3,15,22,56,臺中市,北區,0,0,0,8,,,50,,,,,,,,,,,,,,,67,,,,,,,,,,,,,67,67,1,,,,120.685314,24.148155,3
2022,3,15,23,35,臺中市,西屯區,0,1,0,8,1,5,60,14,7,1,5,4,5,7,4,4,1,1,5,2,23,42,2,9,1,1,B03,7,15,1,8,2,8,,42,42,1,22,8,B03,120.646288,24.15522,2
2022,3,15,23,43,臺中市,南屯區,0,0,0,8,,,50,,,,,,,,,,,,,,,23,,,,,B03,,,1,,1,,,23,23,1,22,,B03,120.644176,24.14688,3
2022,3,15,23,56,臺中市,北區,0,1,0,8,3,5,30,11,9,1,5,4,5,1,4,4,10,5,5,2,10,5,2,9,1,1,C03,7,9,1,10,2,14,,5,5,1,21,8,C03,120.691182,24.149993,2
2022,3,16,2,15,臺中市,中區,0,0,0,,,,50,,,,,,,,,,,,,,,12,,,,,B03,,,1,,1,,,12,12,1,5,,B03,120.683678,24.141513,3
2022,3,16,2,31,臺中市,北區,0,0,0,8,,,50,,,,,,,,,,,,,,,67,,,,,,,,,,,,,67,67,1,,,,120.679563,24.166899,3
2022,3,16,2,37,臺中市,龍井區,0,2,0,8,3,5,40,14,12,1,5,4,5,7,4,4,1,4,4,1,18,23,2,9,1,1,C03,7,9,1,10,2,12,,23,23,1,22,8,C03,120.580306,24.195101,2
2022,3,16,5,9,臺中市,龍井區,0,0,0,8,,,50,,,,,,,,,,,,,,,18,,,,,B12,,,1,,2,,,18,18,1,10,,B12,120.58756,24.181181,3
2022,3,16,5,22,臺中市,大甲區,1,0,0,8,3,5,50,3,1,1,5,4,5,7,4,4,10,5,5,2,9,23,3,10,1,1,B03,7,9,1,8,2,8,5,23,23,1,4,1,B03,120.632901,24.355876,1
2022,3,16,5,31,臺中市,西區,0,1,0,8,1,5,50,4,2,1,5,4,5,7,2,1,10,5,5,2,17,25,2,9,1,1,C03,7,6,1,10,2,14,,25,25,1,5,1,C03,120.666736,24.141067,2
2022,3,16,5,44,臺中市,梧棲區,0,0,0,8,,,50,,,,,,,,,,,,,,,23,,,,,B12,,,1,,2,,,23,23,1,11,,B12,120.548596,24.24162,3
2022,3,16,6,48,臺中市,西屯區,0,1,0,8,1,5,30,4,1,1,5,4,5,7,4,4,10,5,5,2,16,6,3,10,1,1,B12,7,9,1,8,2,1,,14,6,1,22,8,B12,120.637216,24.182507,2
2022,3,16,6,50,臺中市,太平區,0,1,0,8,1,5,50,3,1,1,5,4,5,7,4,4,5,5,5,1,16,19,3,10,1,1,B03,7,1,1,8,2,2,,19,19,1,21,8,B03,120.718336,24.122556,2
2022,3,16,7,1,臺中市,北屯區,0,1,0,8,2,5,30,3,1,1,5,4,5,7,4,4,10,5,5,2,16,6,3,10,1,1,C03,7,6,6,18,2,11,,6,6,1,9,8,C03,120.6945,24.1613,2
2022,3,16,7,6,臺中市,北屯區,0,0,0,,,,50,,,,,,,,,,,,,,,43,,,,,C03,,11,1,10,1,11,,43,43,1,21,8,C03,120.690286,24.172255,3
2022,3,16,7,21,臺中市,霧峰區,0,0,0,8,,,50,,,,,,,,,,,,,,,42,,,,,B03,,,1,,,,,42,42,1,21,,B03,120.667073,24.06041,3
2022,3,16,7,23,臺中市,潭子區,0,0,0,8,,,50,,,,,,,,,,,,,,,26,,,,,C03,,,1,,2,,,26,26,1,22,,C03,120.712104,24.213021,3
2022,3,16,7,25,臺中市,清水區,0,1,0,8,1,5,50,4,1,1,5,4,5,7,4,4,5,5,5,1,15,6,3,10,1,1,B03,7,9,1,8,2,1,,6,6,1,21,8,B03,120.566943,24.278448,2
2022,3,16,7,25,臺中市,清水區,0,0,0,8,,,70,,,,,,,,,,,,,,,16,,,,,B03,,,1,,2,,,16,16,1,21,,B03,120.56663,24.278348,3
2022,3,16,7,29,臺中市,南屯區,0,0,0,,,,50,,,,,,,,,,,,,,,12,,,,,B12,,,1,,1,,,12,12,1,22,,B12,120.612197,24.152338,3
2022,3,16,7,35,臺中市,大肚區,0,0,0,8,,,50,,,,,,,,,,,,,,,18,,,,,B12,,,1,,2,,,18,18,1,4,,B12,120.555051,24.141929,3
2022,3,16,7,36,臺中市,南區,0,2,0,8,1,5,50,3,1,1,5,4,5,7,4,4,5,4,4,2,12,9,3,10,1,1,B03,7,6,1,8,2,5,,9,9,1,22,8,B03,120.661941,24.126381,2
2022,3,16,7,42,臺中市,東勢區,0,1,0,8,1,5,30,3,1,1,5,4,5,7,4,4,10,5,5,2,11,6,3,10,1,1,B12,7,5,1,8,2,1,,6,6,1,22,9,B12,120.777225,24.27429,2
2022,3,16,7,45,臺中市,潭子區,0,1,0,8,1,5,60,5,2,1,5,4,5,7,1,1,1,4,4,1,13,23,2,9,1,1,C03,7,9,1,10,2,11,,23,23,1,22,9,C03,120.703481,24.200631,2
2022,3,16,7,45,臺中市,西屯區,0,0,0,8,,,40,,,,,,,,,,,,,,,17,,,,,B03,,,1,,,,,17,17,1,22,,B03,120.653221,24.169002,3
2022,3,16,7,48,臺中市,西區,0,1,0,8,1,5,50,14,9,1,5,4,5,7,4,4,5,4,5,2,13,16,2,9,1,1,C03,7,9,1,10,2,11,,16,16,1,21,8,C03,120.661673,24.150865,2
2022,3,16,7,49,臺中市,龍井區,0,1,0,8,1,5,50,5,1,1,5,4,5,7,1,1,10,5,5,2,17,23,3,10,3,4,B12,7,9,1,8,2,5,,23,23,1,22,9,B12,120.574106,24.184327,2
2022,3,16,7,50,臺中市,清水區,0,0,0,8,,,60,,,,,,,,,,,,,,,7,,,,,A31,,,1,,2,,,7,7,1,10,,A31,120.549578,24.283355,3
2022,3,16,7,50,臺中市,潭子區,0,1,0,8,1,5,50,14,9,1,5,4,5,7,4,4,5,5,5,1,17,10,3,10,1,1,C03,7,11,1,10,2,14,,10,10,1,22,8,C03,120.700988,24.223098,2
2022,3,16,7,50,臺中市,大里區,0,0,0,8,,,50,,,,,,,,,,,,,,,6,,,,,B03,,,1,,2,,,6,6,1,22,,B03,120.674733,24.111446,3
2022,3,16,7,54,臺中市,北區,0,0,0,8,,,50,,,,,,,,,,,,,,,6,,,,,B12,,,1,,2,,,6,6,1,5,,B12,120.67569,24.148759,3
2022,3,16,7,54,臺中市,南屯區,0,0,0,8,,,50,,,,,,,,,,,,,,,9,,,,,B03,,,1,,1,,,9,9,1,22,,B03,120.622715,24.145315,3
2022,3,16,7,55,臺中市,太平區,0,1,0,8,1,5,50,4,1,1,5,4,5,7,4,4,5,5,5,1,16,26,3,10,1,1,B03,7,5,1,8,2,8,,26,26,1,21,8,B03,120.722018,24.134792,2
2022,3,16,7,55,臺中市,清水區,0,1,0,8,1,5,60,4,1,1,5,4,5,7,1,1,1,4,5,1,12,23,2,9,1,1,C03,7,8,1,10,1,14,,23,23,1,22,8,C03,120.548005,24.277815,2
2022,3,16,7,57,臺中市,北區,0,1,0,8,1,5,50,3,1,1,5,4,5,7,3,1,10,5,5,2,17,6,3,10,1,1,B03,7,6,1,8,2,8,,6,6,1,22,9,B03,120.678655,24.166916,2
2022,3,16,7,58,臺中市,沙鹿區,0,2,0,8,1,5,50,14,7,1,5,4,5,7,4,4,5,5,4,2,16,26,2,9,1,1,C03,7,5,1,10,2,11,,26,26,1,21,8,C03,120.570867,24.23801,2
2022,3,16,8,2,臺中市,大里區,0,2,0,8,1,5,50,3,2,1,5,4,5,7,4,4,5,4,4,1,16,6,2,9,3,4,C03,7,5,1,10,2,14,,6,6,1,22,8,C03,120.6783,24.099396,2
2022,3,16,8,4,臺中市,北區,0,0,0,8,,,50,,,,,,,,,,,,,,,6,,,,,B03,,,1,,2,,,6,6,1,5,,B03,120.670529,24.162837,3
2022,3,16,8,4,臺中市,北區,0,0,0,8,,,50,,,,,,,,,,,,,,,16,,,,,B03,,,1,,2,,,16,16,1,20,,B03,120.675519,24.165488,3
2022,3,16,8,10,臺中市,烏日區,0,1,0,8,1,5,70,4,1,1,5,4,5,7,2,1,1,4,4,1,16,6,3,10,1,1,B03,7,6,1,8,2,2,,6,6,1,21,8,B03,120.59435,24.112775,2
2022,3,16,8,12,臺中市,北屯區,0,1,0,8,1,8,50,3,1,1,5,4,5,7,4,4,10,5,5,2,16,6,3,10,1,1,B03,7,5,1,8,2,1,,6,6,1,21,8,B03,120.741604,24.179803,2
2022,3,16,8,12,臺中市,南屯區,0,2,0,8,1,5,50,14,9,1,5,4,5,7,4,4,1,4,5,2,13,23,2,9,1,1,C03,7,9,1,10,2,11,,23,23,1,22,8,C03,120.618827,24.145266,2
2022,3,16,8,15,臺中市,南屯區,0,0,0,,,,50,,,,,,,,,,,,,,,17,,,,,B03,,,1,,1,,,17,17,1,22,,B03,120.612922,24.150011,3
2022,3,16,8,16,臺中市,龍井區,0,0,0,8,,,50,,,,,,,,,,,,,,,6,,,,,C03,,,1,,2,,,6,6,1,21,,C03,120.586026,24.181683,3
2022,3,16,8,21,臺中市,大里區,0,1,0,8,1,5,50,14,9,1,5,4,5,7,4,4,5,5,5,1,17,40,3,10,1,1,B03,7,13,1,8,2,4,,40,40,1,21,9,B03,120.708306,24.085665,2
2022,3,16,8,22,臺中市,豐原區,0,0,0,,,,50,,,,,,,,,,,,,,,43,,,,,B03,,,1,,2,,,43,43,1,22,,B03,120.709821,24.249978,3
2022,3,16,8,23,臺中市,南屯區,0,1,0,8,1,5,50,14,8,1,5,4,1,7,4,4,1,5,1,1,13,16,2,9,1,1,C03,7,9,1,10,2,15,,16,16,1,22,8,C03,120.595444,24.156563,2
2022,3,16,8,25,臺中市,烏日區,0,0,0,8,,,50,,,,,,,,,,,,,,,18,,,,,B03,,,1,,3,,,18,18,1,22,,B03,120.609304,24.111169,3
2022,3,16,8,27,臺中市,北區,0,0,0,8,,,50,,,,,,,,,,,,,,,43,,,,,B12,,,7,,11,,,43,43,1,22,,B12,120.669835,24.164376,3
2022,3,16,8,30,臺中市,北屯區,0,0,0,8,,,50,,,,,,,,,,,,,,,6,,,,,B03,,,1,,2,,,6,6,1,21,,B03,120.680492,24.18058,3
2022,3,16,8,40,臺中市,北區,0,1,0,8,1,5,50,15,7,1,5,4,5,7,4,4,5,5,4,2,17,19,3,10,1,1,C03,7,1,1,10,2,14,,19,19,1,20,8,C03,120.670384,24.156828,2
2022,3,16,8,41,臺中市,北區,0,0,0,8,,,50,,,,,,,,,,,,,,,7,,,,,B03,,,1,,1,,,7,7,1,22,,B03,120.677156,24.153443,3
2022,3,16,8,42,臺中市,西屯區,0,0,0,8,,,0,,,,,,,,,,,,,,,12,,,,,B12,,,1,,2,,,12,12,1,22,,B12,120.620972,24.171873,3
2022,3,16,8,53,臺中市,后里區,0,0,0,8,,,60,,,,,,,,,,,,,,,17,,,,,B03,,,1,,2,,,17,17,1,9,,B03,120.721704,24.30734,3
2022,3,16,8,54,臺中市,南屯區,0,1,0,8,1,5,50,4,1,1,5,4,5,7,2,1,5,2,5,2,16,6,3,10,1,1,B03,7,5,1,8,2,6,,6,6,1,2,1,B03,120.653005,24.135752,2
2022,3,16,8,58,臺中市,沙鹿區,0,1,0,8,1,5,40,14,8,1,5,4,5,7,4,4,9,5,4,2,12,40,3,10,1,1,B03,7,13,1,8,2,4,,40,40,1,4,8,B03,120.566269,24.234579,2
2022,3,16,9,3,臺中市,西屯區,0,0,0,8,,,40,,,,,,,,,,,,,,,16,,,,,B03,,,1,,1,,,16,16,1,1,,B03,120.619681,24.181196,3
2022,3,16,9,5,臺中市,大雅區,0,2,0,8,1,5,50,4,2,1,5,4,5,7,4,4,5,4,5,1,17,43,2,9,1,1,C03,7,15,1,10,1,14,,43,43,1,22,8,C03,120.64877,24.226768,2
2022,3,16,9,5,臺中市,梧棲區,0,2,0,8,1,5,40,3,1,1,5,4,5,7,1,1,10,5,5,2,16,25,3,10,1,1,B03,7,9,1,8,2,8,,25,25,1,5,8,B03,120.532672,24.251437,2
2022,3,16,9,31,臺中市,東勢區,0,1,0,8,1,5,50,4,1,1,5,4,5,7,4,4,10,5,5,1,16,23,3,10,1,1,B03,7,9,1,8,2,1,,23,23,1,5,8,B03,120.829538,24.254836,2
2022,3,16,9,45,臺中市,沙鹿區,0,1,0,8,1,5,50,4,1,1,5,4,5,7,2,1,10,5,5,2,16,25,2,9,4,1,F01,7,5,8,20,2,16,,25,25,1,20,8,F01,120.565021,24.241838,2
2022,3,16,9,50,臺中市,大甲區,0,0,0,8,,,30,,,,,,,,,,,,,,,5,,,,,B12,,,1,,1,,,5,5,1,4,,B12,120.646172,24.387293,3
2022,3,16,9,50,臺中市,南屯區,0,1,0,8,1,5,50,4,1,1,5,4,5,7,4,4,5,5,5,2,13,16,2,8,1,1,C03,7,9,1,10,1,11,,16,16,1,22,8,C03,120.639702,24.138874,2
2022,3,16,9,54,臺中市,南屯區,0,2,0,8,1,5,50,14,9,1,5,4,5,7,4,4,5,4,5,2,17,16,2,9,1,1,C03,7,9,1,10,2,11,,16,16,1,22,8,C03,120.622715,24.145315,2
2022,3,16,9,56,臺中市,北區,0,0,0,8,,,50,,,,,,,,,,,,,,,23,,,,,B03,,,1,,1,,,23,23,1,5,,B03,120.683214,24.166847,3
2022,3,16,10,2,臺中市,梧棲區,0,0,0,8,,,70,,,,,,,,,,,,,,,12,,,,,B12,,,1,,2,,,12,12,1,19,,B12,120.544331,24.247096,3
2022,3,16,10,3,臺中市,西區,0,1,0,8,1,5,50,3,1,1,5,4,5,7,4,4,10,5,5,2,18,42,2,9,1,1,C03,7,9,1,10,2,14,,42,42,1,21,8,C03,120.661555,24.153221,2
2022,3,16,10,9,臺中市,大里區,0,0,0,8,,,60,,,,,,,,,,,,,,,16,,,,,B03,,,1,,2,,,16,16,1,22,,B03,120.675741,24.085358,3
2022,3,16,10,11,臺中市,大甲區,0,1,0,8,1,5,50,4,1,1,5,4,5,7,4,4,10,5,5,2,16,6,2,9,1,1,C03,7,5,4,8,2,12,,6,6,1,22,9,C03,120.625036,24.344991,2
2022,3,16,10,13,臺中市,北區,0,0,0,8,,,50,,,,,,,,,,,,,,,43,,,,,B03,,,1,,1,,,43,43,1,22,,B03,120.682516,24.154701,3
2022,3,16,10,21,臺中市,西區,0,2,0,8,1,5,50,4,1,1,5,4,5,7,4,4,10,5,5,2,15,6,2,8,1,1,C03,7,9,1,9,2,11,,6,6,1,5,8,C03,120.659813,24.155466,2
2022,3,16,10,22,臺中市,太平區,0,0,0,8,,,30,,,,,,,,,,,,,,,12,,,,,A11,,,1,,2,,,12,12,1,21,,A11,120.731493,24.152742,3
2022,3,16,10,25,臺中市,北屯區,0,0,0,8,,,50,,,,,,,,,,,,,,,23,,,,,B03,,,1,,2,,,23,23,1,21,,B03,120.692983,24.181968,3
2022,3,16,10,32,臺中市,西屯區,0,2,0,8,1,5,50,14,9,1,5,4,5,7,4,4,5,4,5,2,13,23,2,9,3,4,C03,7,9,1,10,2,11,,23,23,1,22,8,C03,120.64487,24.179269,2
2022,3,16,10,32,臺中市,太平區,0,1,0,8,1,5,50,14,9,1,5,4,5,7,4,4,5,4,5,2,16,6,2,8,1,1,C03,7,9,1,10,2,14,,6,6,1,21,8,C03,120.715373,24.149038,2
2022,3,16,10,35,臺中市,大肚區,0,1,0,8,1,5,30,11,9,1,5,4,5,7,4,4,10,5,5,2,11,42,3,10,1,1,C03,7,9,1,10,2,14,,42,42,1,12,8,C03,120.564273,24.132614,2
2022,3,16,10,40,臺中市,中區,0,1,0,8,1,5,50,4,1,1,5,4,5,7,1,1,10,5,5,2,12,42,2,9,1,1,C03,7,9,1,10,2,14,,42,42,1,21,8,C03,120.68258,24.140478,2
2022,3,16,10,40,臺中市,西區,0,0,0,,,,50,,,,,,,,,,,,,,,12,,,,,B02,,,1,,2,,,12,12,1,21,,B02,120.656789,24.145102,3
2022,3,16,10,46,臺中市,西屯區,0,1,0,8,1,5,40,14,8,1,5,4,5,7,4,4,1,3,1,1,12,6,3,10,1,1,B03,7,6,1,8,2,2,,6,6,1,22,8,B03,120.634713,24.18081,2
2022,3,16,10,50,臺中市,太平區,0,0,0,8,,,50,,,,,,,,,,,,,,,12,,,,,B03,,,1,,2,,,12,12,1,21,,B03,120.718706,24.133943,3
2022,3,16,10,52,臺中市,大甲區,0,0,0,,,,40,,,,,,,,,,,,,,,67,,,,,B03,,,1,,1,,,67,67,1,2,,B03,120.645088,24.397791,3
2022,3,16,10,55,臺中市,大里區,0,1,0,8,1,5,30,4,1,1,5,4,5,7,4,4,10,5,5,1,29,23,2,8,1,1,C03,7,9,1,10,2,11,,23,23,1,21,3,C03,120.688762,24.111482,2
2022,3,16,10,58,臺中市,北區,0,0,0,8,1,5,50,4,2,1,5,4,5,7,1,1,10,5,5,2,17,21,3,10,3,4,B03,7,9,6,18,7,4,,21,21,1,2,8,B03,120.669333,24.163996,3
2022,3,16,10,58,臺中市,北屯區,0,1,0,8,1,5,50,4,1,1,5,4,5,7,1,1,10,5,5,2,16,6,3,10,1,1,B03,7,5,1,8,2,2,,6,6,1,4,8,B03,120.7209,24.1698,2
2022,3,16,11,5,臺中市,豐原區,0,2,0,8,1,5,50,14,9,1,5,4,5,7,4,4,1,4,5,1,16,23,2,9,1,1,C03,7,9,1,10,2,11,,23,23,1,21,1,C03,120.710449,24.246876,2
2022,3,16,11,6,臺中市,南屯區,0,0,0,8,1,5,50,14,9,1,5,4,5,7,4,4,5,5,5,2,14,10,,,,,B11,,,1,,9,,,10,10,1,22,,B11,120.644286,24.137024,3
2022,3,16,11,12,臺中市,北區,0,2,0,8,1,5,50,4,9,1,5,4,5,7,1,1,1,4,5,2,16,26,3,10,1,1,B03,7,6,1,8,2,5,,26,26,1,22,9,B03,120.691203,24.15918,2
2022,3,16,11,12,臺中市,西區,0,1,0,8,1,5,50,14,7,1,5,4,5,7,4,4,10,4,4,2,12,19,3,10,1,1,B03,7,1,1,8,2,4,,19,19,1,5,8,B03,120.674849,24.134296,2
2022,3,16,11,14,臺中市,大雅區,0,1,0,8,1,5,50,14,9,1,5,4,5,7,4,4,5,5,5,1,16,9,3,10,1,1,B03,7,6,1,8,2,2,,9,9,1,22,8,B03,120.6685,24.214935,2
2022,3,16,11,30,臺中市,北屯區,0,0,0,8,,,50,,,,,,,,,,,,,,,18,,,,,B03,,,1,,1,,,18,18,1,21,,B03,120.731697,24.166679,3
2022,3,16,11,35,臺中市,烏日區,0,2,0,8,1,5,70,14,7,1,5,4,5,7,2,1,1,4,4,1,13,23,3,10,1,1,B03,7,14,1,8,2,3,,44,23,1,21,8,B03,120.611197,24.10757,2
2022,3,16,11,36,臺中市,北屯區,0,1,0,8,1,5,50,4,1,1,5,4,5,7,1,1,10,5,5,2,3,15,3,10,1,1,B03,7,5,1,8,2,1,,15,15,1,21,8,B03,120.694245,24.171156,2
2022,3,16,11,41,臺中市,太平區,0,1,0,8,1,5,30,4,1,1,5,4,5,7,4,4,10,5,5,2,15,6,3,10,1,1,C03,7,9,1,10,2,11,,6,6,1,22,8,C03,120.72513,24.1578,2
2022,3,16,11,44,臺中市,大雅區,0,1,0,8,1,5,50,4,1,1,5,4,5,7,1,1,10,5,5,2,15,25,3,10,1,1,B12,7,9,1,8,2,2,,25,25,1,22,8,B12,120.645253,24.225558,2
2022,3,16,11,52,臺中市,西區,0,1,0,8,1,5,50,4,1,1,5,4,5,7,1,1,10,5,5,2,16,19,2,8,1,1,C03,7,1,1,10,1,14,,19,19,1,5,8,C03,120.667333,24.140588,2
2022,3,16,11,55,臺中市,西屯區,0,0,0,8,,,40,,,,,,,,,,,,,,,42,,,,,C03,,,1,,1,,,42,42,1,22,,C03,120.662586,24.168875,3
2022,3,16,11,58,臺中市,北區,0,0,0,8,,,50,,,,,,,,,,,,,,,12,,,,,B03,,,1,,1,,,12,12,1,20,,B03,120.682988,24.157853,3
2022,3,16,12,1,臺中市,太平區,0,1,0,8,1,5,50,3,2,1,5,4,5,7,1,1,5,4,4,2,16,7,3,10,1,1,B12,7,8,1,8,2,6,,7,7,1,22,8,B12,120.718481,24.104349,2
2022,3,16,12,1,臺中市,外埔區,0,1,0,8,1,5,50,3,1,1,5,4,5,7,4,4,10,5,5,2,13,23,2,9,1,1,C03,7,9,1,10,2,11,,23,23,1,4,1,C03,120.626903,24.334963,2
2022,3,16,12,3,臺中市,大里區,0,2,0,8,1,5,50,3,2,1,5,4,5,7,4,4,5,4,4,1,16,6,2,9,3,4,C03,7,6,1,10,2,12,,6,6,1,22,9,C03,120.685291,24.115187,2
2022,3,16,12,3,臺中市,西屯區,0,0,0,8,,,50,,,,,,,,,,,,,,,23,,,,,B03,,,1,,1,,,23,23,1,4,,B03,120.644288,24.157151,3
2022,3,16,12,12,臺中市,中區,0,1,0,8,1,5,50,4,1,1,5,4,5,7,1,1,10,5,5,2,16,9,3,10,1,1,C03,7,6,1,10,2,11,,9,9,1,5,8,C03,120.680613,24.146958,2
2022,3,16,12,17,臺中市,北區,0,2,0,8,1,5,50,4,7,1,5,4,5,7,4,4,9,5,4,2,17,23,2,9,1,1,C03,7,9,1,10,2,11,,23,23,1,22,9,C03,120.673851,24.17181,2
2022,3,16,12,31,臺中市,北屯區,0,1,0,8,1,5,50,4,1,1,5,4,5,7,1,1,10,5,5,2,16,8,3,10,1,1,B02,7,5,1,8,2,8,,8,8,1,21,8,B02,120.682701,24.18625,2
2022,3,16,12,36,臺中市,中區,0,1,0,8,1,5,50,4,2,1,5,4,5,7,1,1,5,4,4,2,13,16,3,10,1,1,C03,7,9,1,10,2,11,,16,16,1,21,8,C03,120.677537,24.139969,2
2022,3,16,12,36,臺中市,北區,0,0,0,8,,,30,,,,,,,,,,,,,,,12,,,,,B03,,,1,,11,,,12,12,2,22,,B03,120.672221,24.172568,3
2022,3,16,12,39,臺中市,北屯區,0,0,0,8,,,50,,,,,,,,,,,,,,,2,,,,,B03,,,1,,2,,,2,2,1,20,,B03,120.7218,24.1818,3
2022,3,16,12,48,臺中市,中區,0,0,0,8,,,50,,,,,,,,,,,,,,,12,,,,,B03,,,1,,1,,,12,12,1,5,,B03,120.679837,24.142346,3
2022,3,16,12,49,臺中市,西屯區,0,2,0,8,1,5,50,3,1,1,5,4,5,7,4,4,5,5,5,1,3,23,2,9,1,1,C03,7,9,1,10,2,15,,23,23,1,1,9,C03,120.594241,24.185287,2
2022,3,16,12,50,臺中市,沙鹿區,0,2,0,8,1,5,40,3,1,1,5,4,5,7,1,1,10,5,5,2,16,25,2,9,1,1,C03,7,9,1,10,2,11,,25,25,1,21,8,C03,120.578206,24.223259,2
2022,3,16,12,55,臺中市,大甲區,0,0,0,8,,,50,,,,,,,,,,,,,,,23,,,,,B03,,,1,,2,,,23,23,1,4,,B03,120.63903,24.362758,3
2022,3,16,13,2,臺中市,南屯區,0,0,0,8,,,40,,,,,,,,,,,,,,,44,,,,,B03,,,1,,2,,,44,44,1,4,,B03,120.615281,24.147503,3
2022,3,16,13,10,臺中市,南屯區,0,1,0,8,1,5,50,3,1,1,5,4,5,7,4,4,10,5,5,2,16,6,3,10,3,4,B03,7,6,1,8,2,1,,6,6,1,10,8,B03,120.630773,24.142867,2
2022,3,16,13,15,臺中市,烏日區,0,0,0,8,,,50,,,,,,,,,,,,,,,19,,,,,B03,,,1,,2,,,19,19,1,21,,B03,120.63398,24.107257,3
2022,3,16,13,28,臺中市,大里區,0,1,0,8,1,5,50,3,2,1,5,4,5,7,4,4,5,4,5,1,16,23,2,9,1,1,C03,7,9,1,10,2,12,,23,23,1,22,9,C03,120.687985,24.101163,2
2022,3,16,14,0,臺中市,大里區,0,1,0,8,1,5,50,4,1,1,5,4,5,7,4,4,10,5,5,2,12,9,2,9,1,1,C03,7,6,4,11,2,12,,9,9,1,19,9,C03,120.674846,24.103571,2
2022,3,16,14,11,臺中市,西區,0,3,0,8,1,5,50,5,1,1,5,4,5,7,2,1,10,5,5,2,17,19,2,9,1,1,C03,7,1,1,10,2,13,,19,19,1,4,8,C03,120.665649,24.135153,2
2022,3,16,14,13,臺中市,西區,0,0,0,8,,,50,,,,,,,,,,,,,,,23,,,,,A12,,,1,3,1,,,23,23,1,10,,A12,120.673517,24.147762,3
2022,3,16,14,16,臺中市,龍井區,0,0,0,8,,,50,,,,,,,,,,,,,,,12,,,,,B12,,,1,,1,,,12,12,1,21,,B12,120.586405,24.181469,3
2022,3,16,14,21,臺中市,沙鹿區,0,2,0,8,1,5,50,4,1,1,5,4,5,7,2,1,10,5,5,2,16,8,2,9,1,1,C03,7,5,1,10,2,14,,8,8,1,5,8,C03,120.564969,24.241887,2