年,月,日,時,分,縣市,區,死,受傷,2-30,天候,光線,道路類別,速限,道路型態,事故位置,路面鋪裝,路面狀態,路面缺陷,障礙物,視距,號誌種類,號誌動作,分向設施,快車道或一般車道間,快慢車道間,路面邊線,事故類型及型態,主要肇因,受傷程度,主要傷處,保護裝備,行動電話,當事者區分,車輛用途,當事者行動狀態,駕駛資格情形,駕駛執照種類,飲酒情形,車輛撞擊部位最初,車輛撞擊部位其他,肇事因素個別,肇事因素主要,肇事逃逸,職業,旅次目的,車種,GPS緯度,GPS經度,事故類別
2022,3,17,8,49,臺中市,西屯區,0,0,0,8,,,80,,,,,,,,,,,,,,,16,,,,,B03,,,1,,1,,,16,16,1,22,,B03,120.63631,24.184625,3
2022,3,17,8,49,臺中市,龍井區,0,2,0,8,1,5,50,3,1,1,5,4,5,7,4,4,10,5,5,2,13,16,2,9,1,1,C03,7,9,1,10,2,13,,44,16,1,22,8,C03,120.591315,24.181157,2
2022,3,17,8,51,臺中市,大甲區,0,0,0,,,,30,,,,,,,,,,,,,,,12,,,,,B12,,,1,,2,,,12,12,1,22,,B12,120.613251,24.35901,3
2022,3,17,8,55,臺中市,北屯區,0,2,0,8,1,5,50,4,1,1,5,4,5,7,1,1,10,5,5,2,13,23,2,9,1,1,C03,7,9,1,10,2,11,,23,23,1,21,8,C03,120.686756,24.201681,2
2022,3,17,8,56,臺中市,霧峰區,0,1,0,8,1,5,40,11,9,1,5,4,5,7,4,4,10,5,5,2,11,23,3,10,1,1,G03,7,9,1,16,2,8,,23,23,1,21,9,G03,120.678937,24.065732,2
2022,3,17,9,1,臺中市,霧峰區,0,1,0,8,1,5,40,4,1,1,5,4,5,6,1,1,10,5,5,2,3,8,3,10,1,1,B03,7,5,1,8,2,8,5,8,8,1,22,8,B03,120.694483,24.066083,2
2022,3,17,9,3,臺中市,西區,0,0,0,8,,,50,,,,,,,,,,,,,,,17,,,,,B03,,,1,,1,,,17,17,1,21,,B03,120.654691,24.150657,3
2022,3,17,9,12,臺中市,烏日區,0,0,0,8,,,40,,,,,,,,,,,,,,,23,,,,,B03,,,1,,2,,,23,23,1,21,,B03,120.651462,24.098247,3
2022,3,17,9,13,臺中市,北區,0,1,0,8,1,5,50,14,9,1,5,4,5,7,4,4,5,4,5,2,17,16,2,9,1,1,C03,7,9,1,10,2,11,,16,16,1,20,8,C03,120.682036,24.154327,2
2022,3,17,9,17,臺中市,南屯區,0,1,0,8,1,5,40,14,8,1,5,4,5,7,4,4,1,4,4,2,12,1,2,9,1,1,C03,7,4,1,10,2,14,,1,1,1,4,8,C03,120.641995,24.150913,2
2022,3,17,9,20,臺中市,霧峰區,0,1,0,8,1,5,50,4,1,1,5,4,5,7,1,1,10,5,5,2,12,23,2,9,1,1,C03,7,9,1,10,2,14,,23,23,1,21,9,C03,120.671291,24.043189,2
2022,3,17,9,22,臺中市,清水區,0,1,0,8,1,5,70,3,1,1,5,4,5,7,3,1,10,5,5,2,23,23,2,7,1,1,A12,7,9,1,7,2,8,,23,23,1,5,5,A12,120.5713,24.298908,2
2022,3,17,9,22,臺中市,梧棲區,0,1,0,8,1,5,50,4,1,1,5,4,5,7,1,1,10,5,5,2,15,25,2,9,1,1,C03,7,9,1,10,2,12,,25,25,1,20,8,C03,120.538681,24.249161,2
2022,3,17,9,30,臺中市,后里區,0,1,0,8,1,5,50,11,9,1,5,4,5,7,4,4,4,2,5,1,18,23,2,9,1,1,C03,7,9,1,10,6,15,,23,23,1,22,8,C03,120.716702,24.297164,2
2022,3,17,9,35,臺中市,西屯區,0,1,0,8,1,5,40,14,8,1,5,4,5,7,4,4,1,5,1,2,18,42,2,9,1,4,C03,7,9,1,10,2,12,,42,42,1,22,8,C03,120.636137,24.184196,2
2022,3,17,9,36,臺中市,北區,0,1,0,8,1,5,50,5,2,1,5,4,5,7,2,1,3,2,3,1,16,25,3,10,3,4,B03,7,5,1,8,2,6,,8,25,1,22,9,B03,120.676764,24.163126,2
2022,3,17,9,40,臺中市,清水區,0,0,0,8,,,30,,,,,,,,,,,,,,,23,,,,,G03,,,1,,2,,,23,23,1,22,,G03,120.573203,24.269866,3
2022,3,17,9,44,臺中市,中區,0,1,0,8,1,5,50,4,2,1,5,4,5,7,1,1,10,5,5,2,12,40,3,10,1,1,B03,7,13,1,8,2,4,,40,40,1,5,8,B03,120.682301,24.142912,2
2022,3,17,9,46,臺中市,北區,0,1,0,7,1,5,50,5,1,5,4,4,5,7,1,1,10,5,5,2,17,26,2,9,1,1,C03,7,15,1,10,2,14,,26,26,1,22,9,C03,120.685848,24.154718,2
2022,3,17,9,51,臺中市,西屯區,0,1,0,8,1,5,50,14,9,1,5,4,5,7,4,4,1,4,5,2,14,12,3,10,3,4,B03,7,2,1,8,1,3,,12,12,1,22,8,B03,120.665875,24.173101,2
2022,3,17,9,55,臺中市,龍井區,0,1,0,8,1,5,50,4,1,1,5,4,5,7,4,4,10,5,5,2,15,6,2,8,1,1,C03,7,9,1,10,2,11,,6,6,1,19,7,C03,120.546154,24.194032,2
2022,3,17,9,57,臺中市,沙鹿區,0,1,0,8,1,5,30,4,2,1,5,4,5,7,1,1,10,5,5,2,17,8,3,10,1,1,B03,7,5,1,8,2,8,,8,8,1,1,7,B03,120.563289,24.20579,2
2022,3,17,10,7,臺中市,西屯區,0,1,0,8,1,5,50,14,9,1,5,4,5,7,4,4,1,4,4,2,17,43,3,10,1,1,B03,7,9,1,8,2,6,,43,43,1,22,8,B03,120.617418,24.192115,2
2022,3,17,10,9,臺中市,北區,0,2,0,8,1,5,50,4,2,1,5,4,5,7,2,1,5,4,4,1,16,26,2,5,3,4,C03,7,9,1,10,2,11,,23,23,1,22,9,C03,120.683677,24.148095,2
2022,3,17,10,12,臺中市,北區,0,0,0,8,,,50,,,,,,,,,,,,,,,26,,,,,B12,,,1,,2,,,26,26,1,22,,B12,120.686046,24.154778,3
2022,3,17,10,19,臺中市,北區,0,1,0,8,1,5,50,4,1,1,5,4,5,7,1,1,10,5,5,2,16,26,3,10,1,1,B03,7,6,1,8,2,5,,26,26,1,5,8,B03,120.675734,24.15912,2
2022,3,17,10,22,臺中市,龍井區,0,1,0,8,1,5,60,4,1,1,5,4,5,7,2,1,10,5,5,2,16,26,3,10,1,1,B03,7,6,1,8,2,5,,26,26,1,22,8,B03,120.585344,24.185933,2
2022,3,17,10,24,臺中市,西區,0,0,0,8,,,50,,,,,,,,,,,,,,,16,,,,,B03,,,1,,1,,,16,16,1,5,,B03,120.665554,24.153803,4
2022,3,17,10,39,臺中市,梧棲區,0,0,0,8,,,30,,,,,,,,,,,,,,,17,,,,,B12,,,1,,2,,,17,17,1,10,,B12,120.550576,24.249683,3
2022,3,17,10,40,臺中市,大里區,0,2,0,8,1,5,60,4,2,1,5,4,5,7,1,1,5,4,4,1,16,6,2,9,3,4,C03,7,6,1,10,2,12,,6,6,1,22,8,C03,120.67927,24.114137,2
2022,3,17,10,44,臺中市,北屯區,0,2,0,8,1,5,30,4,1,1,5,4,5,7,4,4,10,5,5,2,15,6,2,9,1,1,C03,7,9,4,10,2,11,,6,6,1,21,8,C03,120.692664,24.18157,2
2022,3,17,10,50,臺中市,北區,0,1,0,8,1,5,50,4,1,1,5,4,5,7,1,1,10,5,5,2,17,17,3,10,1,1,C03,7,9,1,10,2,14,,17,17,1,22,9,C03,120.681783,24.144648,2
2022,3,17,10,50,臺中市,大肚區,0,1,0,8,1,5,30,4,1,1,5,4,5,7,4,4,10,5,5,2,15,6,2,9,1,1,C03,7,9,1,10,2,11,,6,6,1,19,8,C03,120.544394,24.159071,2
2022,3,17,10,54,臺中市,東勢區,0,0,0,8,,,30,,,,,,,,,,,,,,,5,,,,,B03,,,1,,2,,,5,5,1,22,,B03,120.810108,24.282674,3
2022,3,17,10,55,臺中市,清水區,0,1,0,8,1,5,50,3,1,1,5,4,5,7,4,4,10,5,5,1,16,6,3,10,3,4,B03,7,6,1,8,2,2,,6,6,1,22,8,B03,120.57326,24.263605,2
2022,3,17,10,55,臺中市,南屯區,0,0,0,8,1,5,50,14,7,1,5,4,5,7,4,4,9,5,4,2,12,17,3,10,1,1,C03,7,9,1,10,2,14,,17,17,1,5,8,C03,120.636257,24.14696,3
2022,3,17,11,7,臺中市,西區,0,1,0,8,1,5,50,14,9,1,5,4,5,7,4,4,4,4,5,2,17,40,3,10,1,1,B11,7,14,1,4,2,4,,40,40,1,10,4,B11,120.679489,24.137924,2
2022,3,17,11,10,臺中市,西區,0,1,0,8,1,5,50,4,1,1,5,4,5,7,1,1,10,5,5,2,12,42,3,10,1,1,B12,7,9,1,8,2,2,,42,42,1,5,8,B12,120.669414,24.138753,2
2022,3,17,11,16,臺中市,南屯區,0,2,0,8,1,5,40,4,1,1,5,4,5,7,4,4,5,4,5,2,15,6,2,9,1,1,C03,7,9,1,10,2,11,,6,6,1,22,8,C03,120.643028,24.137614,2
2022,3,17,11,20,臺中市,龍井區,0,0,0,8,,,30,,,,,,,,,,,,,,,23,,,,,B11,,,1,,2,,,23,23,1,22,,B11,120.585992,24.184017,3
2022,3,17,11,22,臺中市,北區,0,0,0,8,,,50,,,,,,,,,,,,,,,19,,,,,C03,,,1,,11,,,19,19,1,20,,C03,120.672831,24.165202,3
2022,3,17,11,29,臺中市,大肚區,0,0,0,,,,50,,,,,,,,,,,,,,,42,,,,,B03,,,1,,2,,,42,42,1,22,,B03,120.582396,24.168152,3
2022,3,17,11,30,臺中市,北區,0,1,0,8,1,5,50,5,2,1,5,4,5,7,2,1,3,2,3,1,16,26,2,9,3,4,C03,7,9,1,10,2,11,,23,26,1,22,9,C03,120.685079,24.151991,2
2022,3,17,11,30,臺中市,南屯區,0,0,0,,,,50,,,,,,,,,,,,,,,42,,,,,B03,,,1,,1,,,42,42,1,22,,B03,120.646269,24.136477,3
2022,3,17,11,34,臺中市,潭子區,0,2,0,8,1,5,50,3,1,1,5,4,5,7,4,4,5,4,4,2,17,8,2,9,1,1,C03,7,5,1,10,2,14,,8,8,1,22,8,C03,120.700855,24.210406,2
2022,3,17,11,38,臺中市,清水區,0,2,0,8,1,5,50,4,1,1,5,4,5,7,4,4,10,5,5,2,15,6,2,8,1,1,C03,7,9,1,10,2,11,,6,6,1,20,5,C03,120.566095,24.271771,2
2022,3,17,11,49,臺中市,霧峰區,0,2,0,8,1,5,30,14,9,1,5,4,5,7,4,4,10,5,5,2,12,7,2,9,1,1,C03,7,10,1,10,2,14,,7,7,1,18,5,C03,120.687399,24.044384,2
2022,3,17,11,50,臺中市,霧峰區,0,1,0,8,1,5,40,4,1,1,5,4,5,7,1,1,10,5,5,2,16,4,3,10,1,1,C03,7,9,1,10,2,12,,4,4,1,21,9,C03,120.709285,24.080698,2
2022,3,17,11,56,臺中市,南屯區,0,1,0,8,1,5,50,3,19,1,5,4,5,7,2,1,5,5,4,2,3,23,3,10,1,1,B12,7,5,1,8,2,8,,23,23,1,4,8,B12,120.615636,24.149845,2
2022,3,17,11,59,臺中市,北區,0,0,0,8,,,50,,,,,,,,,,,,,,,23,,,,,B03,,,1,,1,,,23,23,1,22,,B03,120.68311,24.153511,3
2022,3,17,12,4,臺中市,南屯區,0,0,0,8,,,50,,,,,,,,,,,,,,,23,,,,,B03,,,1,4,2,,,23,23,1,12,,B03,120.653522,24.13321,3
2022,3,17,12,11,臺中市,東區,0,1,0,8,1,5,50,14,8,1,5,4,5,7,2,1,3,4,4,2,13,23,2,9,1,1,C03,7,7,1,10,2,11,,23,23,1,22,8,C03,120.694936,24.151188,2
2022,3,17,12,14,臺中市,東勢區,0,0,0,6,,,50,,,,,,,,,,,,,,,26,,,,,B03,,,1,,2,,,26,26,1,22,,B03,120.838923,24.171735,3
2022,3,17,12,14,臺中市,西區,0,1,0,8,1,5,40,4,1,1,5,4,5,7,2,1,10,5,5,2,15,26,3,10,1,1,C03,7,9,1,9,2,12,,26,26,1,5,8,C03,120.662533,24.155389,2
2022,3,17,12,21,臺中市,石岡區,0,1,0,8,1,5,40,8,9,1,5,4,5,7,4,4,9,3,5,1,17,5,2,1,1,1,B03,7,9,1,8,2,15,,5,5,1,22,9,B03,120.785045,24.271688,2
2022,3,17,12,25,臺中市,北區,0,1,0,8,1,5,50,3,1,1,5,4,5,7,4,4,1,5,5,2,16,38,3,10,1,1,B03,7,14,1,8,2,2,,38,38,1,21,8,B03,120.679954,24.157503,2
2022,3,17,12,30,臺中市,南區,0,0,0,8,,,50,,,,,,,,,,,,,,,43,,,,,,,,,,,,,43,43,1,,,,120.683907,24.12947,3
2022,3,17,12,31,臺中市,南屯區,0,0,0,,,,40,,,,,,,,,,,,,,,17,,,,,B03,,,1,,11,,,17,17,1,22,,B03,120.633045,24.157882,3
2022,3,17,12,33,臺中市,太平區,0,0,0,8,,,30,,,,,,,,,,,,,,,12,,,,,B03,,,1,,2,,,12,12,1,22,,B03,120.712074,24.12303,3
2022,3,17,12,40,臺中市,西區,0,1,0,8,1,5,40,3,1,1,5,4,5,7,4,4,10,5,5,2,16,6,3,10,1,1,B03,7,6,1,8,2,2,,6,6,1,22,8,B03,120.660409,24.156498,2
2022,3,17,12,42,臺中市,北區,0,0,0,,,,30,,,,,,,,,,,,,,,23,,,,,B03,,,1,,2,,,23,23,1,22,,B03,120.674959,24.164208,3
2022,3,17,12,45,臺中市,西屯區,0,0,0,8,,,50,,,,,,,,,,,,,,,12,,,,,A21,,,1,,2,,,12,12,1,1,,A21,120.609467,24.15607,3
2022,3,17,12,55,臺中市,西屯區,0,1,0,8,1,5,50,4,9,1,5,4,5,7,1,1,5,5,5,2,17,7,2,9,1,4,C03,7,7,1,10,1,13,,7,7,1,22,8,C03,120.638788,24.180221,2
2022,3,17,13,5,臺中市,西屯區,0,0,0,8,,,50,,,,,,,,,,,,,,,43,,,,,C03,,,1,,11,,,43,43,1,22,,C03,120.615994,24.177724,3
2022,3,17,13,5,臺中市,北區,0,0,0,8,,,60,,,,,,,,,,,,,,,16,,,,,B03,,,1,,2,,,16,16,1,22,,B03,120.665268,24.153876,3
2022,3,17,13,6,臺中市,沙鹿區,0,1,0,8,1,5,50,3,1,1,5,4,5,7,4,4,10,5,5,2,16,6,3,10,1,1,B03,7,5,1,8,2,1,,6,6,1,5,9,B03,120.571104,24.226262,2
2022,3,17,13,11,臺中市,神岡區,0,1,0,8,1,5,50,14,9,1,5,4,5,7,1,1,5,5,4,2,13,16,2,9,1,1,C03,7,9,1,10,2,11,,16,16,1,22,8,C03,120.65564,24.255493,2
2022,3,17,13,26,臺中市,沙鹿區,0,1,0,8,1,5,50,11,9,1,5,4,5,7,4,4,5,4,5,2,13,23,2,9,1,1,C03,7,9,1,10,2,11,,23,23,1,4,8,C03,120.570622,24.243378,2
2022,3,17,13,27,臺中市,清水區,0,0,0,8,,,40,,,,,,,,,,,,,,,23,,,,,B12,,,1,,2,,,23,23,1,21,,B12,120.534399,24.275854,3
2022,3,17,13,33,臺中市,新社區,0,0,0,8,,,30,,,,,,,,,,,,,,,17,,,,,A11,,,1,,11,,,17,17,1,22,,A11,120.800355,24.233765,3
2022,3,17,13,50,臺中市,沙鹿區,0,1,0,8,1,5,40,3,8,1,5,4,5,7,1,1,1,4,2,1,13,23,2,7,1,1,C03,7,9,1,10,2,11,,23,23,1,20,8,C03,120.576106,24.251757,2
2022,3,17,13,55,臺中市,南區,0,0,0,8,,,50,,,,,,,,,,,,,,,23,,,,,B03,,,1,,2,,,23,23,1,22,,B03,120.648371,24.123051,3
2022,3,17,13,59,臺中市,大里區,0,1,0,8,1,5,50,11,9,1,5,4,5,7,4,4,10,5,5,2,11,23,2,9,1,1,C03,7,6,1,10,2,14,,23,23,1,22,9,C03,120.679665,24.116135,2
2022,3,17,14,9,臺中市,北區,0,1,0,8,1,5,50,14,7,1,5,4,5,7,1,1,3,4,4,2,13,16,2,7,1,1,C03,7,9,1,10,2,11,,16,16,1,22,8,C03,120.672565,24.168787,2
2022,3,17,14,20,臺中市,北區,0,0,0,8,,,50,,,,,,,,,,,,,,,26,,,,,B03,,,1,,1,,,26,26,1,22,,B03,120.677183,24.151124,3
2022,3,17,14,37,臺中市,大甲區,0,1,0,8,1,5,50,14,9,1,5,4,5,7,4,4,9,5,5,1,16,23,2,9,1,1,C03,7,9,1,10,2,12,,23,23,1,4,1,C03,120.626565,24.348695,2
2022,3,17,14,42,臺中市,沙鹿區,0,0,0,8,,,60,,,,,,,,,,,,,,,7,,,,,B12,,,1,,2,,,7,7,1,21,,B12,120.555329,24.213177,3
2022,3,17,14,44,臺中市,西屯區,0,0,0,8,,,40,,,,,,,,,,,,,,,42,,,,,B12,,,1,,1,,,42,42,1,1,,B12,120.642023,24.16926,3
2022,3,17,14,59,臺中市,大里區,0,0,0,8,,,60,,,,,,,,,,,,,,,9,,,,,B03,,,1,,2,,,9,9,1,22,,B03,120.676195,24.085855,3
2022,3,17,14,59,臺中市,大里區,0,0,0,8,1,5,50,4,9,1,5,4,5,7,1,1,1,2,5,1,13,23,,,,,B03,,,1,,2,,,23,23,1,5,,B03,120.679191,24.115224,3
2022,3,17,15,1,臺中市,北屯區,0,0,0,8,,,50,,,,,,,,,,,,,,,23,,,,,B02,,,1,,1,,,23,23,1,22,,B02,120.719839,24.180293,3
2022,3,17,15,17,臺中市,北屯區,0,0,0,8,,,50,,,,,,,,,,,,,,,23,,,,,B03,,,6,,7,,,23,23,1,5,,B03,120.686939,24.201306,3
2022,3,17,15,18,臺中市,后里區,0,1,0,8,1,5,60,4,2,1,5,4,5,7,1,1,5,4,5,1,12,42,2,8,1,1,C03,7,6,1,10,2,14,,42,42,1,22,8,C03,120.72988,24.331952,2
2022,3,17,15,23,臺中市,東區,0,1,0,8,1,5,50,4,2,1,5,4,5,7,1,1,5,4,5,2,13,23,2,1,1,1,B01,7,9,1,4,2,1,,23,23,1,21,8,B01,120.689186,24.142917,2
2022,3,17,15,25,臺中市,龍井區,0,3,0,8,1,5,30,4,1,1,5,4,5,7,4,4,10,5,5,2,15,6,2,7,1,1,B03,7,9,1,8,2,2,,6,6,1,19,8,B03,120.523415,24.189386,2
2022,3,17,15,29,臺中市,南區,0,1,0,8,1,5,50,4,1,1,5,4,5,7,1,1,5,4,5,2,12,6,3,10,1,1,C03,7,5,1,10,2,11,,6,6,1,21,8,C03,120.671371,24.122319,2
2022,3,17,15,33,臺中市,西屯區,0,1,0,8,1,5,50,14,9,1,5,4,5,7,4,4,1,4,5,2,13,23,3,10,3,4,B03,7,9,1,8,2,1,,23,23,1,22,8,B03,120.631998,24.169763,2
2022,3,17,15,43,臺中市,大里區,0,0,0,8,1,5,50,14,9,1,5,4,5,7,1,1,1,2,5,1,13,42,,,,,B03,,,1,,2,,,42,42,1,5,,B03,120.67188,24.102355,3
2022,3,17,15,43,臺中市,西屯區,0,1,0,8,1,5,40,14,7,1,5,4,5,7,4,4,5,5,4,2,16,26,3,10,1,1,B12,7,11,1,8,2,8,,26,26,1,22,8,B12,120.644401,24.202226,2
2022,3,17,15,43,臺中市,西屯區,0,1,0,8,1,5,50,3,1,1,5,4,5,7,1,1,9,4,5,2,12,8,2,9,1,1,C03,7,5,1,8,2,13,,8,8,1,12,8,C03,120.64492,24.182201,2
2022,3,17,15,45,臺中市,西屯區,0,1,0,8,1,5,40,14,8,1,5,4,5,7,4,4,1,4,1,2,13,23,3,10,1,1,B03,7,9,1,8,1,1,,23,23,1,22,8,B03,120.6527,24.160301,2
2022,3,17,16,6,臺中市,大雅區,0,0,0,8,,,50,,,,,,,,,,,,,,,23,,,,,C03,,,1,,2,,,23,23,1,22,,C03,120.652814,24.226325,3
2022,3,17,16,19,臺中市,西區,0,0,0,8,1,5,50,4,2,1,5,4,5,7,1,1,5,4,5,2,13,23,,,,,B03,,,1,,1,,,23,23,1,22,,B03,120.674368,24.137228,3
2022,3,17,16,22,臺中市,后里區,0,0,0,8,1,2,50,4,2,1,5,4,5,7,2,1,4,2,1,1,12,17,3,10,1,1,B03,7,9,1,8,2,8,,17,17,1,21,1,B03,120.725216,24.321302,3
2022,3,17,16,27,臺中市,沙鹿區,0,1,0,8,1,5,50,14,7,1,5,4,5,7,4,4,1,4,1,1,13,23,2,9,1,1,B03,7,9,6,18,2,1,,23,23,1,4,8,B03,120.58086,24.213201,2
2022,3,17,16,46,臺中市,西區,0,1,0,8,1,5,50,4,1,1,5,4,5,7,1,1,10,5,5,2,16,9,3,10,1,1,B03,7,6,1,8,2,2,,9,9,1,22,8,B03,120.665275,24.147883,2
2022,3,17,16,46,臺中市,東勢區,0,0,0,8,,,30,,,,,,,,,,,,,,,23,,,,,B03,,,1,,2,,,23,23,1,21,,B03,120.833398,24.250907,3
2022,3,17,16,49,臺中市,北屯區,0,1,0,8,1,5,30,3,1,1,5,4,5,7,4,4,10,5,5,2,16,19,2,9,1,1,C03,7,1,1,10,2,11,,19,19,1,22,8,C03,120.685431,24.196603,2
2022,3,17,16,50,臺中市,大甲區,0,0,0,8,,,30,,,,,,,,,,,,,,,12,,,,,B12,,,1,,9,,,12,12,1,4,,B12,120.625378,24.343799,3
2022,3,17,16,51,臺中市,南屯區,0,0,0,8,,,40,,,,,,,,,,,,,,,23,,,,,B02,,,6,,2,,,23,23,1,22,,B02,120.62422,24.152981,3
2022,3,17,16,54,臺中市,太平區,0,1,0,8,1,5,50,14,9,1,5,4,5,7,4,4,5,5,5,2,16,6,3,10,1,1,B03,7,11,1,8,2,6,,6,6,1,21,8,B03,120.726266,24.149839,2
2022,3,17,16,54,臺中市,梧棲區,0,0,0,8,,,50,,,,,,,,,,,,,,,6,,,,,B03,,,1,,2,,,6,6,1,22,,B03,120.539506,24.25227,3
2022,3,17,17,3,臺中市,中區,0,0,0,,,,40,,,,,,,,,,,,,,,18,,,,,B03,,,1,,2,,,18,18,1,5,,B03,120.67567,24.143938,3
2022,3,17,17,3,臺中市,大里區,0,0,0,8,,,50,,,,,,,,,,,,,,,18,,,,,B11,,,1,,2,,,18,18,1,21,,B11,120.689937,24.110474,3
2022,3,17,17,10,臺中市,沙鹿區,0,1,0,8,1,5,50,4,1,1,5,4,5,7,4,4,10,5,5,2,15,6,2,8,2,1,C03,7,9,1,10,2,12,,6,6,1,19,5,C03,120.573346,24.219278,2
2022,3,17,17,13,臺中市,西屯區,0,1,0,8,2,5,50,3,1,1,5,4,5,7,4,4,10,5,5,2,16,6,3,10,3,4,B03,7,5,1,8,2,1,,6,6,1,22,8,B03,120.660643,24.173256,2
2022,3,17,17,15,臺中市,大雅區,0,0,0,8,,,50,,,,,,,,,,,,,,,6,,,,,B12,,,1,,2,,,6,6,1,22,,B12,120.647633,24.214709,3
2022,3,17,17,15,臺中市,神岡區,0,1,0,8,2,5,50,14,9,1,5,4,5,7,4,4,9,5,5,1,16,6,3,10,1,1,B12,7,6,1,8,2,6,,6,6,1,21,8,B12,120.673601,24.261425,2
2022,3,17,17,15,臺中市,大里區,0,1,0,8,1,5,50,4,1,1,5,4,5,7,1,1,10,5,5,1,16,8,3,10,1,1,B03,7,5,1,8,2,1,,8,8,1,5,8,B03,120.694905,24.11127,2
2022,3,17,17,17,臺中市,西區,0,0,0,8,,,50,,,,,,,,,,,,,,,23,,,,,B12,,,1,,1,,,23,23,1,22,,B12,120.679768,24.138034,3
2022,3,17,17,19,臺中市,東勢區,0,0,0,8,,,60,,,,,,,,,,,,,,,23,,,,,B03,,,1,,2,,,23,23,1,22,,B03,120.795636,24.286581,3
2022,3,17,17,20,臺中市,西屯區,0,1,0,8,1,5,50,14,7,1,5,4,5,7,4,4,9,4,3,2,13,23,3,10,1,1,B03,7,9,1,8,2,1,,23,23,1,12,8,B03,120.601471,24.182566,2
2022,3,17,17,20,臺中市,北屯區,0,2,0,8,1,5,50,4,1,1,5,4,5,7,2,1,10,5,5,2,16,26,2,7,1,1,C03,7,5,1,10,2,14,,26,26,1,18,8,C03,120.735818,24.175355,2
2022,3,17,17,26,臺中市,西屯區,0,2,0,8,1,5,50,3,2,1,5,4,5,7,1,1,9,4,5,2,16,6,2,9,1,1,C03,7,5,1,10,2,11,,6,6,1,12,8,C03,120.646037,24.191437,2
2022,3,17,17,27,臺中市,北屯區,0,1,0,8,1,5,50,14,9,1,5,4,5,7,4,4,1,4,5,2,13,16,2,9,1,1,C03,7,9,1,10,2,11,,16,16,1,5,8,C03,120.678708,24.173301,2
2022,3,17,17,32,臺中市,西區,0,1,0,8,1,5,30,3,1,1,5,4,5,7,4,4,10,5,5,2,16,6,2,9,1,1,C03,7,5,1,10,2,11,,6,6,1,6,8,C03,120.664157,24.137606,2
2022,3,17,17,35,臺中市,沙鹿區,0,1,0,8,1,5,50,4,1,1,5,4,5,7,3,1,10,5,5,2,15,6,3,10,1,1,C03,7,9,1,10,2,11,,6,6,1,5,9,C03,120.564279,24.236543,2
2022,3,17,17,36,臺中市,西屯區,0,0,0,6,,,30,,,,,,,,,,,,,,,23,,,,,C03,,,1,,1,,,23,23,1,22,,C03,120.640198,24.181016,3
2022,3,17,17,43,臺中市,烏日區,0,3,0,8,2,5,30,4,1,1,5,4,5,7,4,4,10,5,5,2,15,6,2,9,1,1,C03,7,9,1,10,2,12,,6,6,1,23,8,C03,120.648704,24.064988,2
2022,3,17,17,45,臺中市,大里區,0,1,0,8,3,5,30,11,9,5,5,4,5,1,4,4,10,5,5,2,11,23,3,10,1,1,B03,7,9,1,3,2,1,,23,23,1,21,3,B03,120.694807,24.123198,2
2022,3,17,17,46,臺中市,北區,0,0,0,8,,,50,,,,,,,,,,,,,,,19,,,,,B03,,,1,,2,,,19,19,1,22,,B03,120.692721,24.161596,3
2022,3,17,17,51,臺中市,北屯區,0,1,0,8,3,5,50,3,1,1,5,4,5,7,1,1,5,2,5,2,16,26,3,10,1,1,C03,7,5,1,10,2,11,,26,26,1,22,8,C03,120.708093,24.170398,2
2022,3,17,17,53,臺中市,后里區,0,1,0,8,1,5,50,3,2,1,5,4,5,7,1,1,4,5,4,1,17,6,3,10,1,1,B03,7,6,1,8,2,6,,6,6,1,21,8,B03,120.710181,24.310908,2
2022,3,17,17,56,臺中市,北區,0,0,0,8,,,50,,,,,,,,,,,,,,,4,,,,,A12,,,1,,1,,,4,4,1,22,,A12,120.669382,24.17258,3
2022,3,17,17,58,臺中市,北屯區,0,0,0,6,,,80,,,,,,,,,,,,,,,23,,,,,B03,,,1,,1,,,23,23,1,5,,B03,120.720948,24.18198,3
2022,3,17,18,0,臺中市,北屯區,0,2,0,6,3,5,50,3,1,1,4,4,5,7,4,4,10,5,5,2,16,6,2,7,1,1,C03,7,5,1,10,2,12,,6,6,1,22,8,C03,120.721655,24.17414,2
2022,3,17,18,9,臺中市,大甲區,0,1,0,6,3,5,50,4,1,1,4,4,5,7,4,4,10,5,5,2,15,6,3,10,1,1,B03,7,9,1,8,2,5,,6,6,1,4,8,B03,120.618448,24.346745,2
2022,3,17,18,18,臺中市,梧棲區,0,1,0,6,1,5,50,4,18,1,4,4,5,7,2,1,10,5,5,2,3,15,3,10,1,1,B03,7,5,1,8,2,8,,15,15,1,11,1,B03,120.530094,24.253785,2
2022,3,17,18,20,臺中市,中區,0,2,0,8,2,5,30,4,1,1,5,4,5,7,4,4,10,5,5,2,15,6,2,9,1,1,C03,7,9,1,10,2,13,,6,6,1,22,9,C03,120.680998,24.137987,2