年,月,日,時,分,縣市,區,死,受傷,2-30,天候,光線,道路類別,速限,道路型態,事故位置,路面鋪裝,路面狀態,路面缺陷,障礙物,視距,號誌種類,號誌動作,分向設施,快車道或一般車道間,快慢車道間,路面邊線,事故類型及型態,主要肇因,受傷程度,主要傷處,保護裝備,行動電話,當事者區分,車輛用途,當事者行動狀態,駕駛資格情形,駕駛執照種類,飲酒情形,車輛撞擊部位最初,車輛撞擊部位其他,肇事因素個別,肇事因素主要,肇事逃逸,職業,旅次目的,車種,GPS緯度,GPS經度,事故類別
2022,3,18,11,27,臺中市,南屯區,0,1,0,8,1,5,50,14,9,1,5,4,5,7,4,4,5,4,5,2,18,43,2,9,1,1,C03,7,9,1,10,2,14,,43,43,1,22,8,C03,120.646085,24.140436,2
2022,3,18,11,29,臺中市,南區,0,0,0,8,1,5,40,14,8,1,5,4,5,7,4,4,5,5,4,2,17,23,3,10,1,1,C03,7,8,1,10,11,11,,23,23,2,5,8,C03,120.667219,24.114117,3
2022,3,18,11,31,臺中市,南屯區,0,0,0,,,,50,,,,,,,,,,,,,,,23,,,,,B03,,,1,,2,,,23,23,1,22,,B03,120.636588,24.148838,3
2022,3,18,11,37,臺中市,南屯區,0,0,0,8,,,50,,,,,,,,,,,,,,,23,,,,,B03,,,1,,1,,,23,23,1,22,,B03,120.643755,24.140596,3
2022,3,18,11,39,臺中市,沙鹿區,0,1,0,8,1,5,50,3,1,1,5,4,5,7,1,1,10,5,5,2,16,6,3,10,1,1,A04,7,6,1,2,2,5,,6,6,1,10,4,A04,120.565335,24.232543,2
2022,3,18,11,44,臺中市,南屯區,0,0,0,8,1,5,50,14,9,1,5,4,5,7,4,4,1,4,5,2,12,7,3,10,1,1,B12,7,7,1,8,1,2,,7,7,1,22,8,B12,120.622643,24.150214,3
2022,3,18,11,55,臺中市,沙鹿區,0,1,0,8,1,5,50,4,2,1,5,4,5,7,1,1,10,5,5,2,16,6,2,9,1,1,C03,7,9,1,10,2,14,,44,6,1,22,9,C03,120.562456,24.233421,2
2022,3,18,11,59,臺中市,東區,0,1,0,8,1,5,50,4,1,1,5,4,5,7,4,4,1,5,5,2,18,14,2,9,1,1,C03,7,9,1,10,2,15,,14,14,1,22,8,C03,120.686083,24.129833,2
2022,3,18,12,0,臺中市,龍井區,0,2,0,8,1,5,30,4,1,1,5,4,5,7,4,4,10,5,5,2,15,6,2,9,1,1,B12,7,9,1,7,2,4,,6,6,1,21,1,B12,120.53,24.21,2
2022,3,18,12,0,臺中市,南屯區,0,0,0,8,,,50,,,,,,,,,,,,,,,16,,,,,C03,,,1,,2,,,16,16,1,22,,C03,120.610161,24.142991,3
2022,3,18,12,5,臺中市,西區,0,0,0,8,,,40,,,,,,,,,,,,,,,6,,,,,C03,,,1,,2,,,6,6,1,5,,C03,120.656817,24.154677,3
2022,3,18,12,9,臺中市,南屯區,0,0,0,8,,,50,,,,,,,,,,,,,,,17,,,,,B03,,,1,,2,,,17,17,1,22,,B03,120.65403,24.139886,3
2022,3,18,12,15,臺中市,大里區,0,0,0,8,,,30,,,,,,,,,,,,,,,17,,,,,A12,,,1,,2,,,17,17,1,10,,A12,120.664829,24.097892,3
2022,3,18,12,15,臺中市,神岡區,0,2,0,8,1,5,30,15,9,1,5,4,5,7,4,4,10,5,5,1,17,10,3,10,1,1,B03,7,11,1,10,2,3,,10,10,1,22,8,B03,120.703785,24.263752,2
2022,3,18,12,18,臺中市,清水區,0,1,0,8,1,5,30,14,9,1,5,4,5,7,4,4,5,5,5,1,16,6,3,10,1,1,C03,7,5,1,10,2,11,,6,6,1,5,1,C03,120.542034,24.262587,2
2022,3,18,12,23,臺中市,北區,0,0,0,8,,,50,,,,,,,,,,,,,,,16,,,,,B03,,,1,,1,,,16,16,1,22,,B03,120.669016,24.163023,3
2022,3,18,12,36,臺中市,大雅區,0,1,0,8,1,5,50,3,2,1,5,4,5,7,4,4,1,4,4,1,16,6,3,10,1,1,C03,7,6,1,10,2,13,,6,6,1,22,9,C03,120.637608,24.233677,2
2022,3,18,12,36,臺中市,大里區,0,1,0,8,1,5,50,14,9,1,5,4,5,7,3,1,3,5,5,1,13,16,2,8,3,4,C03,7,9,1,10,2,11,,16,16,1,22,9,C03,120.684295,24.097329,2
2022,3,18,12,36,臺中市,大甲區,0,0,0,8,,,70,,,,,,,,,,,,,,,17,,,,,B12,,,1,,1,,,17,17,1,4,,B12,120.651658,24.387603,3
2022,3,18,12,37,臺中市,清水區,0,0,0,8,,,50,,,,,,,,,,,,,,,6,,,,,B03,,,1,,2,,,6,6,1,21,,B03,120.539897,24.267901,3
2022,3,18,12,39,臺中市,南屯區,0,0,0,,,,50,,,,,,,,,,,,,,,7,,,,,A11,,,1,,2,,,7,7,1,10,,A11,120.609169,24.138538,3
2022,3,18,12,40,臺中市,北屯區,0,0,0,8,,,50,,,,,,,,,,,,,,,23,,,,,A41,,,1,,1,,,23,23,1,21,,A41,120.702436,24.186893,3
2022,3,18,12,42,臺中市,西屯區,0,0,0,8,,,30,,,,,,,,,,,,,,,12,,,,,B03,,,1,,1,,,12,12,1,22,,B03,120.638785,24.179765,3
2022,3,18,12,43,臺中市,沙鹿區,0,1,0,8,1,5,40,5,1,1,5,4,5,7,2,1,1,2,1,2,16,26,3,10,1,1,B03,7,8,1,8,2,2,,26,26,1,4,8,B03,120.569609,24.237335,2
2022,3,18,12,50,臺中市,北屯區,0,0,0,8,,,50,,,,,,,,,,,,,,,16,,,,,B03,,,1,,2,,,16,16,1,4,,B03,120.7057,24.1648,3
2022,3,18,12,50,臺中市,龍井區,0,1,0,8,1,5,30,14,9,1,5,4,5,7,4,4,10,5,5,1,3,23,3,10,1,1,B12,7,9,1,8,11,8,,23,23,2,6,4,B12,120.578268,24.181155,2
2022,3,18,12,51,臺中市,龍井區,0,0,0,8,,,60,,,,,,,,,,,,,,,16,,,,,B12,,,1,,11,,,16,16,1,22,,B12,120.576056,24.177431,3
2022,3,18,13,0,臺中市,南區,0,1,0,7,1,5,50,14,9,1,5,4,5,7,4,4,9,5,5,2,14,12,3,10,1,1,B03,7,2,1,8,2,3,,12,12,1,21,8,B03,120.680591,24.13143,2
2022,3,18,13,4,臺中市,西區,0,1,0,8,1,5,50,14,9,1,5,4,5,7,4,4,5,2,5,2,16,26,2,9,1,1,C03,7,10,1,10,2,11,,26,26,1,4,5,C03,120.657187,24.150857,2
2022,3,18,13,4,臺中市,北屯區,0,0,0,8,,,50,,,,,,,,,,,,,,,23,,,,,B02,,,1,,2,,,23,23,1,21,,B02,120.687863,24.1831,3
2022,3,18,13,8,臺中市,北屯區,0,0,0,8,,,50,,,,,,,,,,,,,,,6,,,,,B03,,,1,,1,,,6,6,1,21,,B03,120.68348,24.172158,3
2022,3,18,13,18,臺中市,霧峰區,0,2,0,8,1,5,40,14,9,1,5,4,5,7,4,4,9,5,5,1,17,19,2,9,3,4,C03,7,1,1,10,2,11,,19,19,1,21,5,C03,120.707301,24.074104,2
2022,3,18,13,19,臺中市,北屯區,0,2,0,8,1,5,50,4,1,1,5,4,5,7,1,1,10,5,5,2,13,16,2,9,1,1,C03,7,9,1,10,2,11,,16,16,1,21,8,C03,120.683401,24.172233,2
2022,3,18,13,22,臺中市,西區,0,1,0,8,1,5,50,4,2,1,5,4,5,7,1,1,5,5,5,2,13,23,3,10,1,1,B03,7,9,1,8,2,5,,23,23,1,21,8,B03,120.660176,24.150848,2
2022,3,18,13,25,臺中市,大里區,0,0,0,8,,,30,,,,,,,,,,,,,,,12,,,,,B03,,,1,,2,,,12,12,1,21,,B03,120.707386,24.105982,3
2022,3,18,13,45,臺中市,霧峰區,0,0,0,8,,,50,,,,,,,,,,,,,,,16,,,,,C03,,,1,,2,,,16,16,1,21,,C03,120.699762,24.074631,3
2022,3,18,13,54,臺中市,西區,0,1,0,8,1,5,50,4,1,1,5,4,5,7,1,1,10,5,5,2,13,23,3,10,1,1,B03,7,6,1,8,2,8,,23,23,1,22,9,B03,120.664164,24.140038,2
2022,3,18,14,3,臺中市,大雅區,0,0,0,8,,,50,,,,,,,,,,,,,,,23,,,,,C03,,,1,,2,,,23,23,1,22,,C03,120.655344,24.235859,3
2022,3,18,14,7,臺中市,龍井區,0,0,0,8,,,50,,,,,,,,,,,,,,,23,,,,,B03,,,1,,2,,,23,23,1,22,,B03,120.579433,24.182708,3
2022,3,18,14,10,臺中市,沙鹿區,0,1,0,8,1,5,50,3,1,1,5,4,5,7,4,4,10,5,5,2,16,8,3,10,1,1,B03,7,5,1,8,2,8,,8,8,1,18,5,B03,120.556819,24.232583,2
2022,3,18,14,13,臺中市,東區,0,0,0,,,,50,,,,,,,,,,,,,,,23,,,,,B03,,,1,,2,,,23,23,1,5,,B03,120.698367,24.125687,3
2022,3,18,14,21,臺中市,南屯區,0,2,0,8,1,5,50,4,1,1,5,4,5,7,2,1,10,5,5,2,16,6,2,9,3,4,C03,7,6,1,9,2,12,,6,6,1,22,8,C03,120.646536,24.134684,2
2022,3,18,14,24,臺中市,沙鹿區,0,1,0,8,1,5,50,4,1,1,5,4,5,7,1,1,10,5,5,2,12,8,3,10,1,1,C03,7,5,1,10,2,14,,8,8,1,4,8,C03,120.614839,24.241916,2
2022,3,18,14,25,臺中市,北區,0,0,0,8,,,30,,,,,,,,,,,,,,,6,,,,,B03,,,1,,2,,,6,6,1,5,,B03,120.666669,24.164479,3
2022,3,18,14,26,臺中市,西區,0,1,0,8,1,5,50,4,1,1,5,4,5,7,1,1,10,5,5,2,16,6,3,10,1,1,B03,7,6,1,8,2,2,,6,6,1,21,8,B03,120.672769,24.135858,2
2022,3,18,14,27,臺中市,南區,0,0,0,8,,,50,,,,,,,,,,,,,,,23,,,,,B12,,,1,,2,,,23,23,1,22,,B12,120.679446,24.120255,3
2022,3,18,14,29,臺中市,大里區,0,0,0,8,,,30,,,,,,,,,,,,,,,12,,,,,B03,,,1,,2,,,12,12,1,22,,B03,120.681337,24.103503,3
2022,3,18,14,29,臺中市,西屯區,0,0,0,8,,,30,,,,,,,,,,,,,,,6,,,,,B03,,,1,,2,,,6,6,1,22,,B03,120.646299,24.16006,3
2022,3,18,14,35,臺中市,西屯區,0,1,0,8,1,5,50,4,1,1,5,4,5,7,4,4,10,5,5,2,12,6,3,10,3,4,C03,7,5,1,10,1,14,,6,6,1,22,8,C03,120.659338,24.161551,2
2022,3,18,14,51,臺中市,北區,0,0,0,8,,,50,,,,,,,,,,,,,,,23,,,,,B03,,,1,,2,,,23,23,1,22,,B03,120.694407,24.154502,3
2022,3,18,14,54,臺中市,南屯區,0,0,0,8,1,5,50,3,2,1,5,4,5,7,2,1,1,4,5,2,13,23,3,10,1,1,B03,7,9,1,8,1,1,,23,23,1,22,8,B03,120.646623,24.144937,3
2022,3,18,15,2,臺中市,北區,0,1,0,8,1,5,30,4,1,1,5,4,5,7,4,4,10,5,5,2,15,6,2,9,1,1,C03,7,9,1,10,2,12,,6,6,1,22,8,C03,120.668156,24.163904,2
2022,3,18,15,5,臺中市,大肚區,0,2,0,8,1,5,50,4,1,1,5,4,5,7,4,4,10,5,5,2,15,6,2,9,1,1,C03,7,9,1,10,2,12,,6,6,1,19,9,C03,120.539561,24.158747,2
2022,3,18,15,16,臺中市,北屯區,0,0,0,8,,,40,,,,,,,,,,,,,,,23,,,,,B03,,,1,,2,,,23,23,1,22,,B03,120.667313,24.201162,3
2022,3,18,15,20,臺中市,潭子區,0,1,0,8,1,5,50,4,1,1,5,4,5,7,1,1,10,5,5,2,15,25,3,10,1,1,B03,7,9,1,8,2,8,,23,23,1,22,8,B03,120.716205,24.204375,2
2022,3,18,15,30,臺中市,西區,0,1,0,8,1,5,30,3,1,1,5,4,5,7,4,4,10,5,5,2,16,6,2,9,1,1,C03,7,9,1,10,2,11,,6,6,1,22,9,C03,120.656298,24.142333,2
2022,3,18,15,37,臺中市,南屯區,0,0,0,8,,,50,,,,,,,,,,,,,,,17,,,,,B03,,,1,,2,,,17,17,1,22,,B03,120.60804,24.151047,3
2022,3,18,15,40,臺中市,北區,0,1,0,8,1,5,50,14,7,1,5,4,5,7,4,4,1,4,5,2,17,19,3,10,1,1,B03,7,1,1,8,2,4,,19,19,1,22,8,B03,120.68483,24.15142,2
2022,3,18,15,45,臺中市,太平區,0,0,0,8,,,50,,,,,,,,,,,,,,,19,,,,,B03,,,1,,9,,,23,19,1,20,,B03,120.736119,24.133188,3
2022,3,18,15,46,臺中市,西區,0,1,0,8,1,5,40,4,1,1,5,4,5,7,1,1,10,5,5,2,13,16,2,9,3,4,C03,7,9,1,10,2,11,,16,16,1,22,5,C03,120.657267,24.149861,2
2022,3,18,15,55,臺中市,大里區,0,1,0,8,1,5,50,4,1,1,5,4,5,7,1,1,1,4,4,1,15,19,2,9,1,1,C03,7,1,1,10,2,14,,19,19,1,21,1,C03,120.687764,24.09446,2
2022,3,18,15,55,臺中市,西屯區,0,0,0,8,,,50,,,,,,,,,,,,,,,23,,,,,B03,,,1,,2,,,23,23,1,22,,B03,120.642013,24.177935,3
2022,3,18,15,56,臺中市,大里區,0,0,0,8,,,50,,,,,,,,,,,,,,,16,,,,,B03,,,1,,2,,,16,16,1,22,,B03,120.687946,24.09446,3
2022,3,18,15,56,臺中市,南區,0,1,0,8,1,5,50,4,2,1,5,4,5,7,1,1,10,5,5,2,16,25,2,7,1,1,C04,7,6,1,10,2,14,,25,25,1,5,8,C04,120.667552,24.128008,2
2022,3,18,15,57,臺中市,西屯區,0,2,0,8,1,5,30,3,1,1,5,4,5,7,4,4,9,4,5,2,16,6,2,9,1,1,C03,7,5,1,10,2,11,,6,6,1,12,8,C03,120.644716,24.166926,2
2022,3,18,15,57,臺中市,西區,0,1,0,8,1,5,50,14,9,1,5,4,5,7,4,4,5,5,5,2,16,7,3,10,1,1,B02,7,8,1,8,2,2,,7,7,1,4,5,B02,120.66817,24.136861,2
2022,3,18,15,57,臺中市,西區,0,1,0,8,1,5,50,4,1,1,5,4,5,7,1,1,10,5,5,2,17,42,3,10,3,4,B12,7,11,1,8,2,8,,42,42,1,21,8,B12,120.66154,24.157435,2
2022,3,18,16,9,臺中市,大里區,0,1,0,8,1,5,50,4,1,1,5,4,5,7,4,4,10,5,5,1,16,19,3,10,1,1,B03,7,1,1,8,2,8,,19,19,1,5,8,B03,120.688745,24.103398,2
2022,3,18,16,14,臺中市,西區,0,1,0,8,1,5,50,5,1,1,5,3,5,7,1,1,10,5,5,2,18,44,2,9,1,1,C03,7,6,1,10,2,15,,44,44,1,22,9,C03,120.668676,24.132146,2
2022,3,18,16,24,臺中市,豐原區,0,1,0,8,1,5,50,5,9,1,5,4,5,7,1,1,3,5,5,2,16,25,3,10,3,4,B03,7,5,1,8,2,1,,25,25,1,22,8,B03,120.722282,24.277875,2
2022,3,18,16,26,臺中市,大肚區,0,1,0,8,1,5,50,5,2,1,5,4,5,7,2,1,10,5,5,2,16,8,3,10,1,1,B03,7,5,1,8,2,8,,8,8,1,19,8,B03,120.563037,24.124366,2
2022,3,18,16,30,臺中市,東區,0,0,0,8,,,30,,,,,,,,,,,,,,,43,,,,,,,,,,,,,43,43,1,,,,120.686266,24.138108,3
2022,3,18,16,30,臺中市,龍井區,0,2,0,8,1,5,30,4,1,1,5,4,5,7,4,4,10,5,5,2,15,6,2,9,3,4,C03,7,9,1,10,2,11,,6,6,1,4,1,C03,120.52952,24.205636,2
2022,3,18,16,31,臺中市,大雅區,0,1,0,8,1,5,50,3,1,1,5,4,5,7,3,1,1,4,4,1,17,9,3,10,1,1,B03,7,6,1,8,2,5,,9,9,1,19,8,B03,120.663921,24.218694,2
2022,3,18,16,34,臺中市,西屯區,0,0,0,8,,,50,,,,,,,,,,,,,,,23,,,,,B12,,,1,,2,,,23,23,2,21,,B12,120.658863,24.163603,3
2022,3,18,16,38,臺中市,西屯區,0,2,0,8,1,5,50,14,8,1,5,4,5,7,4,4,1,4,4,1,16,18,3,10,1,4,B03,7,3,1,8,2,2,,18,18,1,4,8,B03,120.622814,24.182976,2
2022,3,18,16,40,臺中市,神岡區,0,1,0,8,1,5,50,4,1,1,5,4,5,7,3,1,5,5,4,1,16,44,3,10,1,1,B03,7,5,3,18,2,4,,44,44,1,21,8,B03,120.707461,24.260383,2
2022,3,18,16,42,臺中市,東區,0,1,0,8,1,5,50,4,2,1,5,4,5,7,2,1,5,4,5,2,13,16,3,10,3,4,B02,7,6,1,8,2,1,,16,16,1,21,8,B02,120.696641,24.138885,2
2022,3,18,16,49,臺中市,大里區,0,1,0,8,1,5,50,5,1,1,5,4,5,7,1,1,5,4,4,2,17,9,3,10,1,1,B12,7,6,1,8,2,2,,9,9,1,21,3,B12,120.68647,24.095459,2
2022,3,18,16,50,臺中市,西屯區,0,1,0,8,1,5,70,3,1,1,5,4,5,7,4,4,9,4,3,2,12,6,3,10,1,1,B01,7,6,1,8,2,2,,6,6,1,12,8,B01,120.627249,24.177381,2
2022,3,18,16,51,臺中市,東勢區,0,1,0,8,1,5,50,14,9,1,5,4,5,7,4,4,5,5,5,1,13,23,2,9,1,1,C03,7,9,2,18,2,11,,23,23,1,16,8,C03,120.838136,24.244813,2
2022,3,18,16,53,臺中市,大里區,0,0,0,8,1,5,30,14,13,1,5,4,5,7,4,4,5,5,4,1,12,19,,,,,B03,,,1,,2,,,19,19,1,5,,B03,120.686343,24.110238,3
2022,3,18,17,3,臺中市,大里區,0,1,0,8,1,5,50,4,2,1,5,4,5,7,1,1,1,4,5,1,17,23,3,10,1,1,B03,7,9,1,8,2,5,,23,23,1,22,8,B03,120.679065,24.114383,2
2022,3,18,17,5,臺中市,東區,0,0,0,8,,,40,,,,,,,,,,,,,,,43,3,10,3,4,B02,7,6,1,8,1,8,,43,43,1,21,8,B02,120.694306,24.14763,3
2022,3,18,17,19,臺中市,南區,0,2,0,8,1,5,50,14,7,1,5,4,5,7,4,4,5,5,4,2,16,19,2,8,1,1,C03,7,1,1,10,2,14,,19,19,1,21,8,C03,120.683811,24.126343,2
2022,3,18,17,20,臺中市,潭子區,0,0,0,8,1,4,50,14,7,1,5,4,5,7,4,4,1,3,4,1,17,23,3,10,1,1,B03,7,9,1,8,2,1,,23,23,1,22,8,B03,120.686739,24.211702,3
2022,3,18,17,21,臺中市,北屯區,0,0,0,8,,,80,,,,,,,,,,,,,,,23,,,,,B03,,,1,8,2,,,23,23,1,21,,B03,120.693247,24.201143,3
2022,3,18,17,26,臺中市,北區,0,0,0,8,,,50,,,,,,,,,,,,,,,23,,,,,B03,,,1,,1,,,23,23,1,22,,B03,120.691575,24.156954,3
2022,3,18,17,28,臺中市,北屯區,0,1,0,8,3,5,50,4,1,1,5,4,5,7,1,1,5,4,5,2,12,8,2,9,1,1,C04,7,5,1,10,2,14,,8,8,1,22,8,C04,120.702133,24.169885,2
2022,3,18,17,29,臺中市,烏日區,0,1,0,8,1,5,40,3,1,1,5,4,5,7,4,4,10,5,5,2,16,10,3,10,1,1,B01,7,11,1,4,2,1,,10,10,1,10,8,B01,120.608743,24.116086,2
2022,3,18,17,31,臺中市,霧峰區,0,0,0,8,,,50,,,,,,,,,,,,,,,23,,,,,B03,,,7,,11,,,23,23,1,3,,B03,120.695953,24.065768,3
2022,3,18,17,33,臺中市,北屯區,0,0,0,8,,,80,,,,,,,,,,,,,,,16,,,,,B03,,,1,,1,,,16,16,1,22,,B03,120.72241,24.188424,3
2022,3,18,17,39,臺中市,北屯區,0,1,0,8,1,5,50,4,2,1,5,4,5,7,2,1,1,2,4,2,17,13,2,8,3,4,C03,7,9,1,10,2,12,14,13,13,1,21,8,C03,120.685982,24.180248,2
2022,3,18,17,39,臺中市,大雅區,0,1,0,8,1,5,50,5,1,1,5,4,5,7,1,1,5,4,4,1,16,25,2,7,1,1,C04,7,9,1,11,2,14,,25,25,1,22,9,C04,120.650559,24.227374,2
2022,3,18,17,40,臺中市,神岡區,0,1,0,8,1,5,50,14,9,1,5,4,5,7,4,4,5,5,5,1,13,23,3,10,1,1,B03,7,9,1,8,2,1,,23,23,1,21,8,B03,120.705858,24.261141,2
2022,3,18,17,42,臺中市,西屯區,0,1,0,8,2,5,30,3,9,1,5,4,5,7,4,4,5,5,5,2,16,26,2,7,3,4,C03,7,5,1,10,2,14,,26,26,1,22,8,C03,120.650133,24.182965,2
2022,3,18,17,45,臺中市,西屯區,0,1,0,8,1,5,40,14,8,1,5,4,5,7,4,4,9,5,3,2,16,19,3,10,1,1,C03,7,1,1,10,2,13,,19,19,1,12,8,C03,120.608494,24.183943,2
2022,3,18,17,48,臺中市,西屯區,0,1,0,8,3,5,50,14,9,1,5,4,5,7,4,4,9,4,5,2,12,7,3,10,1,1,C03,7,7,1,10,2,13,,7,7,1,12,8,C03,120.631988,24.170308,2
2022,3,18,17,48,臺中市,西屯區,0,0,0,8,,,40,,,,,,,,,,,,,,,23,,,,,B03,,,1,,1,,,23,23,1,5,,B03,120.649533,24.164438,3
2022,3,18,17,49,臺中市,北區,0,0,0,8,,,50,,,,,,,,,,,,,,,23,,,,,B03,,,1,,2,,,23,23,1,21,,B03,120.685261,24.162512,3
2022,3,18,17,50,臺中市,南屯區,0,1,0,8,1,5,50,14,7,1,5,4,5,7,4,4,5,4,4,2,17,44,3,10,1,1,B03,7,7,1,8,2,3,,44,44,1,22,8,B03,120.640349,24.147931,2
2022,3,18,17,50,臺中市,梧棲區,0,0,0,8,,,50,,,,,,,,,,,,,,,26,,,,,B03,,,1,,2,,,26,26,1,2,,B03,120.529606,24.25385,3
2022,3,18,17,56,臺中市,西區,0,2,0,8,1,5,40,3,1,1,5,4,5,7,4,4,10,5,5,2,16,6,3,10,1,1,B03,7,6,3,18,2,2,,6,6,1,22,8,B03,120.660415,24.156493,2
2022,3,18,18,0,臺中市,烏日區,0,1,0,7,3,5,40,3,1,1,5,4,5,7,4,4,5,5,4,1,16,10,3,10,1,1,B03,7,11,1,8,2,4,,10,10,1,22,8,B03,120.651182,24.093875,2
2022,3,18,18,0,臺中市,太平區,0,1,0,8,2,5,50,4,1,1,5,4,5,7,4,4,10,5,5,2,12,26,3,10,1,1,C03,7,4,1,10,2,12,,26,26,1,6,4,C03,120.721993,24.134798,2
2022,3,18,18,3,臺中市,西區,0,0,0,8,,,30,,,,,,,,,,,,,,,23,,,,,C03,,,1,,1,,,23,23,1,18,,C03,120.663748,24.156386,3
2022,3,18,18,15,臺中市,西屯區,0,2,0,8,3,5,50,3,1,1,5,4,5,7,4,4,10,5,5,2,16,6,2,8,3,4,C03,7,5,1,10,2,11,,6,6,1,22,8,C03,120.640246,24.176486,2
2022,3,18,18,15,臺中市,大里區,0,0,0,8,,,50,,,,,,,,,,,,,,,23,,,,,B03,,,1,,11,,,23,23,1,3,,B03,120.690064,24.092694,3
2022,3,18,18,18,臺中市,清水區,0,1,0,8,3,5,50,4,1,1,5,4,5,7,4,4,10,5,5,2,15,6,2,9,3,4,C03,7,9,1,10,2,11,,14,6,1,22,8,C03,120.560276,24.258387,2
2022,3,18,18,25,臺中市,梧棲區,0,0,0,8,,,40,,,,,,,,,,,,,,,23,,,,,C03,,,1,,2,,,23,23,1,21,,C03,120.532672,24.251437,3
2022,3,18,18,28,臺中市,梧棲區,0,1,0,8,3,5,40,3,2,1,5,4,5,7,4,4,1,4,3,1,17,9,3,10,1,1,B03,7,6,1,8,9,15,,9,9,1,9,1,B03,120.524639,24.253336,2
2022,3,18,18,30,臺中市,大里區,0,0,0,8,,,50,,,,,,,,,,,,,,,23,,,,,B12,,,1,,2,,,23,23,1,9,,B12,120.671685,24.097093,3
2022,3,18,18,32,臺中市,西區,0,1,0,8,3,5,50,4,1,1,5,4,5,7,1,1,10,5,5,2,17,6,3,10,3,4,B03,7,6,1,8,2,5,,6,6,1,21,8,B03,120.661713,24.146725,2
2022,3,18,18,33,臺中市,南屯區,0,2,0,8,3,5,50,4,1,1,5,4,5,7,1,1,10,5,5,2,16,7,2,9,1,1,C03,7,8,1,10,2,12,,7,7,1,22,8,C03,120.653151,24.135606,2
2022,3,18,18,38,臺中市,北屯區,0,1,0,8,3,5,50,14,9,1,5,4,5,7,4,4,4,4,5,2,12,1,3,10,1,1,B03,7,4,6,18,2,6,,1,1,1,22,8,B03,120.746423,24.191065,2
2022,3,18,18,40,臺中市,南區,0,1,0,8,3,5,50,14,9,1,5,4,5,7,4,4,5,4,5,2,12,43,2,9,1,4,C04,7,9,1,11,2,14,,43,43,1,21,8,C04,120.666812,24.119716,2
2022,3,18,18,42,臺中市,后里區,0,0,0,8,,,40,,,,,,,,,,,,,,,12,,,,,B03,,,1,,2,,,12,12,1,22,,B03,120.713981,24.303389,3
2022,3,18,18,44,臺中市,梧棲區,0,1,0,8,3,5,70,4,18,1,5,4,5,7,1,1,10,5,5,2,3,15,3,10,1,1,B03,7,5,1,8,2,1,,15,15,1,19,8,B03,120.528349,24.253024,2
2022,3,18,18,50,臺中市,北屯區,0,1,0,8,3,5,50,4,1,1,5,4,3,7,2,1,10,5,5,2,3,51,2,7,4,5,H01,8,16,8,20,10,16,,51,51,1,21,8,H01,120.707532,24.186514,2
2022,3,18,18,54,臺中市,南屯區,0,0,0,8,,,50,,,,,,,,,,,,,,,42,,,,,B03,,,1,,1,,,42,42,1,3,,B03,120.623041,24.148336,3
2022,3,18,18,56,臺中市,西區,0,1,0,8,3,5,50,14,8,1,5,4,5,7,4,4,3,4,5,2,13,23,2,9,1,1,C03,7,9,1,10,2,11,,23,23,1,22,9,C03,120.667878,24.152126,2
2022,3,18,18,56,臺中市,北屯區,0,1,0,8,3,5,30,14,9,1,5,4,5,7,4,4,10,5,5,2,11,5,3,10,1,1,B03,7,9,1,8,11,4,,5,5,1,22,8,B03,120.696017,24.184899,2
2022,3,18,18,57,臺中市,沙鹿區,0,1,0,8,3,5,50,3,1,1,5,4,5,7,4,4,1,4,5,2,13,23,2,9,1,1,C03,7,9,1,10,2,11,,23,23,1,22,9,C03,120.560078,24.238064,2
2022,3,18,18,57,臺中市,大肚區,0,0,0,8,,,30,,,,,,,,,,,,,,,17,,,,,C03,,,1,,2,,,17,17,1,22,,C03,120.573876,24.17304,3
2022,3,18,18,59,臺中市,后里區,0,1,0,8,3,5,50,14,7,1,5,4,3,5,4,4,1,4,5,1,12,19,3,10,1,1,B03,7,1,1,8,2,4,,19,19,1,22,8,B03,120.709826,24.30732,2
2022,3,18,19,0,臺中市,西區,0,1,0,8,3,5,40,15,8,1,5,4,5,7,4,4,7,4,3,2,16,6,3,10,1,1,B03,7,6,1,8,2,2,,6,6,1,22,8,B03,120.666771,24.153316,2
2022,3,18,19,3,臺中市,北區,0,1,0,8,3,5,30,3,1,1,5,2,5,7,4,4,10,5,5,2,29,43,2,9,1,1,C03,7,9,1,10,2,14,,43,43,1,22,8,C03,120.669271,24.167408,2
2022,3,18,19,5,臺中市,西屯區,0,1,0,8,3,5,40,4,1,1,5,4,5,7,1,1,10,5,5,2,17,42,2,7,3,4,C03,7,8,1,10,2,14,,42,42,1,22,8,C03,120.641218,24.167506,2
2022,3,18,19,9,臺中市,南屯區,0,1,0,8,3,5,50,14,9,1,5,4,5,7,4,4,1,4,5,2,16,25,2,9,1,4,C02,7,9,4,10,2,13,,25,25,1,22,8,C02,120.644532,24.124975,2