年,月,日,時,分,縣市,區,死,受傷,2-30,天候,光線,道路類別,速限,道路型態,事故位置,路面鋪裝,路面狀態,路面缺陷,障礙物,視距,號誌種類,號誌動作,分向設施,快車道或一般車道間,快慢車道間,路面邊線,事故類型及型態,主要肇因,受傷程度,主要傷處,保護裝備,行動電話,當事者區分,車輛用途,當事者行動狀態,駕駛資格情形,駕駛執照種類,飲酒情形,車輛撞擊部位最初,車輛撞擊部位其他,肇事因素個別,肇事因素主要,肇事逃逸,職業,旅次目的,車種,GPS緯度,GPS經度,事故類別
2022,3,18,19,17,臺中市,北區,0,0,0,8,,,50,,,,,,,,,,,,,,,23,,,,,B03,,,1,,1,,,23,23,1,22,,B03,120.675193,24.149327,3
2022,3,18,19,21,臺中市,西屯區,0,0,0,8,,,50,,,,,,,,,,,,,,,6,,,,,B03,,,1,,1,,,6,6,1,12,,B03,120.650215,24.19464,3
2022,3,18,19,33,臺中市,西區,0,0,0,8,3,5,50,14,8,1,5,4,5,7,4,4,5,4,4,2,12,42,,,,,B12,,,1,,1,,,42,42,1,22,,B12,120.66331,24.156916,3
2022,3,18,19,57,臺中市,北區,0,0,0,8,,,50,,,,,,,,,,,,,,,15,,,,,B03,,,1,,11,,,15,15,2,22,,B03,120.691825,24.160146,3
2022,3,18,20,0,臺中市,神岡區,0,2,0,8,3,5,60,14,9,1,5,4,5,7,1,1,1,4,5,2,17,10,2,9,1,1,C03,7,11,1,10,2,12,,10,10,1,21,8,C03,120.689208,24.247621,2
2022,3,18,20,8,臺中市,北屯區,0,0,0,8,,,50,,,,,,,,,,,,,,,23,,,,,B03,,,1,,1,,,23,23,1,22,,B03,120.711843,24.181835,3
2022,3,18,20,17,臺中市,大里區,0,1,0,8,3,5,40,4,2,1,5,4,5,7,2,1,1,4,5,1,12,23,3,10,1,1,C03,7,9,1,10,9,14,,23,23,1,21,3,C03,120.687985,24.094714,2
2022,3,18,20,20,臺中市,大里區,0,0,0,8,3,5,50,14,9,1,5,4,5,7,4,4,5,5,5,1,12,42,,,,,B03,,,1,,2,,,42,42,1,5,,B03,120.700465,24.10235,3
2022,3,18,20,20,臺中市,北區,0,0,0,8,,,50,,,,,,,,,,,,,,,19,,,,,B03,,,1,,2,,,19,19,1,22,,B03,120.680967,24.160363,3
2022,3,18,20,22,臺中市,西區,0,2,0,8,3,5,50,4,1,1,5,4,5,7,1,1,10,5,5,2,16,9,3,10,1,1,B03,7,6,1,8,2,2,,9,9,1,22,8,B03,120.673517,24.147762,2
2022,3,18,20,36,臺中市,南區,0,0,0,8,,,50,,,,,,,,,,,,,,,10,,,,,B03,,,1,,2,,,10,10,1,5,,B03,120.664116,24.113631,3
2022,3,18,20,46,臺中市,南屯區,0,0,0,8,,,50,,,,,,,,,,,,,,,23,,,,,B03,,,1,,2,,,23,23,1,5,,B03,120.61148,24.13837,3
2022,3,18,21,9,臺中市,西區,0,1,0,8,3,5,50,4,1,1,5,4,5,7,4,4,10,5,5,2,13,23,2,9,1,1,C03,7,9,1,10,2,11,,23,23,1,22,9,C03,120.671227,24.146894,2
2022,3,18,21,14,臺中市,西區,0,1,0,8,3,5,40,14,8,1,5,4,5,7,4,4,9,5,4,2,13,23,2,9,1,1,C03,7,9,1,10,2,11,,23,23,1,22,8,C03,120.661686,24.137048,2
2022,3,18,21,15,臺中市,后里區,0,1,0,8,3,5,50,14,7,1,5,4,5,7,1,1,9,4,4,2,13,16,3,10,1,1,B12,7,9,1,8,2,1,,16,16,1,22,8,B12,120.718444,24.311458,2
2022,3,18,21,16,臺中市,龍井區,0,1,0,8,3,5,40,14,8,1,5,4,5,7,4,4,1,4,1,2,18,42,2,9,1,4,C03,7,9,1,10,2,15,,42,42,1,22,8,C03,120.582286,24.175335,2
2022,3,18,21,22,臺中市,大甲區,0,0,0,8,,,50,,,,,,,,,,,,,,,12,,,,,B03,,,1,,9,,,12,12,1,22,,B03,120.623837,24.346075,3
2022,3,18,21,23,臺中市,神岡區,0,0,0,8,3,5,50,4,1,1,5,4,5,7,1,1,4,5,5,1,16,25,,,,,,,9,,,,,,25,25,1,,,,120.656609,24.278907,3
2022,3,18,21,36,臺中市,西區,0,0,0,8,,,50,,,,,,,,,,,,,,,23,,,,,B03,,,1,,2,,,23,23,1,21,,B03,120.671748,24.149124,3
2022,3,18,21,42,臺中市,北區,0,1,0,8,3,5,50,3,1,1,5,4,5,7,4,4,5,5,5,2,27,23,2,9,1,1,C03,7,9,1,10,2,11,,23,23,1,22,8,C03,120.682527,24.166361,2
2022,3,18,21,47,臺中市,外埔區,0,3,0,8,3,5,50,5,1,1,5,4,5,1,3,1,10,5,5,1,16,6,2,9,1,1,B03,7,9,1,8,2,1,,6,6,1,22,8,B03,120.655809,24.332343,2
2022,3,18,21,58,臺中市,東區,0,2,0,8,3,5,50,4,1,1,5,4,5,7,1,1,10,5,5,2,16,6,3,10,1,1,B03,7,5,1,8,2,1,,6,6,1,22,8,B03,120.691294,24.133495,2
2022,3,18,22,8,臺中市,大里區,0,0,0,8,,,30,,,,,,,,,,,,,,,23,,,,,B03,,,1,,2,,,23,23,1,22,,B03,120.694008,24.108801,3
2022,3,18,22,25,臺中市,大里區,0,1,0,8,3,5,25,14,9,1,5,4,5,7,1,1,1,4,4,1,13,23,3,10,1,1,B03,7,9,1,8,2,1,,23,23,1,5,8,B03,120.697605,24.111211,2
2022,3,18,22,28,臺中市,南屯區,0,1,0,8,3,5,50,4,9,1,5,4,5,7,1,1,5,4,5,2,18,13,2,9,1,1,C03,7,4,1,10,2,15,,13,13,1,22,9,C03,120.649833,24.14823,2
2022,3,18,22,30,臺中市,北區,0,2,0,8,3,5,50,3,1,1,5,4,5,7,1,1,10,5,5,2,12,6,2,9,1,1,C03,7,5,1,10,2,12,,6,6,1,20,8,C03,120.674824,24.158137,2
2022,3,18,22,32,臺中市,北屯區,0,0,0,8,,,40,,,,,,,,,,,,,,,16,,,,,C03,,,1,,1,,,16,16,1,22,,C03,120.690208,24.164875,3
2022,3,18,23,10,臺中市,北區,0,1,0,8,3,5,30,14,9,1,5,4,5,7,4,4,10,5,5,2,17,23,2,9,1,1,C03,7,9,1,10,2,12,,23,23,1,22,8,C03,120.674926,24.164048,2
2022,3,18,23,40,臺中市,南屯區,0,0,0,8,,,50,,,,,,,,,,,,,,,10,,,,,B02,,,1,,2,,,10,10,1,22,,B02,120.63702,24.147478,3
2022,3,19,1,44,臺中市,北區,0,1,0,8,3,5,50,4,2,1,5,4,5,7,4,4,10,5,5,2,12,6,3,10,1,1,B03,7,6,1,8,2,8,,6,6,1,21,8,B03,120.674121,24.147163,2
2022,3,19,1,47,臺中市,北區,0,2,0,8,3,5,50,4,1,1,5,4,5,7,3,1,10,5,5,2,15,6,2,9,1,1,C03,7,9,1,10,2,11,,6,6,1,22,8,C03,120.682089,24.154584,2
2022,3,19,2,36,臺中市,北區,0,0,0,8,3,5,50,3,22,2,5,4,5,7,2,1,10,5,5,2,21,23,,,,,B03,,,1,,2,,,23,23,1,22,,B03,120.686361,24.147252,3
2022,3,19,2,58,臺中市,北區,0,0,0,8,,,50,,,,,,,,,,,,,,,6,,,,,C03,,,1,,2,,,6,6,1,22,,C03,120.695231,24.158398,3
2022,3,19,6,58,臺中市,西區,0,1,0,8,2,5,50,4,1,1,5,4,5,7,2,1,10,5,5,2,18,42,2,9,1,1,C03,7,9,1,10,2,14,,42,42,1,9,9,C03,120.671236,24.145493,2
2022,3,19,6,58,臺中市,太平區,0,1,0,8,1,5,50,14,9,1,5,4,5,7,4,4,5,5,5,1,18,23,2,9,1,1,C03,7,9,1,10,2,12,,23,23,1,21,8,C03,120.72176,24.119697,2
2022,3,19,7,20,臺中市,沙鹿區,0,2,0,8,1,5,40,14,8,1,5,4,5,7,2,1,1,4,5,1,12,42,2,9,1,1,C03,7,15,4,7,2,14,,42,42,1,4,9,C03,120.579231,24.221612,2
2022,3,19,7,23,臺中市,大甲區,0,2,0,8,1,5,40,14,8,1,5,4,5,7,4,4,1,4,4,1,13,23,2,9,1,1,C03,7,9,3,18,2,11,,23,23,1,9,8,C03,120.61015,24.329382,2
2022,3,19,7,27,臺中市,北區,0,3,0,8,1,5,50,4,1,1,5,4,5,7,3,1,10,5,5,2,15,6,2,9,1,1,C03,7,9,1,10,2,14,,6,6,1,22,9,C03,120.679955,24.158179,2
2022,3,19,7,36,臺中市,潭子區,0,1,0,8,1,5,50,4,1,1,5,4,5,7,1,1,1,4,4,1,16,25,3,10,1,1,B12,7,5,1,7,2,6,,25,25,1,22,8,B12,120.688133,24.216082,2
2022,3,19,7,40,臺中市,大甲區,0,1,0,8,1,5,50,3,1,1,5,4,5,7,1,1,10,5,5,2,16,6,3,10,1,1,C03,7,5,3,18,2,11,,6,6,1,19,8,C03,120.626992,24.351521,2
2022,3,19,8,0,臺中市,清水區,0,1,0,8,1,5,50,14,9,1,5,4,5,7,1,1,5,4,5,1,12,7,2,8,1,1,C03,7,7,1,10,2,14,,7,7,1,5,5,C03,120.566437,24.268427,2
2022,3,19,8,12,臺中市,大里區,0,1,0,8,1,5,80,10,7,1,5,4,5,7,4,4,2,4,5,1,13,16,2,8,1,1,B03,7,9,1,8,2,1,,16,16,1,22,8,B03,120.695778,24.052665,2
2022,3,19,8,15,臺中市,神岡區,0,1,0,8,1,5,50,4,1,1,5,4,5,7,1,1,1,4,5,1,17,25,3,10,1,1,B03,7,9,1,8,2,2,,25,25,1,21,8,B03,120.662556,24.271895,2
2022,3,19,8,16,臺中市,北屯區,0,0,0,8,,,30,,,,,,,,,,,,,,,67,,,,,,,,,,,,,67,67,1,,,,120.682938,24.195281,3
2022,3,19,8,16,臺中市,神岡區,0,1,0,8,1,5,50,14,13,1,5,4,5,7,4,4,5,5,5,1,17,42,2,9,3,4,C03,7,21,1,10,2,11,,42,42,1,22,9,C03,120.65922,24.26004,2
2022,3,19,8,26,臺中市,中區,0,1,0,8,1,5,50,4,1,1,5,4,5,7,1,1,10,5,5,2,16,10,3,10,1,1,B01,7,11,1,1,2,8,,10,10,1,10,8,B01,120.683678,24.141513,2
2022,3,19,8,30,臺中市,烏日區,0,2,0,8,1,5,30,14,9,1,5,4,5,5,4,4,10,5,5,2,17,19,3,10,1,1,B03,7,1,1,8,2,1,,19,19,1,21,8,B03,120.638203,24.111265,2
2022,3,19,8,37,臺中市,太平區,0,1,0,8,1,5,50,3,7,1,5,4,5,7,4,4,5,4,4,1,16,19,2,7,1,1,C03,7,1,3,18,2,13,,19,19,1,22,8,C03,120.730461,24.111125,2
2022,3,19,8,43,臺中市,烏日區,0,0,0,8,,,50,,,,,,,,,,,,,,,23,,,,,B12,,,1,,2,,,23,23,1,22,,B12,120.644128,24.093364,3
2022,3,19,8,46,臺中市,南屯區,0,1,0,8,1,5,50,11,9,1,5,4,5,7,4,4,4,4,5,2,12,23,2,1,1,1,B03,7,9,1,8,2,6,5,23,23,1,22,8,B03,120.636121,24.141401,2
2022,3,19,8,52,臺中市,西屯區,0,0,0,8,,,50,,,,,,,,,,,,,,,43,,,,,B03,,,1,,2,,,43,43,1,22,,B03,120.63054,24.180295,3
2022,3,19,8,55,臺中市,南屯區,0,0,0,8,,,50,,,,,,,,,,,,,,,7,,,,,B03,,,1,,1,,,7,7,1,22,,B03,120.636932,24.135404,3
2022,3,19,8,58,臺中市,豐原區,0,1,0,8,1,5,50,14,9,1,5,4,5,7,4,4,5,5,5,2,13,23,2,9,3,4,C03,7,9,1,10,2,11,,23,23,1,22,8,C03,120.721486,24.259648,2
2022,3,19,9,2,臺中市,豐原區,0,0,0,8,,,50,,,,,,,,,,,,,,,17,,,,,B12,,,1,,2,,,17,17,1,22,,B12,120.742263,24.263754,3
2022,3,19,9,19,臺中市,北屯區,0,1,0,8,1,5,50,14,9,1,5,4,5,7,4,4,1,4,5,2,13,16,2,9,1,1,C03,7,9,1,10,2,11,,16,16,1,4,8,C03,120.6793,24.173,2
2022,3,19,9,23,臺中市,東勢區,0,2,0,8,1,5,60,14,8,1,5,4,5,7,4,4,4,3,4,1,16,23,2,9,1,1,C03,7,5,1,10,2,14,,23,23,1,22,9,C03,120.826485,24.263195,2
2022,3,19,9,27,臺中市,大雅區,0,1,0,8,1,5,30,4,1,1,5,4,5,7,4,4,10,5,5,2,17,6,3,10,1,1,B12,7,1,1,8,2,4,,6,6,1,22,9,B12,120.635593,24.208856,2
2022,3,19,9,35,臺中市,沙鹿區,0,0,0,8,,,50,,,,,,,,,,,,,,,6,,,,,B03,,,1,,2,,,6,6,1,19,,B03,120.558825,24.234814,3
2022,3,19,9,41,臺中市,大里區,0,3,0,8,1,5,50,14,8,1,5,4,5,7,4,4,5,5,4,1,17,19,2,9,1,1,C03,7,1,1,10,2,11,,19,19,1,22,8,C03,120.694808,24.110531,2
2022,3,19,9,45,臺中市,西屯區,0,1,0,8,1,5,30,4,1,1,5,4,5,7,4,4,10,5,5,2,15,6,2,9,1,1,C03,7,9,1,10,2,11,,6,6,1,19,8,C03,120.617433,24.189524,2
2022,3,19,9,59,臺中市,西屯區,0,0,0,8,,,50,,,,,,,,,,,,,,,16,,,,,B03,,,1,,1,,,16,16,1,22,,B03,120.65918,24.201347,3
2022,3,19,10,0,臺中市,大肚區,0,1,0,8,1,5,50,4,1,1,5,4,5,7,1,1,10,5,5,2,16,25,3,10,1,1,B03,7,5,1,8,2,2,,25,25,1,19,8,B03,120.561256,24.125214,2
2022,3,19,10,14,臺中市,西屯區,0,1,0,8,1,5,50,14,9,1,5,4,5,7,4,4,4,5,5,2,16,26,3,10,1,1,B03,7,11,1,8,2,2,,26,26,1,22,8,B03,120.6305,24.180551,2
2022,3,19,10,15,臺中市,西區,0,1,0,8,1,5,50,4,1,1,5,4,5,7,1,1,10,5,5,2,16,6,3,10,1,1,B03,7,6,1,8,2,5,,6,6,1,4,5,B03,120.666834,24.141026,2
2022,3,19,10,20,臺中市,烏日區,0,0,0,8,,,70,,,,,,,,,,,,,,,23,,,,,B03,,,1,,2,,,23,23,1,21,,B03,120.599642,24.110249,3
2022,3,19,10,27,臺中市,大里區,0,1,0,8,1,5,30,3,1,1,5,4,5,7,4,4,10,5,5,2,17,6,3,10,3,4,B03,7,9,1,8,2,8,,6,6,1,21,5,B03,120.730565,24.089364,2
2022,3,19,10,28,臺中市,南區,0,0,0,8,,,40,,,,,,,,,,,,,,,19,,,,,B03,,,1,,2,,,19,19,1,22,,B03,120.664536,24.114726,3
2022,3,19,10,38,臺中市,大甲區,0,1,0,8,1,5,50,14,9,1,5,4,5,7,4,4,9,5,5,1,16,1,2,9,1,1,C03,7,4,4,8,2,11,12,1,1,1,2,8,C03,120.625905,24.349066,2
2022,3,19,10,49,臺中市,北屯區,0,1,0,8,1,5,50,4,1,1,5,4,5,7,1,1,10,5,5,2,13,16,3,10,1,1,C03,7,5,1,10,2,11,,16,16,1,18,8,C03,120.6687,24.1782,2
2022,3,19,10,58,臺中市,西屯區,0,1,0,8,1,8,40,15,9,1,5,4,5,7,4,4,5,4,5,2,18,42,2,9,1,4,C03,7,9,1,10,2,14,,42,42,1,22,8,C03,120.637092,24.181481,2
2022,3,19,11,0,臺中市,北區,0,0,0,,,,50,,,,,,,,,,,,,,,16,,,,,B03,,,1,,2,,,16,16,1,22,,B03,120.674616,24.162533,3
2022,3,19,11,0,臺中市,大雅區,0,1,0,8,1,5,30,5,1,1,5,4,5,7,4,4,10,5,5,2,17,23,2,9,1,1,C03,7,12,1,10,2,14,,23,23,1,22,9,C03,120.621598,24.210663,2
2022,3,19,11,3,臺中市,沙鹿區,0,1,0,8,1,5,40,4,1,1,5,4,5,7,4,4,5,4,5,2,15,6,2,9,1,1,C03,7,9,1,10,2,15,,6,6,1,4,8,C03,120.561477,24.245326,2
2022,3,19,11,4,臺中市,南屯區,0,0,0,8,1,5,50,4,1,1,5,4,5,7,2,1,1,2,5,2,16,26,3,10,1,1,C03,7,6,1,10,2,12,,26,26,1,22,8,C03,120.649938,24.140002,3
2022,3,19,11,7,臺中市,沙鹿區,0,1,0,8,1,5,50,3,1,1,5,4,5,7,3,1,10,5,5,2,17,6,2,9,1,1,C03,7,5,3,18,2,12,,6,6,1,20,8,C03,120.551502,24.229925,2
2022,3,19,11,10,臺中市,北區,0,0,0,8,,,40,,,,,,,,,,,,,,,12,,,,,B02,,,1,,1,,,12,12,1,22,,B02,120.672626,24.159343,3
2022,3,19,11,10,臺中市,南屯區,0,0,0,8,,,50,,,,,,,,,,,,,,,6,,,,,B03,,,1,,2,,,6,6,1,22,,B03,120.640258,24.141108,3
2022,3,19,11,10,臺中市,大甲區,0,2,0,8,1,5,30,5,2,1,5,4,3,7,1,1,5,5,5,1,17,26,2,9,1,1,C03,7,9,1,10,2,13,,26,26,1,19,8,C03,120.623554,24.346089,2
2022,3,19,11,11,臺中市,東區,0,0,0,,,,30,,,,,,,,,,,,,,,23,,,,,C03,,,1,,2,,,23,23,1,5,,C03,120.706247,24.134147,3
2022,3,19,11,17,臺中市,烏日區,0,0,0,8,,,50,,,,,,,,,,,,,,,8,,,,,B12,,,1,,2,,,8,8,1,22,,B12,120.624573,24.104173,3
2022,3,19,11,30,臺中市,潭子區,0,2,0,8,1,5,50,4,2,1,5,4,5,7,2,1,1,3,4,1,17,26,2,9,1,1,C03,7,5,1,10,2,11,,26,26,1,22,8,C03,120.704998,24.215493,2
2022,3,19,11,32,臺中市,北屯區,0,1,0,8,1,5,50,4,1,1,5,4,5,7,1,1,10,5,5,2,17,6,3,10,1,1,C03,7,5,1,10,2,12,,6,6,1,21,8,C03,120.719606,24.180156,2
2022,3,19,11,33,臺中市,南屯區,0,0,0,8,,,30,,,,,,,,,,,,,,,17,,,,,B03,,,1,,1,,,17,17,1,22,,B03,120.639091,24.139993,3
2022,3,19,11,35,臺中市,大里區,0,1,0,8,1,5,50,14,9,1,5,4,5,7,4,4,5,5,5,1,18,43,2,9,1,1,F01,7,9,8,20,2,16,,43,43,1,22,8,F01,120.689571,24.104248,2
2022,3,19,11,40,臺中市,西屯區,0,0,0,8,,,50,,,,,,,,,,,,,,,44,,,,,B03,,,1,,2,,,44,44,1,22,,B03,120.654329,24.168381,3
2022,3,19,11,43,臺中市,北屯區,0,1,0,8,1,5,50,14,7,1,5,4,5,7,4,4,5,5,4,2,16,1,2,9,1,1,C03,7,4,1,10,2,11,,1,1,1,4,8,C03,120.6835,24.1742,2
2022,3,19,11,44,臺中市,南屯區,0,0,0,8,1,5,50,14,9,1,5,4,5,7,4,4,9,5,5,2,16,26,3,10,1,1,B03,7,5,1,8,1,5,,26,26,1,5,7,B03,120.635314,24.152163,3
2022,3,19,11,45,臺中市,北區,0,0,0,,,,50,,,,,,,,,,,,,,,7,,,,,A02,,,1,,2,,,23,23,1,22,,A02,120.685463,24.153455,3
2022,3,19,12,14,臺中市,西屯區,0,1,0,8,1,5,40,14,8,1,5,4,5,7,4,4,1,4,1,2,13,16,2,9,3,4,C03,7,9,1,10,1,11,,16,16,1,22,8,C03,120.65631,24.158818,2
2022,3,19,12,16,臺中市,西區,0,0,0,8,1,5,50,4,1,1,5,4,5,7,1,1,10,5,5,2,13,23,,,,,C03,,,1,,1,,,23,23,1,22,,C03,120.677642,24.144083,3
2022,3,19,12,17,臺中市,南屯區,0,0,0,8,1,5,50,14,8,1,5,4,5,7,4,4,5,5,4,2,17,18,3,10,1,1,B03,7,3,1,8,1,1,,18,18,1,22,8,B03,120.632927,24.143419,3
2022,3,19,12,18,臺中市,西區,0,1,0,8,1,5,50,3,1,1,5,4,5,7,4,4,10,5,5,2,16,9,3,10,1,1,B03,7,6,1,8,2,2,,9,9,1,5,9,B03,120.673934,24.142356,2
2022,3,19,12,20,臺中市,北區,0,1,0,8,1,5,50,14,9,1,5,4,5,7,4,4,5,4,5,2,12,7,2,9,1,1,C03,7,7,1,10,2,14,,7,7,1,22,9,C03,120.68501,24.153084,2
2022,3,19,12,29,臺中市,南屯區,0,3,0,8,1,5,40,14,7,1,5,4,5,7,4,4,5,4,4,2,17,26,2,9,1,1,C03,7,11,1,10,2,14,,26,26,1,22,8,C03,120.617361,24.158089,2
2022,3,19,12,30,臺中市,西屯區,0,0,0,8,,,40,,,,,,,,,,,,,,,67,,,,,,,,,,,,,67,67,1,,,,120.63627,24.159528,3
2022,3,19,12,31,臺中市,大里區,0,1,0,8,1,5,50,14,8,1,5,4,5,7,1,1,1,4,4,1,16,6,3,10,1,1,B03,7,6,1,8,2,5,,6,6,1,22,8,B03,120.671803,24.102176,2
2022,3,19,12,33,臺中市,潭子區,0,1,0,8,1,5,60,3,1,1,5,4,5,7,1,1,1,4,4,1,16,10,3,10,1,1,B03,7,11,1,8,2,5,2,10,10,1,22,8,B03,120.707632,24.225728,2
2022,3,19,12,37,臺中市,南屯區,0,0,0,8,,,50,,,,,,,,,,,,,,,23,,,,,B03,,,1,,2,,,23,23,1,22,,B03,120.616311,24.153661,3
2022,3,19,12,44,臺中市,東區,0,1,0,8,1,5,50,3,1,1,5,4,5,7,4,4,5,5,4,2,16,6,3,10,1,1,B03,7,6,1,8,2,2,,6,6,1,21,8,B03,120.697564,24.138842,2
2022,3,19,12,46,臺中市,北區,0,2,0,8,1,5,50,3,2,1,5,4,5,7,4,4,5,5,5,2,13,16,2,9,1,1,C03,7,9,1,10,2,11,,16,16,1,22,9,C03,120.692668,24.15909,2
2022,3,19,12,53,臺中市,西屯區,0,0,0,8,,,50,,,,,,,,,,,,,,,42,,,,,B03,,,1,,1,,,42,42,1,22,,B03,120.650771,24.163906,3
2022,3,19,12,58,臺中市,南屯區,0,0,0,8,1,5,50,14,7,1,5,4,5,7,4,4,1,4,5,2,13,23,3,10,1,1,B12,7,9,1,8,1,1,,23,23,1,19,8,B12,120.64688,24.145966,3
2022,3,19,13,0,臺中市,北屯區,0,1,0,8,1,5,50,14,9,1,5,4,5,7,4,4,5,4,5,2,16,16,2,4,1,1,C03,7,9,1,10,2,11,,16,16,1,21,8,C03,120.747888,24.197125,2
2022,3,19,13,3,臺中市,北區,0,0,0,,,,50,,,,,,,,,,,,,,,19,,,,,B03,,,1,,2,,,19,19,1,22,,B03,120.679058,24.158998,3
2022,3,19,13,15,臺中市,后里區,0,0,0,8,1,5,30,13,9,1,5,4,5,7,4,4,10,5,5,1,13,23,,,,,B03,,,6,,4,,,23,23,1,22,,B03,120.732161,24.307526,3
2022,3,19,13,15,臺中市,大甲區,0,0,0,8,,,50,,,,,,,,,,,,,,,23,,,,,B12,,,1,,1,,,23,23,1,5,,B12,120.613783,24.332545,3
2022,3,19,13,19,臺中市,大里區,0,2,0,8,1,5,50,14,9,1,5,4,5,7,4,4,5,5,5,1,17,6,2,9,1,1,C03,7,11,1,10,2,13,,6,6,1,22,8,C03,120.68579,24.095418,2
2022,3,19,13,21,臺中市,大里區,0,2,0,8,1,5,50,3,1,1,5,4,5,7,4,4,5,5,5,1,18,26,2,9,1,1,C03,7,5,1,10,2,14,,26,26,1,5,8,C03,120.694796,24.10002,2
2022,3,19,13,25,臺中市,南屯區,0,0,0,8,1,5,50,4,1,1,5,4,5,7,2,1,10,5,5,2,16,25,3,10,1,1,B03,7,9,1,8,2,7,,25,25,1,22,8,B03,120.646536,24.134684,3
2022,3,19,13,29,臺中市,北屯區,0,0,0,8,,,50,,,,,,,,,,,,,,,23,,,,,B03,,,1,,5,,,23,23,1,21,,B03,120.679793,24.174245,3
2022,3,19,13,31,臺中市,大甲區,0,0,0,8,1,6,50,3,2,1,5,4,5,7,4,4,5,5,5,2,10,4,3,10,2,1,F03,7,5,1,20,1,16,,4,4,1,21,8,F03,120.653602,24.379372,3
2022,3,19,13,37,臺中市,北區,0,2,0,8,1,5,50,3,7,1,5,4,5,7,4,4,10,5,5,2,16,6,3,10,1,1,C03,7,5,1,10,2,13,,6,6,1,10,4,C03,120.670493,24.158453,2
2022,3,19,13,40,臺中市,西區,0,1,0,8,1,5,50,5,1,1,5,4,5,7,1,1,10,5,5,2,17,6,3,10,3,4,B03,7,6,1,8,2,2,,6,6,1,21,8,B03,120.668753,24.132043,2
2022,3,19,13,41,臺中市,北區,0,0,0,8,,,50,,,,,,,,,,,,,,,26,,,,,B01,,,1,,2,,,26,26,1,22,,B01,120.685738,24.153663,3
2022,3,19,13,42,臺中市,大甲區,1,0,0,8,1,5,50,4,1,1,5,4,5,7,4,4,10,5,5,2,15,6,1,1,1,1,C03,7,9,3,18,2,11,,6,6,1,5,8,C03,120.620517,24.351716,1
2022,3,19,13,44,臺中市,沙鹿區,0,0,0,8,,,50,,,,,,,,,,,,,,,6,,,,,B03,,,1,,2,,,6,6,1,20,,B03,120.566023,24.243362,3
2022,3,19,13,44,臺中市,南屯區,0,0,0,8,1,5,50,14,7,1,5,4,5,7,4,4,5,4,4,2,13,23,,,,,A02,,,1,,2,,,23,23,1,22,,A02,120.621835,24.140091,3
2022,3,19,13,46,臺中市,中區,0,0,0,8,1,5,30,4,1,1,5,4,5,7,4,4,10,5,5,2,12,6,,,,,B01,,,1,,2,,,6,6,1,22,,B01,120.683511,24.140549,3
2022,3,19,13,58,臺中市,梧棲區,0,0,0,8,,,40,,,,,,,,,,,,,,,23,,,,,B12,,,1,,2,,,23,23,1,5,,B12,120.53708,24.251365,4
2022,3,19,14,0,臺中市,霧峰區,0,1,0,8,1,5,30,14,9,1,5,4,5,7,4,4,10,5,5,2,17,19,3,10,3,4,B03,7,1,1,8,2,4,,19,19,1,21,5,B03,120.665268,24.036905,2
2022,3,19,14,10,臺中市,沙鹿區,0,0,0,,,,50,,,,,,,,,,,,,,,42,,,,,B03,,,1,,9,,,42,42,1,4,,B03,120.615034,24.242415,3
2022,3,19,14,20,臺中市,北屯區,0,0,0,8,,,50,,,,,,,,,,,,,,,26,,,,,A42,,,1,,2,,,26,26,1,21,,A42,120.721215,24.175751,3
2022,3,19,14,20,臺中市,大里區,0,0,0,8,,,50,,,,,,,,,,,,,,,6,,,,,B03,,,1,,,,,6,6,1,22,,B03,120.701046,24.108653,3
2022,3,19,14,26,臺中市,西區,0,0,0,8,,,50,,,,,,,,,,,,,,,23,,,,,B03,,,1,,1,,,23,23,1,2,,B03,120.681928,24.135664,3
2022,3,19,14,29,臺中市,后里區,0,1,0,8,1,5,50,3,1,1,5,4,5,7,4,4,4,5,4,1,16,6,3,10,1,1,B03,7,5,1,8,2,8,,6,6,1,21,8,B03,120.721576,24.309126,2
2022,3,19,14,31,臺中市,大甲區,0,0,0,8,1,5,50,14,9,1,5,4,5,7,4,4,9,4,5,1,27,67,3,10,1,1,B03,7,9,1,8,1,1,,67,67,1,22,9,B03,120.644542,24.385263,3
2022,3,19,14,33,臺中市,北區,0,3,0,8,1,5,50,3,1,1,5,4,5,7,1,1,10,5,5,2,17,42,2,8,1,1,C03,7,15,1,10,2,12,,42,42,1,22,8,C03,120.673631,24.159219,2
2022,3,19,14,49,臺中市,南屯區,1,1,0,8,1,5,50,4,1,1,5,4,5,7,4,4,10,5,5,2,17,6,1,9,1,4,C03,7,9,1,10,2,12,,6,6,1,22,8,C03,120.640605,24.129541,1
2022,3,19,14,50,臺中市,太平區,0,1,0,8,1,5,40,3,9,1,5,4,5,7,4,4,5,4,5,1,13,23,2,9,1,1,C03,7,9,1,10,2,11,,23,23,1,22,8,C03,120.759225,24.117316,2