年,月,日,時,分,縣市,區,死,受傷,2-30,天候,光線,道路類別,速限,道路型態,事故位置,路面鋪裝,路面狀態,路面缺陷,障礙物,視距,號誌種類,號誌動作,分向設施,快車道或一般車道間,快慢車道間,路面邊線,事故類型及型態,主要肇因,受傷程度,主要傷處,保護裝備,行動電話,當事者區分,車輛用途,當事者行動狀態,駕駛資格情形,駕駛執照種類,飲酒情形,車輛撞擊部位最初,車輛撞擊部位其他,肇事因素個別,肇事因素主要,肇事逃逸,職業,旅次目的,車種,GPS緯度,GPS經度,事故類別
2022,3,20,18,52,臺中市,大里區,0,0,0,8,3,5,50,14,13,1,5,4,5,7,4,4,9,5,4,1,16,10,,,,,B03,,,1,,2,,,10,10,1,5,,B03,120.692278,24.119445,3
2022,3,20,19,2,臺中市,豐原區,0,1,0,8,3,5,50,4,1,1,5,4,5,7,1,1,10,5,5,2,15,25,3,10,1,1,B03,7,9,3,18,2,5,,25,25,1,22,8,B03,120.70722,24.23141,2
2022,3,20,19,5,臺中市,太平區,0,1,0,8,3,5,50,14,9,1,5,4,1,7,4,4,9,5,4,2,28,23,2,9,1,1,C03,7,9,1,10,2,11,,23,23,1,21,8,C03,120.702226,24.154401,2
2022,3,20,19,9,臺中市,西區,0,0,0,8,,,50,,,,,,,,,,,,,,,18,,,,,B03,,,1,,9,,,18,18,2,5,,B03,120.656062,24.139872,3
2022,3,20,19,19,臺中市,清水區,0,2,0,8,3,5,50,14,8,1,5,4,5,7,1,1,1,4,4,2,16,6,3,10,1,1,B03,7,6,1,8,2,2,,6,6,1,5,1,B03,120.575838,24.27017,2
2022,3,20,19,19,臺中市,北區,0,0,0,,,,40,,,,,,,,,,,,,,,23,,,,,C03,,,1,,2,,,23,23,1,20,,C03,120.674389,24.163776,3
2022,3,20,19,27,臺中市,南屯區,0,0,0,8,,,50,,,,,,,,,,,,,,,23,,,,,B03,,,1,,1,,,23,23,1,22,,B03,120.626436,24.148691,3
2022,3,20,19,28,臺中市,烏日區,0,0,0,,,,50,,,,,,,,,,,,,,,8,,,,,B03,,,1,,2,,,8,8,1,22,,B03,120.616844,24.116186,3
2022,3,20,19,31,臺中市,南屯區,0,1,0,8,3,5,50,5,1,1,5,4,5,7,1,1,10,5,5,2,16,6,3,10,1,1,B03,7,6,1,8,2,2,,6,6,1,22,9,B03,120.623141,24.145201,2
2022,3,20,19,42,臺中市,潭子區,0,2,0,8,3,5,60,5,1,1,5,4,5,7,1,1,1,4,5,1,12,7,2,9,1,1,C03,7,8,1,10,2,13,,7,7,1,22,9,C03,120.70359,24.201162,2
2022,3,20,19,45,臺中市,南區,0,2,0,8,1,5,50,4,1,1,5,4,5,7,1,1,10,5,5,2,15,25,3,10,1,1,B03,7,9,1,8,2,4,,25,25,1,22,8,B03,120.668511,24.129407,2
2022,3,20,19,53,臺中市,北屯區,0,2,0,8,3,5,50,14,7,1,5,4,5,7,4,4,5,5,4,2,16,19,2,7,1,1,C03,7,1,1,10,2,11,,19,19,1,22,8,C03,120.694678,24.174965,2
2022,3,20,20,8,臺中市,北屯區,0,0,0,8,,,50,,,,,,,,,,,,,,,23,,,,,B12,,,1,,1,,,23,23,1,22,,B12,120.68307,24.181561,3
2022,3,20,20,8,臺中市,南屯區,0,2,0,8,3,5,50,4,1,1,5,4,5,7,2,1,10,5,5,2,16,6,2,7,1,1,C03,7,5,1,10,2,12,,6,6,1,21,8,C03,120.611591,24.138467,2
2022,3,20,20,48,臺中市,北區,0,1,0,8,3,5,50,5,1,1,5,4,5,7,1,1,10,5,5,2,12,26,3,10,1,1,B02,7,5,1,8,2,4,,26,26,1,22,8,B02,120.686252,24.15482,2
2022,3,20,21,0,臺中市,西屯區,0,1,0,8,3,5,50,4,1,1,5,4,5,7,4,4,10,5,5,2,16,6,3,10,1,1,B03,7,5,1,8,2,2,,6,6,1,22,8,B03,120.64484,24.183734,2
2022,3,20,21,35,臺中市,烏日區,0,0,0,8,,,50,,,,,,,,,,,,,,,8,,,,,B03,,,1,,2,,,8,8,1,21,,B03,120.614101,24.106624,3
2022,3,20,21,50,臺中市,北區,0,2,0,8,3,5,50,3,1,1,5,4,5,7,4,4,5,5,5,2,17,6,2,9,1,1,C03,7,5,1,10,2,11,,6,6,1,22,8,C03,120.687455,24.155093,2
2022,3,20,21,55,臺中市,大里區,0,3,0,8,3,5,40,4,1,1,5,4,5,7,1,1,10,5,5,2,12,26,2,7,1,1,B03,7,6,1,8,2,6,,26,26,1,21,8,B03,120.688316,24.094683,2
2022,3,20,21,58,臺中市,東區,0,2,0,7,3,5,,3,1,1,5,4,5,7,1,1,10,5,5,2,27,66,2,9,1,1,C03,7,9,1,10,2,11,,23,66,1,22,8,C03,120.694899,24.138717,2
2022,3,20,22,10,臺中市,南屯區,0,2,0,8,1,5,50,4,1,1,5,4,5,7,1,1,5,3,5,2,16,6,2,9,1,1,C03,7,5,1,10,2,12,,6,6,1,22,8,C03,120.649912,24.136676,2
2022,3,20,22,17,臺中市,沙鹿區,0,0,0,8,,,50,,,,,,,,,,,,,,,23,,,,,B03,,,1,,11,,,23,23,1,20,,B03,120.560654,24.240775,3
2022,3,20,22,18,臺中市,南屯區,0,0,0,8,,,50,,,,,,,,,,,,,,,23,,,,,B02,,,1,,2,,,23,23,1,5,,B02,120.65298,24.1515,3
2022,3,20,22,18,臺中市,后里區,0,1,0,8,3,5,30,3,1,1,5,4,5,7,4,4,10,5,5,2,17,23,2,9,1,1,C03,7,9,1,10,2,14,,23,23,1,5,8,C03,120.722548,24.313549,2
2022,3,20,22,19,臺中市,西區,0,0,0,8,3,5,50,14,9,1,5,4,5,7,4,4,3,4,5,2,17,12,,,,,B03,,,1,,1,,,12,12,1,4,,B03,120.654414,24.151009,3
2022,3,20,22,20,臺中市,北區,0,0,0,8,,,50,,,,,,,,,,,,,,,7,,,,,C03,,,1,,2,,,7,7,1,5,,C03,120.691711,24.159433,3
2022,3,20,22,43,臺中市,后里區,0,0,0,7,3,5,50,14,13,1,5,4,5,7,4,4,1,4,4,1,14,43,,,,,B03,,,1,,1,,,43,43,1,21,,B03,120.722234,24.308076,3
2022,3,20,22,50,臺中市,南屯區,0,1,0,8,1,5,50,4,1,1,5,4,5,7,4,4,5,4,5,2,13,23,3,10,1,1,B03,7,9,1,8,2,1,,23,23,1,22,8,B03,120.646423,24.137475,2
2022,3,20,23,38,臺中市,西屯區,0,1,0,8,3,5,50,4,2,1,5,4,5,7,4,4,5,4,5,2,17,10,3,10,3,4,B03,7,11,1,8,1,8,,10,10,1,22,8,B03,120.645338,24.177013,2
2022,3,20,23,41,臺中市,西區,0,2,0,8,3,5,50,4,1,1,5,4,5,7,1,1,10,5,5,2,16,9,2,8,1,1,C03,7,6,1,10,2,12,,9,9,1,21,8,C03,120.672769,24.135858,2
2022,3,20,23,49,臺中市,西區,0,1,0,8,3,5,50,3,8,1,5,4,5,7,4,4,1,4,4,2,17,6,3,10,1,1,B03,7,6,1,8,2,2,,6,6,1,4,7,B03,120.658793,24.156322,2
2022,3,20,23,50,臺中市,大甲區,0,0,0,6,,,50,,,,,,,,,,,,,,,23,,,,,B12,,,1,,2,,,23,23,1,6,,B12,120.624751,24.343752,3
2022,3,20,23,53,臺中市,神岡區,0,0,0,8,,,40,,,,,,,,,,,,,,,23,,,,,B03,,,1,,1,,,23,23,1,22,,B03,120.672815,24.25462,3
2022,3,21,0,30,臺中市,南區,0,0,0,,,,50,,,,,,,,,,,,,,,23,,,,,C03,,,1,,2,,,23,23,1,22,,C03,120.674828,24.127626,3
2022,3,21,0,31,臺中市,梧棲區,0,1,0,8,3,5,50,3,1,1,5,4,5,7,4,4,10,5,5,2,16,26,2,9,1,1,C03,7,5,3,18,2,12,,26,26,1,19,8,C03,120.531253,24.254898,2
2022,3,21,0,46,臺中市,北屯區,0,1,0,7,3,5,50,4,1,1,4,4,5,7,1,1,3,4,5,2,15,25,2,9,1,1,C03,7,9,1,10,2,11,,25,25,1,22,8,C03,120.663444,24.185416,2
2022,3,21,2,15,臺中市,西屯區,0,0,0,8,,,30,,,,,,,,,,,,,,,12,,,,,B03,,,1,,2,,,12,12,1,22,,B03,120.656046,24.161616,3
2022,3,21,2,19,臺中市,沙鹿區,0,2,0,6,3,5,40,14,8,1,4,4,5,7,4,4,1,4,3,1,1,51,2,7,4,4,H01,8,16,8,20,10,16,,51,51,1,20,9,H01,120.570905,24.234609,2
2022,3,21,5,29,臺中市,西屯區,0,2,0,6,3,5,60,4,1,1,4,4,5,7,2,1,1,1,1,2,16,26,3,10,1,1,B02,7,6,1,3,2,6,,26,26,1,22,8,B02,120.64657,24.16454,2
2022,3,21,6,21,臺中市,梧棲區,0,1,0,8,2,5,90,14,7,1,5,4,5,7,4,4,1,4,4,1,20,23,2,7,1,1,A41,7,9,1,1,2,5,,23,23,1,10,1,A41,120.53116,24.254558,2
2022,3,21,6,38,臺中市,北區,0,1,0,8,1,5,50,4,1,1,4,4,5,7,1,1,10,5,5,2,16,25,2,9,1,1,C03,7,9,1,10,2,11,,25,25,1,22,8,C03,120.664089,24.162142,2
2022,3,21,6,39,臺中市,西屯區,0,1,0,8,1,5,50,14,9,1,5,4,5,7,4,4,4,3,5,2,18,42,2,9,1,1,C03,7,9,1,10,2,14,,42,42,1,22,8,C03,120.620086,24.183217,2
2022,3,21,6,45,臺中市,中區,0,1,0,8,1,5,50,14,7,1,5,4,5,7,4,4,5,4,5,2,13,23,2,9,1,1,C03,7,9,1,10,2,11,,23,23,1,21,8,C03,120.681387,24.144224,2
2022,3,21,6,52,臺中市,北區,0,1,0,8,1,5,50,4,1,1,5,4,5,7,4,4,10,5,5,2,15,6,3,10,1,1,C03,7,9,1,10,2,12,,6,6,1,5,8,C03,120.666914,24.165556,2
2022,3,21,7,0,臺中市,大里區,0,1,0,7,1,5,50,14,9,1,4,4,5,7,4,4,5,5,4,1,17,23,3,10,1,1,B12,7,9,1,8,2,8,,23,23,1,22,8,B12,120.677168,24.09968,2
2022,3,21,7,0,臺中市,清水區,0,0,0,8,1,5,30,4,1,1,5,4,5,7,4,4,10,5,5,2,15,6,,,,,B03,,,1,,2,,,6,6,1,21,,B03,120.547948,24.277704,3
2022,3,21,7,0,臺中市,神岡區,0,1,0,8,1,5,30,11,9,1,5,4,5,7,4,4,10,5,5,2,18,42,2,9,1,1,C03,7,9,1,10,2,12,,42,42,1,22,9,C03,120.709626,24.272859,2
2022,3,21,7,2,臺中市,北屯區,0,0,0,8,,,50,,,,,,,,,,,,,,,16,,,,,C03,,,1,,1,,,16,16,1,21,,C03,120.697223,24.169345,3
2022,3,21,7,5,臺中市,西屯區,0,0,0,8,,,60,,,,,,,,,,,,,,,16,,,,,B03,,,1,,1,,,16,16,1,22,,B03,120.63899,24.169213,3
2022,3,21,7,15,臺中市,潭子區,0,0,0,8,,,50,,,,,,,,,,,,,,,23,,,,,B03,,,1,,2,,,23,23,1,22,,B03,120.72409,24.221742,3
2022,3,21,7,15,臺中市,神岡區,0,0,0,8,,,60,,,,,,,,,,,,,,,23,,,,,B03,,,6,,11,,,23,23,1,22,,B03,120.710018,24.261225,3
2022,3,21,7,30,臺中市,西區,0,0,0,8,,,50,,,,,,,,,,,,,,,7,,,,,B12,,,1,,1,,,7,7,1,5,,B12,120.676226,24.138687,3
2022,3,21,7,33,臺中市,烏日區,0,1,0,8,1,5,30,4,1,1,5,4,5,7,4,4,5,5,5,2,15,6,2,9,1,1,C03,7,9,1,10,2,11,,6,6,1,21,8,C03,120.635027,24.11043,2
2022,3,21,7,38,臺中市,大里區,0,1,0,8,1,5,50,14,9,1,5,4,5,7,4,4,1,2,5,1,17,7,3,10,1,1,B03,7,8,1,8,2,3,,7,7,1,22,8,B03,120.672175,24.105565,2
2022,3,21,7,41,臺中市,北區,0,1,0,8,1,5,50,14,7,1,5,4,5,7,4,4,5,4,4,2,16,19,3,10,3,4,B03,7,1,1,8,2,8,,19,19,1,5,8,B03,120.698008,24.153789,2
2022,3,21,7,42,臺中市,西屯區,0,1,0,8,1,5,30,3,9,1,5,4,5,7,4,4,10,5,5,2,16,19,3,10,1,1,B03,7,1,1,8,2,2,,19,19,1,22,8,B03,120.649802,24.174919,2
2022,3,21,7,46,臺中市,后里區,0,0,0,6,,,50,,,,,,,,,,,,,,,23,,,,,B03,,,1,,2,,,23,23,1,4,,B03,120.724976,24.321705,3
2022,3,21,7,47,臺中市,后里區,0,0,0,,,,30,,,,,,,,,,,,,,,17,,,,,B03,,,1,,2,,,17,17,1,22,,B03,120.71471,24.331787,3
2022,3,21,7,47,臺中市,北區,0,3,0,8,1,5,30,4,2,1,5,4,5,7,4,4,9,5,5,2,16,6,3,10,1,1,C03,7,6,1,10,2,14,,6,6,1,22,8,C03,120.688955,24.160169,2
2022,3,21,7,47,臺中市,南屯區,0,1,0,8,1,5,50,4,1,5,5,4,5,7,1,1,10,5,5,2,17,23,2,9,1,1,C03,7,9,1,10,2,15,,23,23,1,22,8,C03,120.620761,24.145181,2
2022,3,21,7,49,臺中市,北屯區,0,1,0,8,1,5,30,3,1,1,5,4,5,7,4,4,10,5,5,2,18,42,2,9,3,4,C03,7,9,1,10,2,15,,42,42,1,21,8,C03,120.693751,24.184843,2
2022,3,21,7,49,臺中市,梧棲區,0,1,0,8,1,5,50,4,1,1,5,4,5,7,4,4,10,5,5,2,15,6,2,8,1,1,B03,7,9,6,8,2,4,,6,6,1,11,8,B03,120.539785,24.262727,2
2022,3,21,7,49,臺中市,北區,0,0,0,,,,40,,,,,,,,,,,,,,,26,,,,,B03,,,1,,2,,,26,26,1,5,,B03,120.664208,24.154416,3
2022,3,21,7,50,臺中市,西區,0,1,0,8,1,5,50,3,1,1,5,4,5,7,4,4,10,5,5,2,16,6,2,7,1,1,F01,7,5,8,20,2,16,,6,6,1,20,8,F01,120.666426,24.137206,2
2022,3,21,7,55,臺中市,大里區,0,1,0,8,1,5,50,14,9,1,5,4,5,7,4,4,5,5,5,1,17,42,3,10,1,1,C03,7,15,1,10,2,15,,42,42,1,22,8,C03,120.684775,24.106971,2
2022,3,21,7,55,臺中市,大肚區,0,1,0,8,1,5,30,4,1,1,5,4,5,7,4,4,10,5,5,2,15,6,3,10,1,1,B03,7,9,1,8,2,5,,6,6,1,21,8,B03,120.536928,24.168886,2
2022,3,21,7,56,臺中市,豐原區,0,2,0,8,1,5,50,4,1,1,5,4,5,7,4,4,10,5,5,1,17,6,2,9,1,1,C03,7,9,1,10,2,11,,6,6,1,22,8,C03,120.708578,24.239481,2
2022,3,21,7,56,臺中市,東區,0,2,0,7,1,5,50,4,1,1,5,4,5,7,2,1,10,5,5,2,16,23,2,9,1,1,C03,7,4,1,10,2,12,,23,23,1,21,8,C03,120.692502,24.138738,2
2022,3,21,7,58,臺中市,北區,0,2,0,8,1,5,50,4,1,1,5,4,5,7,1,1,10,5,5,2,16,6,2,9,1,1,C03,7,5,1,10,2,11,,6,6,1,22,9,C03,120.67687,24.169919,2
2022,3,21,8,0,臺中市,大雅區,0,3,0,8,1,5,50,4,1,1,5,4,5,7,1,1,10,5,5,2,17,25,3,10,1,1,B03,7,9,1,8,2,2,,25,25,1,22,8,B03,120.629058,24.206212,2
2022,3,21,8,0,臺中市,西屯區,0,0,0,8,,,50,,,,,,,,,,,,,,,23,,,,,B03,,,1,,11,,,23,23,1,22,,B03,120.657655,24.158401,3
2022,3,21,8,5,臺中市,龍井區,0,0,0,8,,,60,,,,,,,,,,,,,,,7,,,,,B03,,,1,,1,,,7,7,1,22,,B03,120.577108,24.177105,3
2022,3,21,8,10,臺中市,南屯區,0,0,0,8,2,5,50,14,13,1,5,4,5,7,4,4,9,5,5,2,11,23,3,10,1,1,B03,7,1,1,8,1,5,,23,23,2,4,2,B03,120.642413,24.132189,3
2022,3,21,8,12,臺中市,北屯區,0,2,0,8,1,5,30,3,1,1,5,4,5,7,4,4,10,5,5,2,16,6,2,9,3,1,F01,7,9,8,20,2,16,,6,6,1,20,8,F01,120.672285,24.181486,2
2022,3,21,8,14,臺中市,沙鹿區,0,2,0,8,1,5,50,4,1,1,5,4,5,7,1,1,10,5,5,2,15,25,2,9,1,1,C03,7,9,4,8,2,15,,25,25,1,20,9,C03,120.565952,24.231117,2
2022,3,21,8,15,臺中市,南屯區,0,2,0,8,1,5,0,14,20,1,5,4,5,7,4,4,9,5,5,2,16,42,2,9,1,1,C03,7,9,1,10,2,14,,42,42,1,22,9,C03,120.644722,24.131944,2
2022,3,21,8,20,臺中市,大雅區,0,1,0,8,1,5,50,5,2,1,5,4,5,7,1,1,5,5,5,1,16,6,3,10,1,1,B03,7,6,1,8,2,1,,6,6,1,22,9,B03,120.66768,24.215655,2
2022,3,21,8,23,臺中市,西區,0,0,0,8,,,40,,,,,,,,,,,,,,,16,,,,,C03,,,1,,1,,,16,16,1,4,,C03,120.66265,24.155178,3
2022,3,21,8,25,臺中市,北區,0,1,0,8,1,5,40,4,1,1,5,4,5,7,2,1,3,4,4,2,18,42,2,9,1,1,C03,7,9,1,10,2,14,,42,42,1,22,8,C03,120.674393,24.163088,2
2022,3,21,8,25,臺中市,南屯區,0,1,0,8,1,5,50,14,9,1,5,4,5,7,2,1,4,3,5,2,13,23,2,9,1,1,C03,7,9,3,18,2,11,14,23,23,1,22,8,C03,120.649265,24.146946,2
2022,3,21,8,28,臺中市,南區,0,1,0,8,1,5,50,14,9,1,5,4,5,7,4,4,1,4,5,2,13,16,2,9,1,1,C03,7,9,1,10,2,11,,16,16,1,22,8,C03,120.649247,24.121953,2
2022,3,21,8,30,臺中市,北區,0,0,0,8,,,40,,,,,,,,,,,,,,,19,,,,,B03,,,1,,2,,,19,19,1,22,,B03,120.671069,24.169079,3
2022,3,21,8,31,臺中市,北屯區,0,0,0,8,,,50,,,,,,,,,,,,,,,23,,,,,B03,,,1,,1,,,23,23,1,21,,B03,120.720335,24.162963,3
2022,3,21,8,35,臺中市,北區,0,0,0,8,,,40,,,,,,,,,,,,,,,6,,,,,C03,,,1,,2,,,6,6,1,22,,C03,120.66822,24.1538,3
2022,3,21,8,38,臺中市,龍井區,0,2,0,8,1,5,60,14,11,1,5,4,5,7,4,4,9,4,4,1,12,23,2,9,1,1,C03,7,9,1,10,2,11,,23,23,1,12,8,C03,120.50716,24.188455,2
2022,3,21,8,40,臺中市,南屯區,0,0,0,8,,,50,,,,,,,,,,,,,,,23,,,,,C03,,,1,,1,,,23,23,1,21,,C03,120.647126,24.150848,3
2022,3,21,8,42,臺中市,太平區,0,0,0,8,,,40,,,,,,,,,,,,,,,23,,,,,B03,,,1,,2,,,23,23,1,21,,B03,120.714006,24.147853,3
2022,3,21,8,45,臺中市,西區,0,2,0,8,1,5,50,4,1,1,5,4,5,7,1,1,10,5,5,2,16,6,2,8,1,1,C03,7,5,1,10,2,12,,6,6,1,20,8,C03,120.656776,24.146716,2
2022,3,21,8,46,臺中市,西屯區,0,0,0,8,,,40,,,,,,,,,,,,,,,26,,,,,B03,,,1,,1,,,26,26,1,22,,B03,120.634393,24.179812,3
2022,3,21,8,53,臺中市,南屯區,0,1,0,8,1,5,40,3,2,1,5,4,5,7,4,4,5,4,5,2,16,13,2,9,1,1,C03,7,8,1,10,2,11,,13,13,1,22,8,C03,120.613725,24.142655,2
2022,3,21,8,56,臺中市,潭子區,0,1,0,8,1,5,50,14,9,1,5,4,5,7,4,4,5,5,5,1,12,17,3,10,1,1,C03,7,4,1,10,2,12,,17,17,1,22,8,C03,120.700761,24.215738,2
2022,3,21,8,58,臺中市,西區,0,1,0,8,1,5,50,4,1,1,5,4,5,7,1,1,10,5,5,2,15,25,3,10,1,4,B02,7,9,1,8,2,2,,25,25,1,22,8,B02,120.672156,24.151222,2
2022,3,21,9,1,臺中市,北區,0,1,0,8,1,5,50,4,1,1,5,4,5,7,1,1,10,5,5,2,13,16,2,9,3,4,C04,7,9,1,10,2,11,,16,16,1,5,8,C04,120.68294,24.168464,2
2022,3,21,9,2,臺中市,北區,0,2,0,8,1,5,50,14,9,1,5,4,5,7,4,4,5,5,5,2,16,26,3,10,1,1,B03,7,9,1,8,1,4,,26,26,1,22,8,B03,120.676805,24.160396,2
2022,3,21,9,8,臺中市,大里區,0,0,0,8,,,50,,,,,,,,,,,,,,,42,,,,,A11,,,1,,2,,,42,42,1,22,,A11,120.70534,24.107998,3
2022,3,21,9,10,臺中市,南屯區,0,0,0,8,,,40,,,,,,,,,,,,,,,16,,,,,B12,,,1,,1,,,16,16,1,22,,B12,120.622731,24.14232,3
2022,3,21,9,15,臺中市,南屯區,0,0,0,8,,,30,,,,,,,,,,,,,,,23,,,,,B03,,,1,,1,,,23,23,1,22,,B03,120.643611,24.141111,3
2022,3,21,9,16,臺中市,西屯區,0,1,0,8,1,5,50,3,7,1,5,4,5,7,4,4,9,4,4,2,18,42,2,9,1,1,C03,7,9,1,10,2,12,,42,42,1,12,8,C03,120.65277,24.176006,2
2022,3,21,9,17,臺中市,西區,0,2,0,8,1,5,50,4,1,1,5,4,5,7,2,1,10,5,5,2,13,23,2,9,1,1,C03,7,9,1,10,2,11,,23,23,1,5,8,C03,120.675422,24.133556,2
2022,3,21,9,20,臺中市,大甲區,0,0,0,8,,,50,,,,,,,,,,,,,,,23,,,,,B12,,,1,,1,,,23,23,1,22,,B12,120.629337,24.35293,4
2022,3,21,9,22,臺中市,東區,0,0,0,,,,50,,,,,,,,,,,,,,,23,,,,,B03,,,6,,11,,,23,23,1,20,,B03,120.68854,24.143361,3
2022,3,21,9,24,臺中市,太平區,0,0,0,8,,,50,,,,,,,,,,,,,,,23,,,,,,,,,,,,,67,23,1,,,,120.72252,24.133799,3
2022,3,21,9,41,臺中市,南屯區,0,1,0,8,1,5,40,4,1,1,5,4,5,7,2,1,1,4,1,2,16,6,3,10,1,1,B03,7,6,6,18,2,2,,6,6,1,12,1,B03,120.623269,24.140513,2
2022,3,21,9,43,臺中市,大雅區,0,1,0,8,1,5,50,3,8,1,5,4,5,7,4,4,1,4,4,1,16,6,3,10,1,1,B03,7,6,1,8,2,5,,6,6,1,22,9,B03,120.645767,24.224744,2
2022,3,21,9,45,臺中市,南屯區,0,1,0,8,1,5,50,14,9,1,5,4,5,7,4,4,1,3,5,2,17,23,2,9,1,1,C03,7,12,1,10,2,14,11,23,23,1,22,8,C03,120.646543,24.149271,2
2022,3,21,9,50,臺中市,西區,0,2,0,8,1,5,50,4,1,1,5,4,5,7,1,1,10,5,5,2,16,7,2,9,1,1,C03,7,7,1,10,2,13,,7,7,1,20,8,C03,120.670485,24.133675,2
2022,3,21,10,2,臺中市,中區,0,0,0,8,,,50,,,,,,,,,,,,,,,12,,,,,B12,,,1,,2,,,12,12,1,21,,B12,120.682506,24.141831,3
2022,3,21,10,4,臺中市,北屯區,0,1,0,8,1,5,50,3,7,1,5,4,5,7,4,4,5,4,4,2,13,23,3,10,1,1,B12,7,9,1,8,2,5,,23,23,1,21,8,B12,120.667185,24.178179,2
2022,3,21,10,6,臺中市,大里區,0,1,0,8,1,5,50,14,9,1,5,4,5,7,4,4,5,5,5,1,17,7,2,9,1,1,C03,7,7,1,10,2,14,,7,7,1,22,8,C03,120.682336,24.113188,2
2022,3,21,10,14,臺中市,南屯區,0,0,0,,,,50,,,,,,,,,,,,,,,23,,,,,B12,,,1,,1,,,23,23,1,22,,B12,120.609467,24.15607,3
2022,3,21,10,14,臺中市,大雅區,0,1,0,8,1,5,50,3,8,1,5,4,5,7,4,4,1,4,4,1,16,6,3,10,1,1,A12,7,6,1,5,2,2,,6,6,1,22,9,A12,120.633036,24.232186,2
2022,3,21,10,19,臺中市,清水區,0,0,0,8,1,5,50,14,9,1,5,4,5,7,1,1,1,2,5,2,13,23,3,10,1,1,B03,7,9,3,18,2,1,,23,23,1,5,1,B03,120.573023,24.262897,3
2022,3,21,10,21,臺中市,中區,0,0,0,8,,,50,,,,,,,,,,,,,,,23,,,,,B03,,,1,,2,,,23,23,1,22,,B03,120.679177,24.141918,3
2022,3,21,10,27,臺中市,南屯區,0,0,0,8,,,50,,,,,,,,,,,,,,,23,,,,,B12,,,1,,1,,,23,23,1,21,,B12,120.646456,24.126254,3
2022,3,21,10,39,臺中市,南屯區,0,0,0,8,,,50,,,,,,,,,,,,,,,23,,,,,B12,,,1,,2,,,23,23,1,22,,B12,120.638243,24.141514,3
2022,3,21,10,43,臺中市,太平區,0,0,0,8,,,50,,,,,,,,,,,,,,,16,,,,,B12,,,1,,2,,,16,16,1,5,,B12,120.717978,24.103412,3
2022,3,21,10,52,臺中市,南屯區,0,0,0,8,,,50,,,,,,,,,,,,,,,23,,,,,B03,,,1,,2,,,23,23,1,22,,B03,120.633783,24.158206,3
2022,3,21,11,0,臺中市,南屯區,0,0,0,8,,,40,,,,,,,,,,,,,,,23,,,,,B12,,,1,,2,,,23,23,1,22,,B12,120.622777,24.145555,3
2022,3,21,11,17,臺中市,東區,0,0,0,,,,50,,,,,,,,,,,,,,,23,,,,,A11,,,1,,2,,,23,23,1,21,,A11,120.70563,24.130198,3
2022,3,21,11,19,臺中市,大里區,0,0,0,8,,,50,,,,,,,,,,,,,,,6,,,,,B03,,,1,,2,,,6,6,1,22,,B03,120.67157,24.085745,3
2022,3,21,11,21,臺中市,南屯區,0,0,0,8,1,5,50,14,9,1,5,4,5,7,4,4,1,2,5,2,13,23,3,10,1,1,B03,7,9,1,8,2,1,,23,23,1,19,8,B03,120.630355,24.146908,3
2022,3,21,11,28,臺中市,豐原區,0,0,0,8,,,50,,,,,,,,,,,,,,,17,,,,,B01,,,1,,2,,,44,17,1,10,,B01,120.721938,24.276524,3
2022,3,21,11,28,臺中市,梧棲區,0,0,0,8,,,30,,,,,,,,,,,,,,,5,,,,,C03,,,1,,2,,,5,5,1,12,,C03,120.532186,24.23665,3
2022,3,21,11,31,臺中市,大甲區,0,1,0,8,1,5,30,3,1,1,5,4,5,7,4,4,10,5,5,2,16,6,3,10,1,1,B03,7,5,1,8,2,4,,6,6,1,22,9,B03,120.61354,24.352129,2
2022,3,21,11,35,臺中市,大里區,0,1,0,8,1,5,50,14,9,1,5,4,5,7,4,4,5,4,4,1,2,17,3,10,1,1,B03,7,9,1,8,2,2,,17,17,1,5,8,B03,120.688678,24.103881,2
2022,3,21,11,40,臺中市,南屯區,0,0,0,8,,,30,,,,,,,,,,,,,,,12,,,,,B12,,,1,,2,,,12,12,1,22,,B12,120.636341,24.13094,3
2022,3,21,11,44,臺中市,北屯區,0,0,0,8,,,50,,,,,,,,,,,,,,,12,,,,,B03,,,1,,1,,,12,12,1,21,,B03,120.731913,24.172143,3
2022,3,21,11,45,臺中市,大里區,0,0,0,8,,,50,,,,,,,,,,,,,,,23,,,,,C03,,,1,,2,,,23,23,1,22,,C03,120.682716,24.115343,3
2022,3,21,11,45,臺中市,南區,0,0,0,8,,,50,,,,,,,,,,,,,,,19,,,,,B03,,,1,,2,,,19,19,1,22,,B03,120.660165,24.123606,3
2022,3,21,11,50,臺中市,北屯區,0,0,0,8,,,50,,,,,,,,,,,,,,,12,,,,,B12,,,1,,1,,,12,12,1,21,,B12,120.72541,24.180108,3
2022,3,21,11,50,臺中市,大肚區,0,0,0,,,,40,,,,,,,,,,,,,,,7,,,,,B03,,,1,,2,,,7,7,1,19,,B03,120.567144,24.122517,4