年,月,日,時,分,縣市,區,死,受傷,2-30,天候,光線,道路類別,速限,道路型態,事故位置,路面鋪裝,路面狀態,路面缺陷,障礙物,視距,號誌種類,號誌動作,分向設施,快車道或一般車道間,快慢車道間,路面邊線,事故類型及型態,主要肇因,受傷程度,主要傷處,保護裝備,行動電話,當事者區分,車輛用途,當事者行動狀態,駕駛資格情形,駕駛執照種類,飲酒情形,車輛撞擊部位最初,車輛撞擊部位其他,肇事因素個別,肇事因素主要,肇事逃逸,職業,旅次目的,車種,GPS緯度,GPS經度,事故類別
2022,3,22,11,40,臺中市,大肚區,0,1,0,8,1,5,50,3,1,1,5,4,5,7,4,4,10,5,5,2,17,23,2,9,1,1,C03,7,9,1,10,2,11,,23,23,1,21,8,C03,120.578858,24.121686,2
2022,3,22,11,42,臺中市,東區,0,0,0,,,,50,,,,,,,,,,,,,,,23,,,,,B03,,,1,,2,,,23,23,1,22,,B03,120.708623,24.146306,3
2022,3,22,11,43,臺中市,霧峰區,0,1,0,8,1,5,50,3,1,1,5,4,5,7,4,4,10,5,5,1,16,6,2,9,1,1,C03,7,5,1,10,2,11,,6,6,1,22,9,C03,120.724202,24.035333,2
2022,3,22,11,45,臺中市,豐原區,0,2,0,8,1,5,40,14,7,1,5,4,5,7,4,4,5,4,4,1,16,26,2,9,1,1,C03,7,11,1,10,2,12,,26,26,1,22,8,C03,120.722123,24.253788,2
2022,3,22,11,51,臺中市,西屯區,0,0,0,8,,,30,,,,,,,,,,,,,,,7,,,,,B03,,,1,,1,,,7,7,1,12,,B03,120.639366,24.181678,3
2022,3,22,11,52,臺中市,西區,0,0,0,8,1,5,40,4,8,1,5,4,5,7,1,1,5,4,4,2,12,23,,,,,B03,,,1,,1,,,23,23,1,2,,B03,120.655744,24.154661,3
2022,3,22,11,55,臺中市,北屯區,0,1,0,8,1,5,50,14,9,1,5,4,5,7,4,4,1,4,5,2,13,23,2,9,1,1,C03,7,9,1,10,2,11,,23,23,1,21,8,C03,120.683033,24.172623,2
2022,3,22,11,59,臺中市,豐原區,0,0,0,8,,,50,,,,,,,,,,,,,,,23,,,,,B03,,,1,,2,,,23,23,1,22,,B03,120.71971,24.237156,3
2022,3,22,12,2,臺中市,北區,0,1,0,8,1,5,40,14,8,1,5,4,5,7,4,4,3,4,4,2,13,16,3,10,1,1,C03,7,9,1,10,2,13,,44,16,1,22,8,C03,120.693596,24.154294,2
2022,3,22,12,5,臺中市,北屯區,0,0,0,8,,,50,,,,,,,,,,,,,,,23,,,,,B03,,,1,,9,,,23,23,1,22,,B03,120.719241,24.174378,3
2022,3,22,12,7,臺中市,大雅區,0,0,0,8,,,50,,,,,,,,,,,,,,,42,,,,,B03,,,1,,2,,,42,42,1,22,,B03,120.643401,24.228181,3
2022,3,22,12,8,臺中市,沙鹿區,0,2,0,8,1,5,50,4,1,1,5,4,5,7,4,4,10,5,5,2,16,23,2,9,1,1,C03,7,9,1,10,2,11,,23,23,1,18,8,C03,120.579955,24.214392,2
2022,3,22,12,10,臺中市,大甲區,0,2,0,7,1,5,50,4,1,1,5,4,5,7,1,1,10,5,5,2,16,6,3,10,1,1,A12,7,5,1,1,2,6,,6,6,1,10,4,A12,120.655777,24.393205,2
2022,3,22,12,13,臺中市,北屯區,0,1,0,8,1,5,30,14,9,1,5,4,5,7,4,4,10,5,5,2,12,19,2,9,1,1,C03,7,1,1,10,2,14,,19,19,1,19,8,C03,120.702002,24.167013,2
2022,3,22,12,15,臺中市,北區,0,0,0,8,,,50,,,,,,,,,,,,,,,23,,,,,A11,,,1,,2,,,23,23,1,21,,A11,120.689266,24.158463,3
2022,3,22,12,20,臺中市,新社區,0,0,0,8,,,50,,,,,,,,,,,,,,,42,,,,,B03,,,1,,2,,,42,42,1,9,,B03,120.80339,24.22311,3
2022,3,22,12,23,臺中市,南屯區,0,3,0,8,1,5,40,3,1,1,5,4,5,7,4,4,10,5,5,2,13,16,2,8,1,1,C03,7,9,1,10,2,11,,16,16,1,22,8,C03,120.63499,24.149659,2
2022,3,22,12,28,臺中市,中區,0,1,0,8,1,5,50,4,1,1,5,4,5,7,1,1,10,5,5,2,16,6,3,10,1,1,B03,7,5,1,8,2,1,,6,6,1,22,8,B03,120.678039,24.140989,2
2022,3,22,12,31,臺中市,大里區,0,0,0,8,,,50,,,,,,,,,,,,,,,12,,,,,B12,,,1,,2,,,12,12,1,22,,B12,120.69756,24.090335,3
2022,3,22,12,32,臺中市,大里區,0,1,0,8,1,5,50,14,7,1,5,4,5,7,4,4,5,5,4,1,17,17,3,10,1,1,C03,7,4,1,10,2,12,,17,17,1,22,4,C03,120.683921,24.114756,2
2022,3,22,12,36,臺中市,清水區,0,1,0,8,1,5,50,3,2,1,5,4,5,7,4,4,5,4,4,2,12,23,2,9,1,1,C03,7,9,1,10,2,12,,23,23,1,5,5,C03,120.578563,24.272604,2
2022,3,22,12,42,臺中市,霧峰區,0,0,0,8,,,50,,,,,,,,,,,,,,,12,,,,,C03,,,1,,2,,,44,44,1,22,,C03,120.696558,24.06164,3
2022,3,22,12,43,臺中市,南屯區,0,1,0,8,1,5,50,4,1,1,5,4,5,7,2,1,10,5,5,2,16,8,3,10,1,1,C04,7,5,1,10,2,11,,8,8,1,22,8,C04,120.649886,24.142629,2
2022,3,22,12,46,臺中市,南區,0,0,0,,,,50,,,,,,,,,,,,,,,23,,,,,B03,,,1,,2,,,23,23,1,21,,B03,120.661259,24.120915,3
2022,3,22,12,47,臺中市,北區,0,1,0,8,1,5,40,4,1,1,5,4,5,7,4,4,10,5,5,2,16,6,2,9,3,4,C03,7,9,1,10,2,11,,6,6,1,5,8,C03,120.695284,24.154573,2
2022,3,22,12,49,臺中市,南區,0,1,0,8,1,5,40,14,8,1,5,4,5,7,4,4,1,4,4,2,17,43,3,10,1,1,F03,7,9,8,20,2,16,,43,43,1,22,7,F03,120.657789,24.117393,2
2022,3,22,12,54,臺中市,西屯區,0,1,0,8,1,5,50,3,1,1,5,4,5,7,4,4,5,5,5,2,16,14,3,10,1,1,C03,7,5,1,10,2,12,,14,14,1,22,7,C03,120.643482,24.176471,2
2022,3,22,12,55,臺中市,烏日區,0,1,0,8,1,5,60,4,1,1,5,4,5,7,2,1,1,4,5,2,16,26,3,10,1,1,B03,7,6,1,8,2,2,,26,26,1,21,8,B03,120.614085,24.106776,2
2022,3,22,12,59,臺中市,北區,0,2,0,8,1,5,50,4,1,1,5,4,5,7,2,1,5,5,4,2,16,8,2,9,1,1,C03,7,5,1,10,2,14,,8,8,1,22,8,C03,120.67068,24.159209,2
2022,3,22,13,10,臺中市,大雅區,0,2,0,8,1,5,50,4,1,1,5,4,5,7,1,1,10,5,5,2,12,6,2,8,1,1,C03,7,5,1,10,2,13,,6,6,1,22,9,C03,120.64582,24.22579,2
2022,3,22,13,20,臺中市,西屯區,0,0,0,8,,,40,,,,,,,,,,,,,,,23,,,,,A11,,,1,,11,,,23,23,1,22,,A11,120.619709,24.181791,3
2022,3,22,13,20,臺中市,神岡區,0,1,0,8,1,5,30,3,2,1,5,4,5,7,4,4,10,5,5,2,2,12,3,10,1,1,B12,7,2,1,8,2,3,,12,12,1,12,8,B12,120.692188,24.248974,2
2022,3,22,13,22,臺中市,北屯區,0,0,0,8,,,50,,,,,,,,,,,,,,,23,,,,,A11,,,1,,1,,,23,23,1,10,,A11,120.72121,24.176018,3
2022,3,22,13,28,臺中市,西屯區,0,4,0,7,1,5,40,14,8,1,5,4,5,7,4,4,1,4,1,2,12,7,2,9,3,4,C03,7,7,1,10,2,14,,7,7,1,22,8,C03,120.642645,24.166279,2
2022,3,22,13,43,臺中市,西屯區,0,0,0,8,,,40,,,,,,,,,,,,,,,12,,,,,B03,,,1,,2,,,12,12,1,12,,B03,120.611101,24.193776,3
2022,3,22,13,58,臺中市,大里區,0,2,0,8,1,5,50,14,9,1,5,4,5,7,4,4,3,4,5,1,16,9,3,10,1,1,B03,7,6,1,8,2,5,,9,9,1,22,8,B03,120.687111,24.09537,2
2022,3,22,13,59,臺中市,梧棲區,0,0,0,8,,,50,,,,,,,,,,,,,,,40,,,,,B03,,,1,,2,,,40,40,1,9,,B03,120.535208,24.25904,4
2022,3,22,14,3,臺中市,大里區,0,1,0,8,1,5,50,14,11,1,5,4,5,7,1,1,3,2,2,1,16,6,3,10,1,1,B03,7,5,1,2,2,5,,6,6,1,22,8,B03,120.68803,24.094193,2
2022,3,22,14,8,臺中市,西屯區,0,0,0,8,,,50,,,,,,,,,,,,,,,12,,,,,B03,,,1,,2,,,12,12,1,22,,B03,120.613401,24.190127,3
2022,3,22,14,13,臺中市,南區,0,2,0,8,1,5,50,3,1,1,5,4,5,7,4,4,3,4,5,2,3,51,2,9,4,5,H01,8,16,8,20,10,16,,51,51,1,22,9,H01,120.682602,24.128565,2
2022,3,22,14,14,臺中市,西區,0,3,0,8,1,5,30,4,1,1,5,4,5,7,4,4,10,5,5,2,15,6,2,9,3,4,B03,7,9,1,8,2,2,,6,6,1,22,8,B03,120.660954,24.146714,2
2022,3,22,14,18,臺中市,北區,0,1,0,8,1,5,50,4,1,1,5,4,5,7,1,1,10,5,5,2,12,23,3,10,3,4,C03,7,9,1,10,2,12,,23,23,1,5,8,C03,120.682617,24.153271,2
2022,3,22,14,22,臺中市,西屯區,0,0,0,,,,50,,,,,,,,,,,,,,,7,,,,,A11,,,1,,2,,,7,7,1,22,,A11,120.657996,24.200848,3
2022,3,22,14,23,臺中市,大里區,0,1,0,8,1,5,40,14,9,1,5,4,5,7,4,4,10,5,5,2,17,5,3,10,1,1,B03,7,5,1,8,2,1,,5,5,1,22,8,B03,120.698433,24.105963,2
2022,3,22,14,37,臺中市,梧棲區,0,1,0,8,1,5,50,14,9,1,5,4,5,7,4,4,1,4,5,2,20,42,2,9,1,1,C03,7,9,1,10,2,12,,42,42,1,20,8,C03,120.549576,24.253581,2
2022,3,22,14,40,臺中市,南屯區,0,0,0,8,,,50,,,,,,,,,,,,,,,23,,,,,B03,,,1,,1,,,23,23,1,22,,B03,120.647161,24.140656,3
2022,3,22,14,51,臺中市,北區,0,1,0,8,1,5,50,14,8,1,5,4,5,7,4,4,1,4,4,2,17,42,2,9,1,1,C03,7,9,1,10,2,12,,42,42,1,22,8,C03,120.672565,24.168787,2
2022,3,22,14,52,臺中市,豐原區,0,1,0,8,1,5,50,3,1,1,5,4,5,7,1,1,1,5,5,2,16,8,2,9,4,5,F01,7,5,8,20,2,16,,8,8,1,20,8,F01,120.728208,24.258188,2
2022,3,22,14,56,臺中市,南屯區,0,0,0,8,,,50,,,,,,,,,,,,,,,6,,,,,B03,,,1,,2,,,6,6,1,5,,B03,120.646808,24.148836,3
2022,3,22,15,14,臺中市,北屯區,0,0,0,8,,,50,,,,,,,,,,,,,,,25,,,,,B03,,,1,,1,,,25,25,1,22,,B03,120.700136,24.164975,3
2022,3,22,15,16,臺中市,北區,0,0,0,,,,50,,,,,,,,,,,,,,,43,,,,,B12,,,1,,2,,,43,43,1,21,,B12,120.675304,24.160202,3
2022,3,22,15,25,臺中市,大里區,0,0,0,8,,,30,,,,,,,,,,,,,,,17,,,,,A12,,,1,,2,,,17,17,1,22,,A12,120.702615,24.084036,3
2022,3,22,15,25,臺中市,南屯區,0,0,0,8,,,50,,,,,,,,,,,,,,,23,,,,,B03,,,1,,1,,,23,23,1,22,,B03,120.628682,24.140124,3
2022,3,22,15,26,臺中市,北區,0,0,0,8,,,50,,,,,,,,,,,,,,,25,,,,,C03,,,1,,2,,,25,25,1,22,,C03,120.67192,24.171681,3
2022,3,22,15,28,臺中市,北區,0,0,0,8,,,50,,,,,,,,,,,,,,,42,,,,,A12,,,1,,2,,,42,42,1,22,,A12,120.679293,24.149792,3
2022,3,22,15,34,臺中市,外埔區,0,1,0,8,1,5,30,3,1,1,5,4,5,7,4,4,10,5,5,2,16,6,3,10,1,1,B12,7,5,1,8,2,8,,6,6,1,9,8,B12,120.661678,24.323538,2
2022,3,22,15,40,臺中市,沙鹿區,0,1,0,8,1,5,50,4,1,1,5,4,5,7,4,4,10,5,5,2,15,6,2,9,1,1,C03,7,9,1,10,2,12,,6,6,1,18,8,C03,120.581944,24.221944,2
2022,3,22,15,45,臺中市,大雅區,0,0,0,8,,,30,,,,,,,,,,,,,,,19,,,,,B03,,,1,,2,,,19,19,1,22,,B03,120.66788,24.2294,3
2022,3,22,15,55,臺中市,南屯區,0,0,0,8,,,60,,,,,,,,,,,,,,,16,,,,,B03,,,1,,1,,,16,16,1,22,,B03,120.623399,24.135649,3
2022,3,22,15,59,臺中市,梧棲區,0,0,0,8,,,50,,,,,,,,,,,,,,,23,,,,,B12,,,1,,2,,,23,23,1,9,,B12,120.538256,24.24785,3
2022,3,22,16,10,臺中市,清水區,0,1,0,8,1,5,40,14,7,1,5,4,5,7,4,4,9,5,4,2,17,19,3,10,1,1,B03,7,1,1,8,2,7,,19,19,1,5,5,B03,120.551126,24.261796,2
2022,3,22,16,10,臺中市,霧峰區,0,0,0,8,,,40,,,,,,,,,,,,,,,5,,,,,B12,,,1,,2,,,5,5,1,9,,B12,120.675248,24.064654,3
2022,3,22,16,14,臺中市,西屯區,0,1,0,8,1,5,30,14,9,1,5,4,5,7,4,4,10,5,5,2,16,40,3,10,3,4,B12,7,15,1,8,2,8,,40,40,1,22,8,B12,120.646606,24.177155,2
2022,3,22,16,25,臺中市,大里區,0,0,0,8,,,30,,,,,,,,,,,,,,,12,,,,,B03,,,1,,2,,,12,12,1,22,,B03,120.677863,24.096425,3
2022,3,22,16,28,臺中市,南屯區,0,0,0,,,,50,,,,,,,,,,,,,,,12,,,,,B03,,,1,,1,,,12,12,1,4,,B03,120.628351,24.146431,3
2022,3,22,16,31,臺中市,東區,0,0,0,8,1,5,50,4,1,1,5,4,5,7,2,1,10,5,5,2,15,25,,,,,C03,,,1,10,2,,,25,25,1,5,,C03,120.691361,24.133523,3
2022,3,22,16,31,臺中市,北屯區,0,2,0,8,1,5,50,4,18,1,5,4,5,7,2,1,4,4,4,1,3,15,3,10,1,1,B12,7,5,1,8,2,8,,15,15,1,21,8,B12,120.728364,24.166684,2
2022,3,22,16,32,臺中市,西屯區,0,0,0,8,,,50,,,,,,,,,,,,,,,23,,,,,B03,,,1,,1,,,23,23,1,22,,B03,120.650366,24.176174,3
2022,3,22,16,32,臺中市,南區,0,1,0,8,2,5,50,14,7,1,5,4,5,7,4,4,3,4,5,2,17,42,3,10,1,1,C03,7,8,1,10,2,12,,42,42,1,22,8,C03,120.654167,24.116536,2
2022,3,22,16,36,臺中市,北屯區,0,0,0,8,,,50,,,,,,,,,,,,,,,23,,,,,C03,,,1,,1,,,23,23,1,22,,C03,120.727801,24.159716,3
2022,3,22,16,37,臺中市,西屯區,0,0,0,8,,,50,,,,,,,,,,,,,,,6,,,,,B03,,,1,,1,,,6,6,1,22,,B03,120.630409,24.183211,3
2022,3,22,16,40,臺中市,南屯區,0,2,0,8,1,5,50,4,1,1,5,4,5,7,2,1,10,5,5,2,16,6,2,9,1,1,C03,7,5,1,10,2,12,14,6,6,1,5,8,C03,120.611568,24.138461,2
2022,3,22,16,41,臺中市,大里區,0,0,0,8,,,50,,,,,,,,,,,,,,,16,,,,,B03,,,1,,1,,,16,16,1,22,,B03,120.679476,24.116597,3
2022,3,22,16,43,臺中市,北區,0,0,0,8,,,50,,,,,,,,,,,,,,,26,,,,,B03,,,1,,2,,,26,26,1,22,,B03,120.676868,24.171399,3
2022,3,22,16,44,臺中市,北屯區,0,0,0,8,,,50,,,,,,,,,,,,,,,23,,,,,B12,,,1,,1,,,23,23,1,22,,B12,120.690347,24.171821,3
2022,3,22,16,50,臺中市,南區,0,0,0,8,,,50,,,,,,,,,,,,,,,23,,,,,B03,,,1,8,2,,,23,23,1,5,,B03,120.662591,24.121603,3
2022,3,22,16,50,臺中市,西屯區,0,1,0,8,1,5,40,3,1,1,5,4,5,7,4,4,1,4,1,1,13,23,2,9,1,1,B03,7,9,1,8,1,1,,23,23,1,1,9,B03,120.62609,24.15858,2
2022,3,22,16,55,臺中市,大里區,0,0,0,8,,,30,,,,,,,,,,,,,,,12,,,,,G03,,,1,,2,,,12,12,1,21,,G03,120.685633,24.092408,3
2022,3,22,17,0,臺中市,北區,0,0,0,8,,,50,,,,,,,,,,,,,,,6,,,,,B03,,,1,,2,,,6,6,1,22,,B03,120.666058,24.162971,3
2022,3,22,17,7,臺中市,北區,0,1,0,8,1,5,50,14,7,1,5,4,5,7,4,4,8,4,4,2,13,23,2,9,1,1,C03,7,9,1,10,2,11,,23,23,1,9,8,C03,120.683583,24.159148,2
2022,3,22,17,10,臺中市,大里區,0,1,0,8,1,5,30,14,9,1,5,4,5,7,4,4,10,5,5,2,17,19,3,10,1,1,C03,7,1,1,10,2,15,,19,19,1,18,8,C03,120.712811,24.096641,2
2022,3,22,17,10,臺中市,大雅區,0,2,0,8,1,5,50,4,1,1,5,4,5,1,1,1,5,5,5,1,16,8,2,9,1,1,C03,7,5,1,10,2,12,,8,8,1,22,8,C03,120.64867,24.24027,2
2022,3,22,17,13,臺中市,太平區,0,0,0,8,,,30,,,,,,,,,,,,,,,12,,,,,B03,,,1,,2,,,12,12,1,4,,B03,120.714837,24.118676,3
2022,3,22,17,20,臺中市,南屯區,0,0,0,8,,,30,,,,,,,,,,,,,,,16,,,,,B03,,,1,,2,,,16,16,1,22,,B03,120.617516,24.159276,3
2022,3,22,17,20,臺中市,神岡區,0,1,0,8,1,5,30,3,1,1,5,4,5,7,4,4,10,5,5,1,17,6,2,9,1,1,C03,7,5,1,10,2,11,,6,6,1,12,8,C03,120.660805,24.277293,2
2022,3,22,17,21,臺中市,東區,0,1,0,8,2,5,50,3,1,1,5,4,5,7,4,4,10,5,5,2,16,6,3,10,1,1,B03,7,6,1,8,2,2,,6,6,1,22,8,B03,120.701405,24.141564,2
2022,3,22,17,22,臺中市,西屯區,0,0,0,8,,,40,,,,,,,,,,,,,,,43,,,,,C03,,,1,,1,,,43,43,1,22,,C03,120.642773,24.196385,3
2022,3,22,17,23,臺中市,神岡區,0,1,0,8,1,5,50,3,1,1,5,4,5,7,1,1,10,5,5,2,13,25,3,10,1,1,B03,7,5,1,8,2,1,,25,25,1,22,9,B03,120.682529,24.245622,2
2022,3,22,17,26,臺中市,北屯區,0,1,0,8,1,8,50,3,2,1,5,4,5,7,1,1,5,5,4,1,13,23,3,10,1,1,B03,7,9,1,8,2,5,,23,23,1,21,8,B03,120.704597,24.171323,2
2022,3,22,17,29,臺中市,南區,0,0,0,8,,,1,,,,,,,,,,,,,,,43,,,,,C03,,,1,,10,,,43,43,1,22,,C03,120.649466,24.120316,3
2022,3,22,17,30,臺中市,西屯區,0,0,0,8,,,40,,,,,,,,,,,,,,,23,,,,,A12,,,1,,1,,,23,23,1,22,,A12,120.639414,24.188611,3
2022,3,22,17,34,臺中市,西屯區,0,0,0,8,,,50,,,,,,,,,,,,,,,23,,,,,B03,,,1,,1,,,23,23,1,22,,B03,120.621643,24.186369,3
2022,3,22,17,35,臺中市,烏日區,0,2,0,8,1,5,50,4,1,1,5,4,5,7,1,1,10,5,5,2,16,25,2,9,1,1,C03,7,9,1,10,2,14,,25,25,1,21,8,C03,120.625741,24.110485,2
2022,3,22,17,43,臺中市,大里區,0,1,0,8,3,5,50,4,1,1,5,4,5,7,1,1,5,4,5,1,11,8,3,10,1,1,B03,7,5,1,8,2,5,,8,8,1,21,1,B03,120.677904,24.114977,2
2022,3,22,17,43,臺中市,西屯區,0,1,0,8,1,5,40,14,7,1,5,4,5,7,4,4,1,4,4,2,16,43,2,9,3,4,C03,7,8,1,10,2,14,,43,43,1,22,8,C03,120.6368,24.154913,2
2022,3,22,17,49,臺中市,北區,0,2,0,8,2,5,50,4,1,1,5,4,5,7,1,1,5,5,5,2,16,19,2,9,1,1,C03,7,1,1,10,2,14,,19,19,1,21,8,C03,120.676172,24.150283,2
2022,3,22,17,54,臺中市,北屯區,0,1,0,8,1,5,50,14,9,1,5,4,5,7,4,4,1,4,5,2,13,23,2,9,1,1,C03,7,9,4,8,2,11,,23,23,1,21,8,C03,120.684927,24.168885,2
2022,3,22,17,56,臺中市,南屯區,0,0,0,,,,50,,,,,,,,,,,,,,,42,,,,,B03,,,1,,1,,,42,42,1,22,,B03,120.622574,24.145113,3
2022,3,22,17,56,臺中市,大里區,0,2,0,8,2,5,60,4,2,1,5,4,5,7,1,1,1,2,4,1,13,23,2,9,1,1,C03,7,9,1,10,2,11,,23,23,1,22,1,C03,120.67985,24.104361,2
2022,3,22,18,1,臺中市,北屯區,0,1,0,7,3,5,50,14,9,1,5,4,5,7,4,4,1,4,5,2,18,23,2,9,1,1,C03,7,9,1,10,2,14,,23,23,1,22,1,C03,120.68638,24.172211,2
2022,3,22,18,1,臺中市,北區,0,0,0,8,3,5,50,14,9,1,5,4,5,7,4,4,10,5,5,2,13,23,,,,,B03,,,1,,1,,,23,23,1,22,,B03,120.682929,24.165354,3
2022,3,22,18,2,臺中市,南屯區,0,0,0,8,,,40,,,,,,,,,,,,,,,23,,,,,B03,,,1,,1,,,23,23,1,22,,B03,120.62591,24.11384,3
2022,3,22,18,5,臺中市,西區,0,2,0,7,1,5,50,4,1,1,5,4,5,7,1,1,1,5,1,2,12,7,2,9,3,4,C03,7,9,1,10,2,14,,44,7,1,21,8,C03,120.659578,24.156911,2
2022,3,22,18,6,臺中市,西區,0,2,0,8,2,5,50,3,1,1,5,4,5,7,4,4,10,5,5,2,17,6,2,9,1,1,F03,7,5,8,20,2,16,,6,6,1,5,7,F03,120.674347,24.141316,2
2022,3,22,18,9,臺中市,太平區,0,0,0,8,,,50,,,,,,,,,,,,,,,23,,,,,C03,,,1,,1,,,23,23,1,18,,C03,120.733309,24.142238,3
2022,3,22,18,10,臺中市,北區,0,0,0,8,,,50,,,,,,,,,,,,,,,23,,,,,B02,,,1,,2,,,23,23,1,22,,B02,120.685506,24.145825,3
2022,3,22,18,12,臺中市,霧峰區,0,1,0,8,3,5,50,14,9,1,5,4,5,7,1,1,9,5,4,1,13,23,3,10,1,1,B03,7,9,1,8,2,1,,23,23,1,22,8,B03,120.698668,24.06423,2
2022,3,22,18,15,臺中市,南屯區,0,0,0,,,,50,,,,,,,,,,,,,,,23,,,,,B03,,,1,,1,,,23,23,1,4,,B03,120.646778,24.152754,3
2022,3,22,18,21,臺中市,南屯區,0,0,0,8,,,40,,,,,,,,,,,,,,,12,,,,,B12,,,1,,1,,,12,12,1,22,,B12,120.637395,24.143494,3
2022,3,22,18,25,臺中市,龍井區,0,2,0,8,3,5,50,3,1,1,5,4,5,7,4,4,10,4,4,2,17,23,2,7,1,4,C03,7,9,1,10,2,11,,23,23,1,22,8,C03,120.588266,24.180981,2
2022,3,22,18,27,臺中市,西屯區,0,1,0,8,1,5,50,4,1,1,5,4,5,7,1,1,4,3,4,2,18,42,2,9,1,1,C03,7,9,1,10,2,12,,42,42,1,22,8,C03,120.638482,24.177331,2
2022,3,22,18,30,臺中市,南屯區,0,0,0,8,,,50,,,,,,,,,,,,,,,23,,,,,B11,,,1,,2,,,23,23,1,22,,B11,120.612659,24.138868,3
2022,3,22,18,34,臺中市,大里區,0,1,0,8,3,5,60,14,12,1,5,4,5,7,4,4,1,4,4,1,12,16,2,7,1,1,C03,7,9,1,10,2,11,,16,16,1,21,1,C03,120.681527,24.104649,2
2022,3,22,18,34,臺中市,南屯區,0,1,0,8,3,5,40,4,1,1,5,4,5,7,1,1,10,5,5,2,16,25,3,10,3,4,B03,7,6,1,8,2,2,,25,25,1,22,8,B03,120.623136,24.149943,2
2022,3,22,18,37,臺中市,梧棲區,0,0,0,8,,,40,,,,,,,,,,,,,,,12,,,,,B03,,,1,,2,,,12,12,1,22,,B03,120.544391,24.247345,3
2022,3,22,18,50,臺中市,西屯區,0,1,0,8,3,5,80,14,9,1,5,4,5,7,4,4,1,4,5,2,13,23,3,10,3,4,B03,7,9,6,18,2,1,,23,23,1,22,8,B03,120.635451,24.182038,2
2022,3,22,18,57,臺中市,西屯區,0,0,0,8,,,80,,,,,,,,,,,,,,,43,,,,,B03,,,1,,2,,,43,43,1,22,,B03,120.634383,24.177166,3
2022,3,22,19,0,臺中市,沙鹿區,0,1,0,8,3,5,60,14,9,1,5,4,5,7,2,1,1,4,5,1,17,7,3,10,1,1,B12,7,8,1,7,2,5,,7,7,1,9,8,B12,120.606244,24.247281,2
2022,3,22,19,3,臺中市,新社區,0,0,0,8,,,15,,,,,,,,,,,,,,,13,,,,,C03,,,1,,2,,,13,13,1,22,,C03,120.82544,24.204203,3
2022,3,22,19,4,臺中市,西屯區,0,1,0,8,3,8,1,15,20,1,5,4,5,7,4,4,10,5,5,2,9,67,2,9,3,4,H01,8,16,8,20,10,16,,67,67,1,22,8,H01,120.6406,24.168396,2
2022,3,22,19,10,臺中市,清水區,0,1,0,8,1,5,50,3,7,1,5,4,5,7,1,1,5,4,4,2,13,23,2,8,1,1,C03,7,9,1,10,2,11,,23,23,1,21,8,C03,120.606628,24.267118,2
2022,3,22,19,17,臺中市,太平區,0,0,0,8,,,50,,,,,,,,,,,,,,,12,,,,,C03,,,1,,9,,,12,12,1,4,,C03,120.718205,24.12912,3
2022,3,22,19,22,臺中市,南屯區,0,0,0,,,,50,,,,,,,,,,,,,,,26,,,,,B03,,,1,,1,,,26,26,1,22,,B03,120.653217,24.144061,3
2022,3,22,19,30,臺中市,北區,0,1,0,8,3,5,50,4,1,1,5,4,5,7,1,1,10,5,5,2,15,25,3,10,1,1,C04,7,9,1,10,3,12,,25,25,1,22,8,C04,120.670545,24.165155,2
2022,3,22,19,30,臺中市,大雅區,0,0,0,6,,,50,,,,,,,,,,,,,,,23,,,,,B12,,,,,,,,23,23,1,,,B12,120.650297,24.24368,3
2022,3,22,19,32,臺中市,西屯區,0,1,0,8,3,5,50,4,1,1,5,4,5,7,1,1,4,3,5,2,18,42,2,9,1,1,C03,7,9,1,10,2,14,,42,42,1,22,8,C03,120.648058,24.167711,2
2022,3,22,19,42,臺中市,西區,0,0,0,8,3,5,50,4,1,1,5,4,5,7,4,4,1,5,5,2,13,23,,,,,B03,,,1,,1,,,23,23,1,21,,B03,120.66007,24.157458,3
2022,3,22,19,56,臺中市,大里區,0,0,0,8,,,50,,,,,,,,,,,,,,,23,,,,,B03,,,1,,2,,,23,23,1,22,,B03,120.666615,24.108923,3
2022,3,22,20,26,臺中市,大里區,0,1,0,8,3,5,60,4,1,1,5,4,5,7,2,1,1,4,4,1,17,25,2,9,1,1,C03,7,9,1,10,2,12,,25,25,1,22,8,C03,120.674543,24.102821,2
2022,3,22,20,27,臺中市,龍井區,0,0,0,8,,,30,,,,,,,,,,,,,,,23,,,,,B03,,,1,,1,,,23,23,1,22,,B03,120.583371,24.178736,3
2022,3,22,20,30,臺中市,西屯區,0,1,0,8,3,5,50,14,9,1,5,4,5,7,4,4,5,5,5,2,16,26,3,10,1,1,B03,7,11,1,8,2,8,,26,26,1,22,8,B03,120.589725,24.178063,2
2022,3,22,20,34,臺中市,西屯區,0,0,0,,,,50,,,,,,,,,,,,,,,23,,,,,B03,,,1,,2,,,23,23,1,22,,B03,120.66195,24.165277,3