年,月,日,時,分,縣市,區,死,受傷,2-30,天候,光線,道路類別,速限,道路型態,事故位置,路面鋪裝,路面狀態,路面缺陷,障礙物,視距,號誌種類,號誌動作,分向設施,快車道或一般車道間,快慢車道間,路面邊線,事故類型及型態,主要肇因,受傷程度,主要傷處,保護裝備,行動電話,當事者區分,車輛用途,當事者行動狀態,駕駛資格情形,駕駛執照種類,飲酒情形,車輛撞擊部位最初,車輛撞擊部位其他,肇事因素個別,肇事因素主要,肇事逃逸,職業,旅次目的,車種,GPS緯度,GPS經度,事故類別
2022,3,22,20,36,臺中市,西屯區,0,1,0,8,3,5,40,14,8,1,5,4,5,7,4,4,5,5,4,2,17,23,2,9,1,1,B03,7,9,1,8,1,5,,23,23,1,21,8,B03,120.656571,24.195865,2
2022,3,22,20,39,臺中市,西區,0,1,0,8,1,5,50,3,1,1,5,4,5,7,4,4,10,5,5,2,16,9,3,10,1,1,B03,7,6,1,8,2,2,,9,9,1,21,8,B03,120.658872,24.156,2
2022,3,22,20,45,臺中市,神岡區,0,2,0,7,3,5,50,4,1,1,5,4,5,7,4,4,5,4,5,2,17,6,2,9,1,1,B03,7,5,1,8,2,2,,6,6,1,12,8,B03,120.660167,24.271773,2
2022,3,22,20,56,臺中市,南區,0,2,0,8,3,5,50,14,8,1,5,4,5,7,4,4,3,4,4,2,17,42,2,9,1,1,C03,7,9,3,18,2,12,,42,42,1,22,8,C03,120.653261,24.117031,2
2022,3,22,21,20,臺中市,東區,0,1,0,8,3,5,50,4,18,1,5,4,5,6,1,1,5,5,5,2,1,15,3,10,1,1,B03,7,5,1,8,2,1,,15,15,1,22,8,B03,120.699058,24.127208,2
2022,3,22,21,27,臺中市,大里區,0,0,0,8,,,60,,,,,,,,,,,,,,,42,,,,,B03,,,1,,2,,,42,42,1,22,,B03,120.691298,24.100606,3
2022,3,22,21,30,臺中市,霧峰區,0,1,0,8,3,5,50,3,4,1,5,4,5,7,1,1,10,5,5,2,16,23,3,10,1,1,B03,7,1,1,8,2,5,,23,23,1,4,8,B03,120.691608,24.042838,2
2022,3,22,21,33,臺中市,北屯區,0,0,0,8,,,50,,,,,,,,,,,,,,,43,,,,,B02,,,1,,1,,,43,43,1,22,,B02,120.686661,24.191796,3
2022,3,22,21,45,臺中市,南屯區,0,0,0,8,,,80,,,,,,,,,,,,,,,35,,,,,B11,,,,,1,,,35,35,1,5,,B11,120.619953,24.128512,3
2022,3,22,21,55,臺中市,梧棲區,0,1,0,8,3,5,30,14,9,1,5,4,1,7,4,4,10,5,5,2,29,43,,,,,,,,,,,,,67,43,1,,,,120.556131,24.239565,2
2022,3,22,22,0,臺中市,潭子區,0,1,0,8,4,7,80,14,9,1,5,4,5,7,4,4,3,4,5,1,12,17,3,10,1,1,A22,7,9,1,1,2,5,,17,17,1,22,8,A22,120.711547,24.200599,2
2022,3,22,22,21,臺中市,北區,0,0,0,8,,,50,,,,,,,,,,,,,,,7,,,,,B03,,,1,,2,,,7,7,1,5,,B03,120.668095,24.162861,3
2022,3,22,22,30,臺中市,霧峰區,0,2,0,8,3,5,50,3,1,1,5,4,5,7,3,1,10,5,5,2,16,6,3,10,1,1,B03,7,6,1,8,2,6,,6,6,1,5,8,B03,120.69763,24.056393,2
2022,3,22,23,5,臺中市,北屯區,0,1,0,8,3,5,50,4,1,1,5,4,5,7,1,1,10,5,5,2,16,6,3,10,1,1,B02,7,5,1,8,2,1,,6,6,1,21,8,B02,120.713678,24.16108,2
2022,3,22,23,32,臺中市,北區,0,1,0,6,3,5,50,4,1,1,4,4,5,7,1,1,10,5,5,2,17,23,2,9,1,1,C03,7,9,1,10,2,14,,23,23,1,22,9,C03,120.676475,24.159496,2
2022,3,22,23,36,臺中市,中區,0,0,0,6,,,50,,,,,,,,,,,,,,,23,,,,,B03,,,1,,2,,,23,23,1,5,,B03,120.679878,24.146234,3
2022,3,22,23,38,臺中市,大甲區,0,1,0,7,3,5,50,4,1,1,4,4,5,7,4,4,5,5,5,1,18,43,2,9,1,1,C03,7,9,1,10,2,14,,43,43,1,22,1,C03,120.61957,24.347896,2
2022,3,23,0,41,臺中市,北區,0,2,0,6,3,5,50,4,2,1,4,4,5,7,1,1,10,5,5,2,17,23,3,10,1,1,B01,7,9,1,4,2,1,,23,23,1,10,8,B01,120.668193,24.156437,2
2022,3,23,4,5,臺中市,西屯區,0,1,0,6,3,5,60,14,9,1,4,4,5,7,4,4,1,4,5,2,16,43,3,10,3,4,B03,7,15,1,8,6,15,,43,43,1,22,8,B03,120.626858,24.177436,2
2022,3,23,5,2,臺中市,太平區,0,0,0,,,,40,,,,,,,,,,,,,,,12,,,,,B02,,,1,,2,6,,12,12,1,22,,B02,120.716451,24.141816,3
2022,3,23,6,35,臺中市,潭子區,0,0,0,6,,,60,,,,,,,,,,,,,,,43,,,,,,,,,,,,,43,43,1,,,,120.708649,24.231206,3
2022,3,23,6,43,臺中市,北區,0,1,0,6,1,5,50,14,9,1,4,4,5,7,4,4,1,4,5,2,17,44,3,10,1,1,B03,7,1,1,8,2,7,,44,44,1,22,9,B03,120.674666,24.173498,2
2022,3,23,6,56,臺中市,沙鹿區,0,0,0,8,,,60,,,,,,,,,,,,,,,7,,,,,B03,,,1,,2,,,7,7,1,2,,B03,120.59745,24.250007,3
2022,3,23,7,0,臺中市,西屯區,0,1,0,6,1,5,40,14,8,1,4,4,5,7,4,4,5,5,4,2,29,43,2,9,3,4,B03,7,11,1,8,1,4,,43,43,1,22,8,B03,120.64304,24.196333,2
2022,3,23,7,2,臺中市,西屯區,0,0,0,,,,60,,,,,,,,,,,,,,,23,,,,,B03,,,1,,1,,,23,23,1,22,,B03,120.634696,24.180169,3
2022,3,23,7,12,臺中市,梧棲區,0,0,0,6,,,60,,,,,,,,,,,,,,,26,,,,,B03,,,1,,2,,,26,26,1,21,,B03,120.534615,24.246471,3
2022,3,23,7,13,臺中市,西區,0,1,0,6,1,5,50,3,1,1,4,4,5,7,4,4,10,5,5,2,16,6,3,10,1,1,B12,7,5,1,8,2,2,,6,6,1,21,8,B12,120.663023,24.158036,2
2022,3,23,7,13,臺中市,石岡區,0,0,0,6,,,50,,,,,,,,,,,,,,,23,,,,,B03,,,1,,2,,,23,23,1,21,,B03,120.81322,24.253795,3
2022,3,23,7,23,臺中市,潭子區,0,1,0,6,1,5,50,4,1,1,4,4,5,7,1,1,5,4,4,1,16,6,3,10,1,1,B03,7,5,1,8,2,4,,6,6,1,22,8,B03,120.700616,24.214152,2
2022,3,23,7,26,臺中市,西屯區,0,1,0,6,1,5,50,14,9,1,4,4,5,7,4,4,1,5,5,2,13,16,2,8,1,1,C03,7,9,1,10,1,11,,16,16,1,22,8,C03,120.629802,24.17135,2
2022,3,23,7,27,臺中市,龍井區,0,1,0,6,1,5,30,4,2,1,4,4,5,7,4,4,3,4,4,2,16,6,2,9,1,1,C03,7,5,1,10,2,13,,6,6,1,21,1,C03,120.526801,24.195704,2
2022,3,23,7,30,臺中市,神岡區,0,1,0,6,1,5,50,3,1,1,4,4,5,7,4,4,10,5,5,1,17,5,3,10,1,1,B03,7,9,1,8,2,4,,5,5,1,12,8,B03,120.665396,24.266849,2
2022,3,23,7,30,臺中市,大雅區,0,1,0,6,1,5,50,14,9,1,4,4,5,7,4,4,1,4,5,1,16,6,3,10,1,1,B03,7,6,1,8,2,2,,6,6,1,22,9,B03,120.670519,24.216297,2
2022,3,23,7,32,臺中市,西區,0,0,0,6,,,50,,,,,,,,,,,,,,,19,,,,,B03,,,1,,1,,,19,19,1,22,,B03,120.653449,24.153734,3
2022,3,23,7,33,臺中市,西區,0,0,0,6,,,50,,,,,,,,,,,,,,,12,,,,,B03,,,1,,1,,,12,12,1,22,,B03,120.660674,24.152481,3
2022,3,23,7,34,臺中市,梧棲區,0,0,0,8,,,40,,,,,,,,,,,,,,,12,,,,,B03,,,1,,2,,,12,12,1,21,,B03,120.538681,24.249161,3
2022,3,23,7,35,臺中市,東區,0,0,0,,,,,,,,,,,,,,,,,,,43,,,,,,,,,,,,,43,43,1,,,,120.691035,24.145468,3
2022,3,23,7,37,臺中市,西屯區,0,1,0,6,1,5,50,4,1,1,4,4,5,7,1,1,10,5,5,2,11,44,3,10,1,1,B03,7,5,1,8,2,1,,44,44,1,22,8,B03,120.647259,24.15979,2
2022,3,23,7,40,臺中市,中區,0,1,0,6,1,5,40,4,2,1,4,4,5,7,1,1,5,5,4,2,12,23,2,9,1,1,C03,7,9,1,10,2,12,,23,23,1,21,8,C03,120.679285,24.14731,2
2022,3,23,7,40,臺中市,太平區,0,1,0,6,1,5,50,3,1,1,4,4,5,7,4,4,5,5,5,1,13,16,3,10,1,1,C03,7,9,1,10,1,11,,16,16,1,21,8,C03,120.732463,24.137618,2
2022,3,23,7,40,臺中市,南區,0,2,0,6,1,5,50,4,1,1,4,4,5,7,1,1,10,5,5,2,17,16,2,8,1,1,C03,7,9,1,10,2,12,,16,16,1,22,8,C03,120.650183,24.120658,2
2022,3,23,7,45,臺中市,大里區,0,0,0,6,1,5,50,14,9,1,4,4,5,7,4,4,1,4,5,1,13,16,,,,,B03,,,1,,2,,,16,16,1,5,,B03,120.685214,24.096501,3
2022,3,23,7,46,臺中市,北屯區,0,0,0,6,,,50,,,,,,,,,,,,,,,19,,,,,B03,,,1,,1,,,19,19,1,21,,B03,120.691133,24.175115,3
2022,3,23,7,49,臺中市,神岡區,0,1,0,6,1,5,50,3,1,1,4,4,5,7,1,1,10,5,5,2,17,6,3,10,3,4,B03,7,5,1,8,2,2,,6,6,1,22,9,B03,120.662215,24.257886,2
2022,3,23,7,50,臺中市,豐原區,0,3,0,6,1,5,50,14,9,1,4,4,5,7,4,4,5,5,5,1,17,42,2,9,3,4,C03,7,9,1,10,2,14,,42,42,1,22,1,C03,120.719896,24.262038,2
2022,3,23,7,51,臺中市,神岡區,0,1,0,6,1,5,50,3,1,1,4,4,5,7,1,1,5,4,4,2,17,1,3,10,1,1,B12,7,4,1,8,2,2,,1,1,1,12,8,B12,120.695685,24.239701,2
2022,3,23,7,52,臺中市,大里區,0,1,0,6,1,5,30,4,1,1,4,4,5,7,4,4,10,5,5,2,16,6,2,9,1,1,C03,7,9,1,10,2,11,,6,6,1,22,9,C03,120.699018,24.087828,2
2022,3,23,7,54,臺中市,西區,0,0,0,6,1,5,50,3,2,1,4,4,5,7,4,4,10,4,5,2,12,19,,,,,B03,,,1,,1,,,19,19,1,22,,B03,120.676869,24.136444,3
2022,3,23,7,55,臺中市,西區,0,1,0,6,1,5,50,4,1,1,4,4,5,7,4,4,10,5,5,2,15,6,2,9,3,4,B03,7,9,1,8,2,2,,6,6,1,22,5,B03,120.667419,24.138836,2
2022,3,23,7,55,臺中市,西屯區,0,2,0,6,1,5,50,4,1,1,4,4,5,7,1,1,9,4,4,2,17,44,3,10,1,1,B03,7,5,1,8,2,15,,44,44,1,12,8,B03,120.64006,24.160378,2
2022,3,23,7,56,臺中市,西屯區,0,1,0,6,1,5,40,14,8,1,4,4,5,7,4,4,9,5,4,2,18,43,2,9,3,4,C03,7,9,1,10,1,14,,43,43,1,22,8,C03,120.626944,24.184418,2
2022,3,23,7,58,臺中市,梧棲區,0,1,0,6,1,5,40,14,9,1,4,4,5,7,4,4,8,3,4,1,16,7,3,10,1,1,B03,7,7,1,8,2,8,,7,7,1,21,8,B03,120.532491,24.259691,2
2022,3,23,7,59,臺中市,北區,0,0,0,6,,,50,,,,,,,,,,,,,,,26,,,,,B03,,,3,,11,,,26,26,1,22,,B03,120.686122,24.154761,3
2022,3,23,8,0,臺中市,西屯區,0,1,0,6,1,5,50,14,9,1,4,4,5,7,4,4,5,4,5,2,17,42,3,10,1,1,C03,7,13,1,10,9,13,,44,42,1,22,8,C03,120.651049,24.157577,2
2022,3,23,8,0,臺中市,神岡區,0,0,0,8,,,30,,,,,,,,,,,,,,,12,,,,,B03,,,1,,2,,,12,12,1,22,,B03,120.655876,24.282181,3
2022,3,23,8,0,臺中市,神岡區,0,2,0,6,1,5,30,3,1,1,4,4,5,7,4,4,10,5,5,1,17,6,2,9,4,5,F01,7,5,8,20,2,16,,6,6,1,12,8,F01,120.683361,24.244571,2
2022,3,23,8,1,臺中市,后里區,0,0,0,6,1,5,50,14,8,1,4,4,5,7,4,4,6,3,4,2,13,16,3,10,1,1,B03,7,9,1,8,1,1,,16,16,1,22,8,B03,120.715445,24.320876,3
2022,3,23,8,2,臺中市,西區,0,0,0,6,,,50,,,,,,,,,,,,,,,23,,,,,B03,,,1,,2,,,23,23,1,22,,B03,120.658636,24.159249,3
2022,3,23,8,2,臺中市,北屯區,0,0,0,6,,,50,,,,,,,,,,,,,,,7,,,,,B03,,,1,,1,,,7,7,1,5,,B03,120.697962,24.170428,3
2022,3,23,8,5,臺中市,沙鹿區,0,0,0,6,,,60,,,,,,,,,,,,,,,16,,,,,B01,,,1,,2,,,16,16,1,10,,B01,120.60079,24.249871,3
2022,3,23,8,8,臺中市,北屯區,0,0,0,6,,,50,,,,,,,,,,,,,,,19,,,,,B03,,,1,,2,,,19,19,1,22,,B03,120.683057,24.186453,3
2022,3,23,8,12,臺中市,西屯區,0,1,0,6,1,5,50,14,9,1,4,4,5,7,4,4,10,5,5,2,16,19,3,10,1,1,B03,7,1,1,8,2,8,,19,19,1,22,8,B03,120.639786,24.160275,2
2022,3,23,8,12,臺中市,西屯區,0,1,0,6,1,5,30,3,1,1,4,4,5,7,4,4,10,5,5,2,17,43,3,10,1,1,B03,7,5,1,8,2,15,,43,43,1,22,8,B03,120.645024,24.166685,2
2022,3,23,8,13,臺中市,南屯區,0,0,0,6,,,40,,,,,,,,,,,,,,,17,,,,,B03,,,1,8,9,,,17,17,1,12,,B03,120.624782,24.145346,3
2022,3,23,8,15,臺中市,霧峰區,0,2,0,6,1,5,60,3,1,1,4,4,5,7,1,1,10,5,5,2,16,6,2,3,1,1,B03,7,5,1,6,2,5,,6,6,1,22,8,B03,120.691926,24.042729,2
2022,3,23,8,20,臺中市,東勢區,0,1,0,6,1,5,50,4,2,1,4,4,5,7,1,1,10,5,5,2,16,25,3,10,1,1,C03,7,5,1,10,2,11,,25,25,1,5,8,C03,120.82986,24.257155,2
2022,3,23,8,22,臺中市,西屯區,0,0,0,6,,,50,,,,,,,,,,,,,,,23,,,,,B03,,,1,,2,,,23,23,1,22,,B03,120.647555,24.16827,3
2022,3,23,8,22,臺中市,西屯區,0,1,0,6,1,5,30,14,9,1,4,4,5,7,4,4,10,5,5,2,11,43,3,10,1,1,B03,7,9,1,8,2,4,,43,43,1,22,8,B03,120.640748,24.205232,2
2022,3,23,8,25,臺中市,大雅區,0,0,0,6,,,50,,,,,,,,,,,,,,,19,,,,,B03,,,1,,2,,,19,19,1,22,,B03,120.66601,24.21677,3
2022,3,23,8,27,臺中市,西屯區,0,0,0,6,,,40,,,,,,,,,,,,,,,23,,,,,B03,,,1,,1,,,23,23,1,22,,B03,120.65715,24.200755,3
2022,3,23,8,30,臺中市,中區,0,2,0,6,1,5,50,3,1,1,4,4,5,7,4,4,10,5,5,2,16,42,2,9,1,1,C03,7,5,1,10,2,14,,42,42,1,21,8,C03,120.680386,24.148892,2
2022,3,23,8,32,臺中市,北屯區,0,0,0,6,,,50,,,,,,,,,,,,,,,42,,,,,A11,,,1,,1,,,42,42,1,10,,A11,120.672525,24.178044,3
2022,3,23,8,33,臺中市,西區,0,0,0,6,1,5,50,14,7,1,4,4,5,7,4,4,3,4,2,2,12,7,,,,,B03,,,1,,1,,,7,7,1,22,,B03,120.669801,24.150724,3
2022,3,23,8,35,臺中市,西區,0,1,0,6,1,5,50,4,1,1,4,4,5,7,1,3,10,5,5,2,15,6,3,10,3,4,B03,7,9,1,8,2,1,,6,6,1,22,5,B03,120.66758,24.147875,2
2022,3,23,8,38,臺中市,潭子區,0,0,0,6,1,5,60,3,1,1,4,4,5,7,1,1,1,4,4,1,13,23,3,10,1,1,B03,7,9,1,8,2,1,,23,23,1,22,8,B03,120.705353,24.213282,3
2022,3,23,8,39,臺中市,西屯區,0,1,0,6,1,5,50,14,7,1,4,4,5,7,4,4,5,5,4,2,16,23,2,9,1,1,C03,7,9,1,10,2,14,,23,23,1,4,8,C03,120.629837,24.183528,2
2022,3,23,8,44,臺中市,北區,0,0,0,6,,,50,,,,,,,,,,,,,,,4,,,,,B03,,,1,,2,,,4,4,1,21,,B03,120.670508,24.16044,3
2022,3,23,8,45,臺中市,大里區,0,0,0,6,,,50,,,,,,,,,,,,,,,23,,,,,B03,,,1,,2,,,23,23,1,4,,B03,120.688578,24.111276,3
2022,3,23,8,45,臺中市,沙鹿區,0,1,0,6,1,5,60,3,1,1,4,4,5,7,2,1,10,5,5,2,16,26,3,10,1,1,B12,7,6,1,8,2,15,,26,26,1,6,5,B12,120.556112,24.212822,2
2022,3,23,8,50,臺中市,東區,0,1,0,6,1,5,50,3,1,1,4,4,5,7,2,1,10,5,5,2,17,6,3,10,1,1,B03,7,5,1,8,2,15,,6,6,1,22,8,B03,120.694453,24.151108,2
2022,3,23,8,50,臺中市,太平區,0,0,0,,,,50,,,,,,,,,,,,,,,12,,,,,B12,,,1,,2,,,12,12,1,4,,B12,120.71316,24.15571,3
2022,3,23,8,53,臺中市,大雅區,0,1,0,6,1,5,50,14,9,1,4,4,5,7,4,4,5,5,5,1,16,19,3,10,1,1,B03,7,1,1,8,2,8,,19,19,1,22,9,B03,120.656642,24.239671,2
2022,3,23,8,54,臺中市,西區,0,2,0,6,1,5,30,4,1,1,4,4,5,7,4,4,10,5,5,2,15,6,2,9,1,1,C03,7,9,1,10,2,12,,6,6,1,22,8,C03,120.669012,24.146108,2
2022,3,23,8,55,臺中市,南屯區,0,0,0,,,,50,,,,,,,,,,,,,,,13,,,,,B03,,,1,,2,,,13,13,1,12,,B03,120.603996,24.146567,3
2022,3,23,8,59,臺中市,西屯區,0,1,0,6,1,5,50,14,9,1,4,4,5,7,4,4,9,5,5,2,12,23,2,9,3,4,A12,7,9,1,7,2,1,,23,23,1,22,8,A12,120.625863,24.180546,2
2022,3,23,9,2,臺中市,西屯區,0,1,0,6,1,5,80,14,9,1,4,4,5,7,4,4,1,5,5,2,13,16,3,10,1,1,B12,7,9,1,8,2,1,,16,16,1,22,8,B12,120.645641,24.195469,2
2022,3,23,9,5,臺中市,大里區,0,1,0,6,1,5,40,14,16,1,4,4,5,7,4,4,10,5,5,1,13,23,3,10,1,1,A41,7,9,1,1,2,1,,23,23,1,22,8,A41,120.675958,24.085715,2
2022,3,23,9,8,臺中市,北屯區,0,1,0,6,1,5,50,4,1,1,4,4,5,7,1,1,10,5,5,2,15,25,2,9,1,1,C03,7,9,1,10,2,11,,25,25,1,21,8,C03,120.687063,24.16802,2
2022,3,23,9,10,臺中市,大里區,0,1,0,6,1,5,30,14,13,1,4,4,5,7,4,4,1,4,5,1,14,12,3,10,1,1,B03,7,2,1,8,2,3,,12,12,1,5,8,B03,120.679486,24.11089,2
2022,3,23,9,10,臺中市,南屯區,0,0,0,6,,,50,,,,,,,,,,,,,,,43,,,,,B03,,,1,,2,,,43,43,1,22,,B03,120.625,24.149166,3
2022,3,23,9,10,臺中市,東勢區,0,1,0,6,1,5,60,4,1,1,4,4,5,7,3,1,10,5,5,2,17,6,3,10,1,1,B12,7,9,1,8,2,4,,6,6,1,22,8,B12,120.833903,24.23981,2
2022,3,23,9,23,臺中市,北屯區,0,0,0,6,,,40,,,,,,,,,,,,,,,16,,,,,B03,,,1,,1,,,16,16,1,21,,B03,120.721889,24.185178,3
2022,3,23,9,29,臺中市,北屯區,0,2,0,6,1,5,50,4,1,1,4,4,5,7,1,1,1,2,5,2,18,25,2,8,1,1,C03,7,9,1,10,2,14,,25,25,1,22,8,C03,120.720621,24.169998,2
2022,3,23,9,30,臺中市,西屯區,0,0,0,6,,,50,,,,,,,,,,,,,,,23,,,,,B03,,,1,,1,,,23,23,1,12,,B03,120.657101,24.170156,3
2022,3,23,9,30,臺中市,南區,0,0,0,6,,,50,,,,,,,,,,,,,,,16,,,,,B03,,,1,,2,,,16,16,1,22,,B03,120.655161,24.115282,3
2022,3,23,9,38,臺中市,梧棲區,0,0,0,6,1,5,50,3,1,1,4,4,5,7,4,4,10,5,5,2,16,6,3,10,1,1,B03,7,5,1,8,2,2,,6,6,1,20,8,B03,120.536582,24.252512,3
2022,3,23,9,47,臺中市,沙鹿區,0,2,0,6,1,5,40,14,8,1,4,4,5,7,4,4,1,4,3,1,17,19,3,10,1,1,C03,7,1,1,10,2,13,,19,19,1,18,8,C03,120.576886,24.225319,2
2022,3,23,9,49,臺中市,西屯區,0,1,0,6,1,5,50,14,9,1,4,4,5,7,4,4,1,4,5,2,13,23,2,9,1,1,C03,7,9,1,10,2,11,,23,23,1,22,8,C03,120.647583,24.168313,2
2022,3,23,9,49,臺中市,西區,0,1,0,6,1,5,50,4,1,1,4,4,5,7,4,4,10,5,5,2,15,6,2,9,1,1,C03,7,9,1,10,2,12,,6,6,1,21,8,C03,120.66018,24.152542,2
2022,3,23,9,50,臺中市,潭子區,0,0,0,6,,,30,,,,,,,,,,,,,,,1,,,,,C02,,,1,,2,,,1,1,1,22,,C02,120.719642,24.219946,3
2022,3,23,9,50,臺中市,西屯區,0,0,0,8,,,40,,,,,,,,,,,,,,,16,,,,,B03,,,1,,1,,,16,16,1,22,,B03,120.629143,24.163829,3
2022,3,23,9,52,臺中市,西區,0,1,0,6,1,5,50,4,1,1,4,4,5,7,1,1,10,5,5,2,17,6,3,10,3,4,B12,7,6,1,7,2,2,,6,6,1,22,5,B12,120.67419,24.148405,2
2022,3,23,9,59,臺中市,烏日區,0,1,0,6,1,5,40,14,20,1,4,4,5,7,4,4,1,4,4,2,19,42,2,9,1,1,C03,7,15,1,10,2,11,14,42,42,1,22,8,C03,120.638412,24.113537,2
2022,3,23,10,4,臺中市,南屯區,0,0,0,,,,50,,,,,,,,,,,,,,,12,,,,,B03,,,1,,1,,,12,12,1,22,,B03,120.650478,24.150649,3
2022,3,23,10,8,臺中市,烏日區,0,1,0,6,1,5,50,5,1,1,4,4,5,7,4,4,5,5,5,1,18,23,2,9,1,1,C03,7,9,1,10,2,11,14,23,23,1,22,8,C03,120.651384,24.049322,2
2022,3,23,10,12,臺中市,清水區,0,1,0,6,1,5,40,5,1,1,4,4,5,7,4,4,10,5,5,2,14,12,3,10,1,1,B03,7,2,1,8,2,7,,12,12,1,5,5,B03,120.571091,24.290895,2
2022,3,23,10,27,臺中市,北屯區,0,0,0,6,,,30,,,,,,,,,,,,,,,23,,,,,B03,,,1,,9,,,23,23,1,5,,B03,120.666287,24.179538,3
2022,3,23,10,38,臺中市,北屯區,0,1,0,6,1,5,50,4,1,1,4,2,5,7,2,1,10,5,5,2,18,23,2,9,1,1,C03,7,9,1,10,2,14,,23,23,1,21,8,C03,120.707586,24.182061,2
2022,3,23,10,41,臺中市,北區,0,0,0,6,,,50,,,,,,,,,,,,,,,23,,,,,B03,,,,,1,,,23,23,1,22,,B03,120.667808,24.162874,3
2022,3,23,10,50,臺中市,北區,0,1,0,6,1,5,50,4,1,1,4,4,5,7,4,4,5,5,5,2,15,6,2,8,1,1,C03,7,9,1,10,2,12,,6,6,1,21,8,C03,120.671739,24.168767,2
2022,3,23,10,52,臺中市,太平區,0,1,0,6,1,5,50,4,1,1,4,4,5,7,2,1,10,5,5,2,18,42,2,7,1,1,C03,7,9,1,10,2,12,,42,42,1,3,8,C03,120.719227,24.159371,2
2022,3,23,10,58,臺中市,太平區,0,0,0,6,,,30,,,,,,,,,,,,,,,40,,,,,B12,,,1,,1,,,40,40,1,21,,B12,120.716139,24.143601,3
2022,3,23,11,9,臺中市,西區,0,1,0,6,1,5,30,4,1,1,4,4,5,7,4,4,10,5,5,2,15,6,2,9,3,4,C03,7,9,1,10,2,12,,6,6,1,22,8,C03,120.660858,24.149694,2
2022,3,23,11,9,臺中市,潭子區,0,0,0,6,1,5,50,3,2,1,4,4,5,7,1,1,5,4,5,1,13,23,3,10,1,1,B03,7,9,1,8,2,1,,23,23,1,22,8,B03,120.723152,24.215076,3
2022,3,23,11,20,臺中市,北區,0,0,0,,,,30,,,,,,,,,,,,,,,16,,,,,B03,,,1,,2,,,16,16,1,5,,B03,120.668708,24.155886,3
2022,3,23,11,21,臺中市,豐原區,0,1,0,6,1,5,50,3,8,1,4,4,5,7,4,4,5,4,4,2,16,6,3,10,1,1,C03,7,5,4,11,9,15,,6,6,1,22,8,C03,120.707892,24.246457,2
2022,3,23,11,29,臺中市,西屯區,0,0,0,6,,,1,,,,,,,,,,,,,,,12,,,,,B03,,,1,,1,,,12,12,1,22,,B03,120.603884,24.16238,3
2022,3,23,11,35,臺中市,霧峰區,0,0,0,6,,,60,,,,,,,,,,,,,,,23,,,,,C03,,,1,,2,,,23,23,2,22,,C03,120.695039,24.063768,3
2022,3,23,11,42,臺中市,西屯區,0,1,0,6,1,5,50,14,8,1,4,4,5,7,4,4,9,4,4,2,16,26,3,10,1,1,B03,7,11,1,8,2,2,,26,26,1,12,8,B03,120.637335,24.178198,2
2022,3,23,11,46,臺中市,西區,0,0,0,6,1,5,50,4,1,1,4,4,5,7,1,1,5,5,5,2,13,16,,,,,B12,,,1,,1,,,16,16,1,21,,B12,120.665271,24.149036,3
2022,3,23,11,47,臺中市,大雅區,0,1,0,6,1,5,50,3,1,1,4,4,5,7,1,1,3,4,5,1,16,26,3,10,1,1,B12,7,6,1,8,2,2,,26,26,1,22,8,B12,120.63649,24.234846,2
2022,3,23,11,48,臺中市,西區,0,0,0,6,,,50,,,,,,,,,,,,,,,23,,,,,B03,,,1,,1,,,23,23,1,21,,B03,120.657755,24.154637,3
2022,3,23,11,50,臺中市,烏日區,0,0,0,6,,,30,,,,,,,,,,,,,,,12,,,,,B12,,,1,,2,,,12,12,1,22,,B12,120.634113,24.106822,3
2022,3,23,11,51,臺中市,北區,0,1,0,6,1,5,50,14,8,1,4,4,5,7,4,4,10,5,5,2,16,10,3,10,1,1,B03,7,11,1,8,1,5,,10,10,1,22,8,B03,120.678872,24.155904,2
2022,3,23,11,59,臺中市,北區,0,1,0,6,1,5,50,5,1,1,4,4,5,7,2,1,10,5,5,2,18,23,2,9,1,1,C03,7,9,1,10,2,14,,23,23,1,22,8,C03,120.686007,24.154424,2
2022,3,23,12,0,臺中市,大里區,0,1,0,6,1,5,50,14,9,1,4,4,5,7,4,4,5,5,5,1,13,16,2,8,1,1,C03,7,9,1,8,2,11,,16,16,1,22,8,C03,120.707518,24.111608,2
2022,3,23,12,2,臺中市,西區,0,1,0,6,1,5,50,4,1,1,4,4,5,7,4,4,10,5,5,2,3,15,3,10,1,1,C03,7,9,1,10,2,12,,15,15,1,22,9,C03,120.65947,24.146708,2
2022,3,23,12,5,臺中市,大里區,0,1,0,6,1,5,30,4,13,1,4,4,5,7,1,1,1,2,4,1,14,12,3,10,1,1,B03,7,2,1,8,2,3,,12,12,1,5,8,B03,120.682171,24.104548,2
2022,3,23,12,6,臺中市,東區,0,2,0,6,1,5,50,14,7,1,4,4,5,7,4,4,9,4,4,2,16,26,2,9,1,1,C03,7,5,1,10,2,11,,26,26,1,22,8,C03,120.708427,24.149232,2
2022,3,23,12,6,臺中市,烏日區,0,2,0,6,1,5,30,4,1,1,4,4,5,7,4,4,10,5,5,2,15,6,2,9,1,1,C03,7,9,4,8,2,12,,6,6,1,21,8,C03,120.636392,24.07424,2