年,月,日,時,分,縣市,區,死,受傷,2-30,天候,光線,道路類別,速限,道路型態,事故位置,路面鋪裝,路面狀態,路面缺陷,障礙物,視距,號誌種類,號誌動作,分向設施,快車道或一般車道間,快慢車道間,路面邊線,事故類型及型態,主要肇因,受傷程度,主要傷處,保護裝備,行動電話,當事者區分,車輛用途,當事者行動狀態,駕駛資格情形,駕駛執照種類,飲酒情形,車輛撞擊部位最初,車輛撞擊部位其他,肇事因素個別,肇事因素主要,肇事逃逸,職業,旅次目的,車種,GPS緯度,GPS經度,事故類別
2022,3,25,7,53,臺中市,潭子區,0,1,0,7,1,5,30,4,1,1,5,4,5,7,3,1,5,4,5,2,15,6,2,9,1,1,C03,7,9,1,10,2,11,,6,6,1,22,8,C03,120.701819,24.193309,2
2022,3,25,7,57,臺中市,沙鹿區,0,1,0,7,1,5,50,4,1,1,4,4,5,7,4,4,10,5,5,2,17,6,3,10,1,1,B03,7,5,1,8,2,8,,6,6,1,9,8,B03,120.582028,24.214563,2
2022,3,25,7,57,臺中市,龍井區,0,0,0,8,,,50,,,,,,,,,,,,,,,67,,,,,,,,,,,,,67,67,1,,,,120.584736,24.183637,3
2022,3,25,7,59,臺中市,北屯區,0,2,0,8,1,5,40,5,1,1,5,4,5,7,2,1,10,5,5,2,16,6,2,9,1,1,C03,7,6,1,10,2,12,13,6,6,1,5,8,C03,120.688626,24.163011,2
2022,3,25,8,0,臺中市,烏日區,0,1,0,8,1,5,50,4,1,1,5,4,5,7,2,1,10,5,5,2,16,25,2,9,1,1,C03,7,9,1,10,2,11,,25,25,1,21,8,C03,120.625728,24.110459,2
2022,3,25,8,0,臺中市,北區,0,1,0,8,1,5,40,3,18,1,5,4,5,7,1,1,10,5,5,2,3,52,2,9,4,5,H01,8,18,8,20,10,16,,52,52,1,22,8,H01,120.672026,24.155728,2
2022,3,25,8,0,臺中市,南屯區,0,0,0,8,,,50,,,,,,,,,,,,,,,43,,,,,B03,,,1,,9,,,43,43,1,22,,B03,120.615024,24.153753,3
2022,3,25,8,5,臺中市,龍井區,0,0,0,8,,,50,,,,,,,,,,,,,,,23,,,,,B03,,,1,,1,,,23,23,1,22,,B03,120.592658,24.181513,3
2022,3,25,8,5,臺中市,北屯區,0,1,0,8,1,5,50,4,1,1,5,4,5,7,2,1,10,5,5,2,16,25,3,10,1,1,B03,7,5,1,8,2,2,,25,25,1,21,8,B03,120.704808,24.169497,2
2022,3,25,8,7,臺中市,北屯區,0,0,0,8,,,50,,,,,,,,,,,,,,,26,,,,,C03,,,6,,9,,,26,26,1,5,,C03,120.676303,24.201226,3
2022,3,25,8,11,臺中市,西屯區,0,0,0,8,,,50,,,,,,,,,,,,,,,23,,,,,B12,,,1,,1,,,23,23,1,22,,B12,120.576788,24.221191,3
2022,3,25,8,15,臺中市,大雅區,0,0,0,8,,,30,,,,,,,,,,,,,,,17,,,,,B12,,,1,,2,,,17,17,1,22,,B12,120.654705,24.211953,3
2022,3,25,8,17,臺中市,霧峰區,0,0,0,8,1,5,50,3,1,1,5,4,5,7,3,1,10,5,5,2,16,3,,,,,B02,,,1,,2,,,3,3,1,3,,B02,120.697669,24.057188,3
2022,3,25,8,18,臺中市,南屯區,0,0,0,8,,,40,,,,,,,,,,,,,,,7,,,,,B03,,,1,,1,,,7,7,1,22,,B03,120.622822,24.146415,3
2022,3,25,8,19,臺中市,南屯區,0,2,0,8,1,5,50,4,2,1,5,4,5,7,2,1,10,5,4,2,16,8,2,9,1,4,C03,7,5,1,10,2,12,,8,8,1,22,8,C03,120.612764,24.13896,2
2022,3,25,8,21,臺中市,沙鹿區,0,0,0,8,,,30,,,,,,,,,,,,,,,5,,,,,A12,,,1,,2,,,5,5,1,10,,A12,120.585917,24.220382,3
2022,3,25,8,23,臺中市,后里區,0,1,0,7,2,5,50,14,9,1,5,4,5,7,4,4,9,5,5,1,16,8,3,10,1,1,C03,7,5,1,10,2,14,,8,8,1,22,8,C03,120.699638,24.300257,2
2022,3,25,8,35,臺中市,西屯區,0,0,0,8,,,50,,,,,,,,,,,,,,,17,,,,,B03,,,1,,2,,,17,17,1,22,,B03,120.659633,24.20111,3
2022,3,25,8,37,臺中市,南區,0,2,0,8,1,5,40,4,1,1,5,4,5,7,4,4,10,5,5,2,15,6,2,9,1,1,C03,7,9,1,10,2,14,,6,6,1,22,8,C03,120.675231,24.129238,2
2022,3,25,8,47,臺中市,潭子區,0,0,0,8,1,5,50,14,13,1,5,4,5,7,4,4,5,4,5,1,12,23,3,10,1,1,B03,7,9,1,8,2,5,,23,23,1,22,8,B03,120.72143,24.197557,3
2022,3,25,8,53,臺中市,太平區,0,1,0,8,1,5,50,4,2,1,5,4,5,7,4,4,1,2,5,2,16,1,2,9,3,4,C03,7,4,1,10,2,14,,1,1,1,9,8,C03,120.712585,24.145859,2
2022,3,25,8,55,臺中市,南屯區,0,0,0,8,,,50,,,,,,,,,,,,,,,60,,,,,H03,,,8,,10,,,60,60,1,22,,H03,120.597872,24.155393,3
2022,3,25,9,2,臺中市,南屯區,0,0,0,8,1,5,50,14,8,1,5,4,5,7,4,4,5,4,4,2,13,23,,,,,B03,,,1,,1,,,23,23,1,22,,B03,120.652974,24.153933,3
2022,3,25,9,9,臺中市,南屯區,0,1,0,8,1,5,50,14,8,1,5,4,5,7,4,4,10,5,4,2,13,23,3,10,1,4,C03,7,9,1,10,2,11,,23,23,1,22,8,C03,120.6071,24.137411,2
2022,3,25,9,15,臺中市,西區,0,0,0,8,,,30,,,,,,,,,,,,,,,18,,,,,B03,,,1,,1,,,18,18,1,21,,B03,120.65635,24.152367,3
2022,3,25,9,19,臺中市,西區,0,0,0,8,1,5,50,4,2,1,5,4,5,7,1,1,3,4,4,2,13,16,,,,,B03,,,1,,1,,,16,16,1,22,,B03,120.659727,24.157289,3
2022,3,25,9,42,臺中市,大肚區,0,1,0,8,1,5,30,3,1,1,5,4,5,7,4,4,10,5,5,2,16,6,3,10,1,1,B03,7,5,1,8,2,1,,6,6,1,2,8,B03,120.577494,24.11448,2
2022,3,25,9,49,臺中市,東勢區,0,2,0,8,1,5,40,3,2,1,5,4,5,7,1,1,1,4,4,1,13,23,2,9,1,1,C03,7,9,1,10,2,11,,23,23,1,21,8,C03,120.833136,24.24441,2
2022,3,25,9,50,臺中市,西屯區,0,0,0,8,,,30,,,,,,,,,,,,,,,23,,,,,B03,,,1,,1,,,23,23,1,22,,B03,120.646272,24.179824,3
2022,3,25,9,52,臺中市,潭子區,0,1,0,8,1,5,50,4,2,1,5,4,5,7,1,1,3,4,4,1,15,25,3,10,1,1,B12,7,9,1,8,2,6,,25,25,1,22,8,B12,120.690061,24.224983,2
2022,3,25,9,53,臺中市,南屯區,0,0,0,8,,,50,,,,,,,,,,,,,,,17,,,,,B12,,,1,,2,,,17,17,1,10,,B12,120.628593,24.152066,3
2022,3,25,9,54,臺中市,外埔區,0,0,0,8,1,5,50,14,13,1,5,4,5,7,4,4,5,5,5,1,17,42,3,10,4,1,G02,7,9,8,20,2,1,,42,42,1,21,8,G02,120.704208,24.34518,3
2022,3,25,9,56,臺中市,霧峰區,0,1,0,8,1,5,40,3,2,1,5,4,5,7,1,1,5,5,5,1,17,26,3,10,3,4,C03,7,9,1,10,2,11,,26,26,1,12,8,C03,120.71388,24.075356,2
2022,3,25,9,56,臺中市,南屯區,0,0,0,8,1,5,50,4,2,1,5,4,5,7,4,4,5,5,5,2,12,23,,,,,B03,,,1,,2,,,23,23,1,22,,B03,120.651332,24.136204,3
2022,3,25,10,14,臺中市,西屯區,0,0,0,8,,,50,,,,,,,,,,,,,,,16,,,,,B01,,,1,,2,,,16,16,1,22,,B01,120.642025,24.160783,3
2022,3,25,10,16,臺中市,西屯區,0,2,0,8,1,5,50,4,1,1,5,4,5,7,1,1,10,5,5,2,11,44,2,9,1,1,C03,7,5,1,10,2,12,,44,44,1,22,8,C03,120.662268,24.177866,2
2022,3,25,10,20,臺中市,北屯區,0,1,0,8,1,5,50,14,8,1,5,4,5,7,4,4,1,4,4,2,13,16,2,9,1,1,C03,7,9,1,10,2,11,,16,16,1,22,8,C03,120.686271,24.191851,2
2022,3,25,10,26,臺中市,南屯區,0,0,0,8,,,50,,,,,,,,,,,,,,,42,,,,,B12,,,1,,2,,,42,42,1,5,,B12,120.633203,24.138731,3
2022,3,25,10,26,臺中市,西區,0,1,0,8,1,5,0,4,1,1,5,4,5,7,1,1,10,5,5,2,9,60,2,7,1,1,H03,8,20,8,20,10,16,,60,60,1,20,8,H03,120.673057,24.135892,2
2022,3,25,10,30,臺中市,南區,0,0,0,8,1,5,50,4,22,1,5,4,5,7,1,1,5,5,5,2,29,67,,,,,,,,,,,,,67,67,1,,,,120.656306,24.119625,3
2022,3,25,10,39,臺中市,大里區,0,1,0,8,1,5,50,14,9,1,5,4,5,7,4,4,9,5,4,1,29,44,2,7,1,1,C03,7,14,1,10,2,15,,44,44,1,3,8,C03,120.721964,24.092217,2
2022,3,25,10,40,臺中市,北屯區,0,1,0,8,1,5,50,3,1,1,5,4,5,7,2,1,10,5,5,2,18,23,2,9,1,1,C03,7,6,1,10,2,12,,23,23,1,5,8,C03,120.666038,24.186538,2
2022,3,25,10,40,臺中市,梧棲區,0,0,0,8,,,50,,,,,,,,,,,,,,,17,,,,,B03,,,1,,1,,,17,17,1,19,,B03,120.54156,24.256893,4
2022,3,25,10,40,臺中市,南屯區,0,1,0,8,1,5,30,3,1,1,5,4,5,7,4,4,10,5,5,2,16,6,2,9,1,1,C03,7,5,1,10,2,12,,6,6,1,22,9,C03,120.637132,24.141546,2
2022,3,25,10,44,臺中市,烏日區,0,0,0,8,,,50,,,,,,,,,,,,,,,23,,,,,B12,,,1,,2,,,23,23,1,5,,B12,120.607093,24.125489,3
2022,3,25,10,47,臺中市,東區,0,0,0,,,,50,,,,,,,,,,,,,,,23,,,,,B03,,,1,,2,,,23,23,1,22,,B03,120.697871,24.147814,3
2022,3,25,10,48,臺中市,龍井區,0,1,0,7,1,5,30,13,9,1,5,4,5,7,4,4,10,5,5,2,16,19,3,10,1,1,B12,7,1,1,8,2,1,,19,19,1,22,8,B12,120.587888,24.182236,2
2022,3,25,10,56,臺中市,北區,0,1,0,8,1,5,50,4,1,1,5,4,5,7,2,1,10,5,5,2,29,67,,,,,,,,,,,,,67,67,1,,,,120.684448,24.142379,2
2022,3,25,11,0,臺中市,東區,0,1,0,8,1,5,50,3,1,1,5,4,5,7,4,4,10,5,5,2,18,23,2,9,1,1,C03,7,9,1,10,2,12,,23,23,1,22,8,C03,120.699528,24.149537,2
2022,3,25,11,0,臺中市,大甲區,0,0,0,8,,,50,,,,,,,,,,,,,,,30,,,,,B12,,,1,,2,,,30,30,1,20,,B12,120.632791,24.354488,3
2022,3,25,11,4,臺中市,西屯區,0,2,0,8,1,5,40,14,8,1,5,4,5,7,4,4,1,5,1,2,3,23,2,9,1,1,C03,7,9,1,10,2,11,,23,23,1,21,8,C03,120.617152,24.181867,2
2022,3,25,11,5,臺中市,西區,0,1,0,8,1,5,50,3,1,1,5,4,5,7,4,4,9,5,5,1,18,14,2,9,1,1,C03,7,9,1,10,2,14,,14,14,1,21,8,C03,120.656789,24.144192,2
2022,3,25,11,7,臺中市,南屯區,0,0,0,8,,,0,,,,,,,,,,,,,,,19,,,,,B12,,,1,,1,,,19,19,1,5,,B12,120.63791,24.135071,3
2022,3,25,11,18,臺中市,西屯區,0,0,0,8,,,50,,,,,,,,,,,,,,,43,,,,,B11,,,1,,1,,,43,43,1,22,,B11,120.659549,24.19368,3
2022,3,25,11,19,臺中市,西區,0,0,0,8,1,5,50,4,2,1,5,4,5,7,1,1,10,4,5,2,34,17,,,,,B03,,,1,,2,,,17,17,1,22,,B03,120.679146,24.138606,3
2022,3,25,11,22,臺中市,豐原區,0,1,0,8,1,5,50,14,9,1,5,4,5,7,4,4,5,5,5,1,17,19,3,10,3,4,B12,7,1,1,8,2,8,,19,19,1,22,8,B12,120.729355,24.23918,2
2022,3,25,11,23,臺中市,后里區,0,0,0,8,1,5,60,14,13,1,5,4,5,7,4,4,1,4,4,1,12,17,,,,,B12,,,1,,1,,,17,17,1,21,,B12,120.723178,24.290252,3
2022,3,25,11,24,臺中市,北區,0,0,0,8,,,50,,,,,,,,,,,,,,,6,,,,,B03,,,1,,2,,,6,6,1,21,,B03,120.691936,24.157558,3
2022,3,25,11,31,臺中市,北區,0,0,0,8,,,50,,,,,,,,,,,,,,,42,,,,,B03,,,1,,2,,,42,42,1,22,,B03,120.677005,24.165436,3
2022,3,25,11,31,臺中市,北屯區,0,1,0,8,1,5,50,14,8,1,5,4,5,7,4,4,5,4,4,2,16,7,3,10,1,1,B03,7,8,1,8,2,5,,7,7,1,5,8,B03,120.709358,24.165426,2
2022,3,25,11,36,臺中市,大雅區,0,0,0,8,,,30,,,,,,,,,,,,,,,12,,,,,B12,,,1,,2,,,12,12,1,21,,B12,120.67575,24.211245,3
2022,3,25,11,41,臺中市,潭子區,0,0,0,8,1,5,60,4,1,1,5,4,5,7,1,1,1,4,4,1,13,16,3,10,1,1,B12,7,1,1,8,2,1,,16,16,1,22,8,B12,120.705022,24.207144,3
2022,3,25,11,43,臺中市,北區,0,2,0,8,1,5,50,4,1,1,5,4,5,7,4,4,9,5,5,2,17,23,2,9,1,1,C03,7,9,1,10,2,11,,23,23,1,22,8,C03,120.696844,24.152016,2
2022,3,25,11,45,臺中市,龍井區,0,1,0,8,1,5,60,4,1,1,5,4,5,7,2,1,10,5,5,2,16,26,3,10,1,1,B03,7,6,1,8,2,6,,26,26,1,22,8,B03,120.585601,24.18598,2
2022,3,25,11,50,臺中市,西區,0,1,0,8,1,5,40,14,8,1,5,4,5,7,4,4,5,5,4,2,13,16,2,8,3,4,C03,7,9,1,10,1,11,,16,16,1,21,8,C03,120.662807,24.155956,2
2022,3,25,11,55,臺中市,北區,0,1,0,8,1,5,40,14,7,1,5,4,1,7,4,4,1,4,4,2,16,7,2,7,1,1,F03,7,10,8,20,2,16,,7,7,1,21,8,F03,120.671064,24.1631,2
2022,3,25,11,57,臺中市,北屯區,0,1,0,8,1,5,50,4,1,1,5,4,5,7,1,1,10,5,5,2,12,8,2,8,1,1,F03,7,5,8,20,2,15,,8,8,1,16,8,F03,120.719125,24.174935,2
2022,3,25,12,13,臺中市,西屯區,0,1,0,8,1,5,50,4,1,1,5,4,5,7,1,1,10,5,5,2,12,43,3,10,1,1,B03,7,6,1,8,2,6,,43,43,1,22,8,B03,120.644091,24.171296,2
2022,3,25,12,16,臺中市,西屯區,0,0,0,8,,,50,,,,,,,,,,,,,,,26,,,,,C03,,,1,,1,,,26,26,1,22,,C03,120.616853,24.191295,3
2022,3,25,12,19,臺中市,北區,0,1,0,8,1,5,50,4,1,1,5,4,5,7,1,1,10,5,5,2,16,26,3,10,1,1,B03,7,6,1,8,2,5,,26,26,1,22,8,B03,120.68616,24.146227,2
2022,3,25,12,24,臺中市,大里區,0,1,0,8,1,5,50,4,1,1,5,4,5,7,4,4,10,5,5,1,15,6,3,10,1,1,B03,7,9,1,8,2,2,,6,6,1,5,8,B03,120.676352,24.102672,2
2022,3,25,12,32,臺中市,豐原區,0,0,0,8,,,60,,,,,,,,,,,,,,,26,,,,,B12,,,1,,2,,,26,26,1,22,,B12,120.737401,24.25098,3
2022,3,25,12,36,臺中市,南屯區,0,1,0,8,1,5,30,14,9,1,5,4,5,7,4,4,1,5,5,2,13,23,3,10,1,1,B02,7,9,1,8,2,5,,23,23,1,19,8,B02,120.62515,24.1447,2
2022,3,25,12,36,臺中市,北屯區,0,2,0,8,1,5,40,3,2,1,5,4,5,7,4,4,5,5,5,2,11,26,2,9,1,1,C03,7,3,1,10,2,14,11,26,26,1,5,8,C03,120.68594,24.192828,2
2022,3,25,12,42,臺中市,北區,0,1,0,8,1,5,50,14,7,1,5,4,5,7,4,4,1,4,5,2,17,40,3,10,1,1,B12,7,13,1,8,2,4,,40,40,1,22,8,B12,120.685051,24.167542,2
2022,3,25,12,55,臺中市,南屯區,0,1,0,8,1,5,50,4,1,1,5,4,5,7,1,1,5,4,5,2,16,17,3,10,1,1,B03,7,9,1,8,2,2,,17,17,1,22,9,B03,120.641451,24.138387,2
2022,3,25,13,7,臺中市,北區,0,1,0,8,1,5,30,4,1,1,5,4,5,7,4,4,10,5,5,2,16,6,2,9,1,1,C03,7,6,1,10,2,14,,6,6,1,21,8,C03,120.675153,24.171499,2
2022,3,25,13,13,臺中市,北區,0,1,0,8,1,5,50,14,9,1,5,4,5,7,4,4,5,5,5,2,27,43,2,9,1,1,C03,7,9,1,10,2,11,,43,43,1,22,8,C03,120.677228,24.150242,2
2022,3,25,13,17,臺中市,西屯區,0,0,0,8,,,40,,,,,,,,,,,,,,,44,,,,,B12,,,1,,2,,,44,44,1,22,,B12,120.645032,24.19652,3
2022,3,25,13,18,臺中市,南屯區,0,1,0,8,1,5,30,4,1,1,5,4,5,7,4,4,10,5,5,2,15,6,2,7,1,4,C03,7,9,1,10,2,11,,6,6,1,22,8,C03,120.63722,24.139284,2
2022,3,25,13,39,臺中市,西區,0,0,0,,,,50,,,,,,,,,,,,,,,42,,,,,C03,,,1,,11,,,42,42,1,5,,C03,120.671688,24.150354,3
2022,3,25,13,43,臺中市,西屯區,0,0,0,8,,,50,,,,,,,,,,,,,,,7,,,,,B03,,,1,,1,,,7,7,1,22,,B03,120.651422,24.159933,3
2022,3,25,13,55,臺中市,大里區,0,0,0,8,,,50,,,,,,,,,,,,,,,23,,,,,B03,,,1,,2,,,23,23,1,21,,B03,120.686331,24.110121,3
2022,3,25,14,0,臺中市,清水區,0,1,0,8,1,5,30,5,1,1,5,4,5,7,4,4,10,5,5,1,23,23,2,9,3,4,C03,7,5,1,10,2,11,,23,23,1,22,8,C03,120.577788,24.276691,2
2022,3,25,14,9,臺中市,潭子區,0,0,0,8,,,60,,,,,,,,,,,,,,,7,,,,,B03,,,1,,2,,,7,7,1,22,,B03,120.702461,24.195925,3
2022,3,25,14,10,臺中市,西區,0,0,0,8,,,50,,,,,,,,,,,,,,,40,,,,,B12,,,1,,1,,,40,40,1,21,,B12,120.661307,24.149021,3
2022,3,25,14,11,臺中市,豐原區,0,2,0,8,1,5,50,4,1,1,5,4,5,7,2,1,10,5,5,2,16,6,2,9,1,1,C03,7,5,1,10,2,13,,6,6,1,22,8,C03,120.71899,24.243455,2
2022,3,25,14,16,臺中市,北區,0,0,0,8,,,50,,,,,,,,,,,,,,,23,,,,,B01,,,1,,2,,,23,23,1,10,,B01,120.683673,24.157643,3
2022,3,25,14,16,臺中市,西區,0,1,0,8,1,5,40,14,9,1,5,4,5,7,4,4,10,5,5,2,17,26,2,1,3,4,B03,7,6,1,8,2,8,,26,26,1,21,8,B03,120.655052,24.140977,2
2022,3,25,14,20,臺中市,后里區,0,1,0,8,1,5,50,14,13,1,5,4,5,7,4,4,5,5,5,1,17,19,3,10,1,1,B03,7,1,1,8,2,4,,19,19,1,21,8,B03,120.687323,24.315148,2
2022,3,25,14,23,臺中市,西區,0,0,0,8,,,30,,,,,,,,,,,,,,,23,,,,,B03,,,1,,1,,,23,23,1,19,,B03,120.667307,24.148735,3
2022,3,25,14,25,臺中市,南屯區,0,0,0,8,,,50,,,,,,,,,,,,,,,23,,,,,B03,,,1,,1,,,23,23,1,22,,B03,120.637242,24.142503,3
2022,3,25,14,27,臺中市,西屯區,0,0,0,8,,,50,,,,,,,,,,,,,,,43,,,,,B03,,,1,,11,,,43,43,1,4,,B03,120.656458,24.19467,3
2022,3,25,14,29,臺中市,北區,0,1,0,8,1,5,50,14,7,1,5,4,5,7,4,4,9,5,5,2,17,40,3,10,1,1,B12,7,14,1,8,2,4,,40,40,1,22,8,B12,120.676923,24.153822,2
2022,3,25,14,30,臺中市,外埔區,0,1,0,8,1,5,30,4,9,1,5,4,5,7,4,4,10,5,5,2,26,13,3,10,1,1,B03,7,5,1,8,2,8,,13,13,1,21,8,B03,120.681858,24.33858,2
2022,3,25,14,32,臺中市,大里區,0,1,0,8,1,5,50,14,9,1,5,4,5,7,4,4,5,4,5,1,12,23,2,9,1,1,C03,7,9,1,10,2,12,,23,23,1,5,8,C03,120.674538,24.099661,2
2022,3,25,14,44,臺中市,大雅區,0,1,0,8,1,5,50,14,9,1,5,4,5,7,4,4,9,5,5,2,17,6,3,10,1,1,B12,7,11,1,8,2,8,,6,6,1,21,8,B12,120.647452,24.214361,2
2022,3,25,14,48,臺中市,西區,0,0,0,8,,,50,,,,,,,,,,,,,,,17,,,,,B03,,,1,,1,,,17,17,1,21,,B03,120.660186,24.146726,3
2022,3,25,15,7,臺中市,龍井區,0,0,0,8,,,30,,,,,,,,,,,,,,,12,,,,,B03,,,1,,11,,,12,12,2,22,,B03,120.59222,24.187568,3
2022,3,25,15,11,臺中市,西區,0,0,0,8,,,50,,,,,,,,,,,,,,,12,,,,,B03,,,1,,2,,,12,12,1,21,,B03,120.665432,24.144263,3
2022,3,25,15,14,臺中市,北區,0,3,0,8,1,5,50,3,18,1,5,4,5,7,3,1,1,3,5,2,3,7,2,9,1,1,C03,7,7,1,10,2,11,,7,7,1,5,8,C03,120.687119,24.154153,2
2022,3,25,15,18,臺中市,北區,0,1,0,8,1,5,50,14,9,1,5,4,5,7,4,4,5,4,5,2,16,26,3,10,1,1,B03,7,11,1,8,2,1,,26,26,1,22,8,B03,120.68094,24.158806,2
2022,3,25,15,26,臺中市,西屯區,0,1,0,8,1,5,30,14,9,1,5,4,5,7,4,4,10,5,5,2,16,23,2,8,3,4,C03,7,9,1,10,2,12,,23,23,1,22,8,C03,120.644863,24.178588,2
2022,3,25,15,29,臺中市,大里區,0,0,0,8,,,50,,,,,,,,,,,,,,,42,,,,,B02,,,1,,2,,,42,42,1,22,,B02,120.714736,24.102425,3
2022,3,25,15,30,臺中市,北屯區,0,1,0,8,1,5,50,4,1,1,5,4,5,7,4,4,10,5,5,2,16,6,2,2,1,1,C03,7,5,1,10,2,12,14,6,6,1,5,8,C03,120.693361,24.165176,2
2022,3,25,15,37,臺中市,南屯區,0,0,0,8,,,50,,,,,,,,,,,,,,,23,,,,,B03,,,1,,2,,,23,23,1,22,,B03,120.607583,24.126834,3
2022,3,25,15,40,臺中市,大安區,0,1,0,8,1,5,60,4,1,1,5,4,5,7,1,1,1,4,5,1,16,6,3,10,1,1,B03,7,5,1,3,3,6,,6,6,1,9,8,B03,120.585571,24.360811,2
2022,3,25,15,40,臺中市,西屯區,0,0,0,8,,,50,,,,,,,,,,,,,,,42,,,,,A11,,,1,,1,,,42,42,1,1,,A11,120.659038,24.201139,3
2022,3,25,15,48,臺中市,東區,0,0,0,,,,30,,,,,,,,,,,,,,,23,,,,,B03,,,1,,2,,,23,23,1,5,,B03,120.690555,24.132681,3
2022,3,25,15,54,臺中市,西屯區,0,1,0,8,1,5,50,14,8,1,5,4,5,7,4,4,1,4,4,2,16,43,3,10,1,1,A11,7,9,1,7,2,5,,43,43,1,22,8,A11,120.624551,24.182455,2
2022,3,25,15,54,臺中市,霧峰區,0,1,0,8,1,5,50,4,1,1,5,4,5,7,4,4,10,5,5,2,15,6,2,9,1,1,C03,7,9,1,10,2,11,,6,6,1,4,8,C03,120.713133,24.078254,2
2022,3,25,15,56,臺中市,清水區,0,1,0,8,1,5,50,4,1,1,5,4,5,7,3,2,10,5,5,2,15,43,2,9,3,4,C03,7,9,1,10,2,11,,43,43,1,22,8,C03,120.560537,24.278533,2
2022,3,25,16,0,臺中市,北區,0,0,0,8,,,50,,,,,,,,,,,,,,,23,,,,,B03,,,1,,2,,,23,23,1,22,,B03,120.684343,24.162896,3
2022,3,25,16,2,臺中市,大里區,0,0,0,8,,,50,,,,,,,,,,,,,,,23,,,,,B03,,,1,,2,,,23,23,1,22,,B03,120.679381,24.106981,3
2022,3,25,16,4,臺中市,神岡區,0,0,0,8,,,30,,,,,,,,,,,,,,,12,,,,,B12,,,1,,11,,,12,12,1,21,,B12,120.68029,24.264315,3
2022,3,25,16,7,臺中市,大里區,0,0,0,8,,,50,,,,,,,,,,,,,,,8,,,,,B02,,,1,,2,,,8,8,1,5,,B02,120.676805,24.104651,3
2022,3,25,16,11,臺中市,中區,0,0,0,8,,,50,,,,,,,,,,,,,,,7,,,,,B03,,,1,,2,,,7,7,1,21,,B03,120.681796,24.144577,3
2022,3,25,16,11,臺中市,東勢區,0,1,0,8,1,5,40,14,8,1,5,4,5,7,4,4,1,4,4,1,13,16,3,10,1,1,C03,7,9,1,10,2,11,,16,16,1,16,8,C03,120.824873,24.256285,2
2022,3,25,16,12,臺中市,東勢區,0,1,0,8,1,5,50,3,1,1,5,4,5,7,4,4,10,5,5,1,13,23,3,10,1,1,B03,7,14,1,8,2,8,,23,23,1,21,8,B03,120.833166,24.25108,2
2022,3,25,16,15,臺中市,潭子區,0,0,0,8,,,40,,,,,,,,,,,,,,,43,,,,,,,,,,,,,43,43,1,,,,120.690446,24.225215,3
2022,3,25,16,17,臺中市,西屯區,0,0,0,8,,,50,,,,,,,,,,,,,,,23,,,,,B03,,,1,,1,,,23,23,1,22,,B03,120.624261,24.185545,3
2022,3,25,16,25,臺中市,龍井區,0,1,0,8,1,5,30,4,1,1,5,4,5,7,4,4,10,5,5,2,16,6,3,10,1,1,B03,7,9,1,8,2,7,,6,6,1,22,8,B03,120.58627,24.180966,2
2022,3,25,16,30,臺中市,南屯區,0,0,0,,,,50,,,,,,,,,,,,,,,23,,,,,B03,,,1,,2,,,23,23,1,4,,B03,120.638303,24.151664,3
2022,3,25,16,35,臺中市,南屯區,0,0,0,8,,,40,,,,,,,,,,,,,,,12,,,,,B12,,,1,,1,,,12,12,1,22,,B12,120.626802,24.151601,3
2022,3,25,16,36,臺中市,后里區,0,0,0,8,1,5,30,14,9,1,5,4,5,7,4,4,10,5,5,1,14,12,3,10,1,1,B03,7,2,1,8,1,3,,12,12,1,21,8,B03,120.666005,24.308658,3
2022,3,25,16,46,臺中市,沙鹿區,0,0,0,8,,,30,,,,,,,,,,,,,,,5,,,,,C03,,,3,,11,,,5,5,1,11,,C03,120.585942,24.220376,3
2022,3,25,16,50,臺中市,北屯區,0,1,0,8,1,5,50,14,7,1,5,4,5,7,4,4,5,5,4,2,16,19,3,10,1,1,B03,7,1,1,8,2,8,,19,19,1,5,8,B03,120.740941,24.178893,2
2022,3,25,16,50,臺中市,神岡區,0,3,0,8,1,5,50,14,7,1,5,4,5,7,4,4,5,5,4,2,17,42,2,9,1,1,C03,7,15,1,10,2,13,,42,42,1,21,8,C03,120.704503,24.261653,2
2022,3,25,16,51,臺中市,大里區,0,1,0,8,1,5,50,4,1,1,5,4,5,7,1,1,10,5,5,2,15,25,2,9,1,1,C03,7,9,1,10,2,12,,25,25,1,20,9,C03,120.697947,24.090001,2
2022,3,25,16,52,臺中市,北區,0,0,0,8,,,50,,,,,,,,,,,,,,,23,,,,,B03,,,4,,2,,,23,23,1,22,,B03,120.665554,24.153803,3
2022,3,25,16,56,臺中市,沙鹿區,0,1,0,8,1,5,50,3,2,1,5,4,5,7,4,4,5,4,5,2,16,6,3,10,1,1,B03,7,5,1,8,2,4,,6,6,1,4,8,B03,120.565944,24.243355,2