年,月,日,時,分,縣市,區,死,受傷,2-30,天候,光線,道路類別,速限,道路型態,事故位置,路面鋪裝,路面狀態,路面缺陷,障礙物,視距,號誌種類,號誌動作,分向設施,快車道或一般車道間,快慢車道間,路面邊線,事故類型及型態,主要肇因,受傷程度,主要傷處,保護裝備,行動電話,當事者區分,車輛用途,當事者行動狀態,駕駛資格情形,駕駛執照種類,飲酒情形,車輛撞擊部位最初,車輛撞擊部位其他,肇事因素個別,肇事因素主要,肇事逃逸,職業,旅次目的,車種,GPS緯度,GPS經度,事故類別
2022,3,25,16,59,臺中市,太平區,0,1,0,8,1,5,50,14,9,1,5,4,5,7,4,4,5,5,5,2,16,26,3,10,1,1,B12,7,5,1,8,2,4,,26,26,1,21,8,B12,120.703491,24.121654,2
2022,3,25,17,2,臺中市,北區,0,1,0,8,1,5,50,4,1,1,5,4,5,7,1,1,10,5,5,2,15,25,3,10,1,1,B03,7,9,1,1,2,4,,25,25,1,22,8,B03,120.666058,24.162971,2
2022,3,25,17,4,臺中市,南屯區,0,0,0,8,,,50,,,,,,,,,,,,,,,18,,,,,B03,,,1,,2,,,18,18,1,22,,B03,120.642832,24.140733,3
2022,3,25,17,7,臺中市,東勢區,0,2,0,8,1,5,50,5,1,1,5,4,5,7,1,1,10,5,5,2,16,23,3,10,1,1,C03,7,6,1,10,2,13,,23,23,1,5,8,C03,120.832556,24.246545,2
2022,3,25,17,8,臺中市,大里區,0,2,0,8,1,5,50,14,8,1,5,4,5,7,4,4,5,5,4,1,16,6,2,8,1,1,C03,7,5,1,10,2,12,,6,6,1,22,8,C03,120.67591,24.102276,2
2022,3,25,17,12,臺中市,霧峰區,0,0,0,8,,,50,,,,,,,,,,,,,,,16,,,,,B03,,,1,,2,,,16,16,1,4,,B03,120.701548,24.075937,3
2022,3,25,17,14,臺中市,霧峰區,0,0,0,8,,,50,,,,,,,,,,,,,,,42,,,,,B03,,,1,,2,,,42,42,1,21,,B03,120.714708,24.07527,3
2022,3,25,17,15,臺中市,西屯區,0,1,0,8,1,5,50,3,1,1,5,4,5,7,1,1,3,5,5,2,12,19,3,10,1,1,B02,7,1,1,8,2,5,,19,19,1,22,8,B02,120.606824,24.1938,2
2022,3,25,17,16,臺中市,西區,0,0,0,,,,50,,,,,,,,,,,,,,,19,,,,,B03,,,1,,2,,,19,19,1,5,,B03,120.677707,24.136011,3
2022,3,25,17,18,臺中市,太平區,0,1,0,8,1,5,50,14,9,1,5,4,5,7,4,4,5,5,5,2,12,42,3,10,1,1,C03,7,9,1,10,1,11,,42,42,1,4,5,C03,120.710329,24.127361,2
2022,3,25,17,20,臺中市,潭子區,0,2,0,8,1,5,50,14,9,1,5,4,5,7,4,4,8,5,5,1,9,23,2,9,1,1,C03,7,9,1,10,2,11,,23,23,1,22,8,C03,120.700988,24.223098,2
2022,3,25,17,20,臺中市,潭子區,0,0,0,8,,,50,,,,,,,,,,,,,,,23,,,,,B03,,,1,,2,,,23,23,1,22,,B03,120.674491,24.203869,3
2022,3,25,17,24,臺中市,大里區,0,0,0,8,,,50,,,,,,,,,,,,,,,19,,,,,C03,,,1,,2,,,19,19,1,22,,C03,120.694831,24.091095,3
2022,3,25,17,25,臺中市,烏日區,0,0,0,8,,,50,,,,,,,,,,,,,,,6,,,,,B01,,,1,,2,,,6,6,1,22,,B01,120.624485,24.103682,3
2022,3,25,17,27,臺中市,霧峰區,0,1,0,8,3,5,40,4,1,1,5,4,5,7,1,1,10,5,5,2,16,6,3,10,1,1,B03,7,6,1,8,2,5,,6,6,1,22,8,B03,120.671186,24.043313,2
2022,3,25,17,33,臺中市,北屯區,0,1,0,8,1,5,50,4,1,1,5,4,5,7,2,1,10,5,5,2,16,6,3,10,1,1,B03,7,6,1,8,2,2,,6,6,1,21,8,B03,120.690805,24.182308,2
2022,3,25,17,34,臺中市,霧峰區,0,0,0,8,,,50,,,,,,,,,,,,,,,23,,,,,B03,,,1,,2,,,23,23,1,4,,B03,120.701156,24.07579,3
2022,3,25,17,36,臺中市,南屯區,0,0,0,8,,,50,,,,,,,,,,,,,,,17,,,,,B03,,,1,,1,,,17,17,1,22,,B03,120.630806,24.144948,3
2022,3,25,17,38,臺中市,神岡區,0,1,0,8,1,5,30,14,9,1,5,4,5,7,4,4,10,5,5,1,13,23,2,9,1,1,C03,7,9,1,10,2,11,,23,23,1,22,8,C03,120.692438,24.240607,2
2022,3,25,17,40,臺中市,東區,0,1,0,8,1,5,50,14,9,1,5,4,5,7,4,4,5,4,5,2,16,42,2,9,1,1,C03,7,15,1,10,2,12,,42,42,1,22,8,C03,120.700894,24.13236,2
2022,3,25,17,44,臺中市,大里區,0,1,0,8,2,5,50,3,1,1,5,4,5,7,1,1,10,5,5,2,16,6,2,8,1,1,B03,7,5,1,8,2,2,,6,6,1,21,9,B03,120.728106,24.091451,2
2022,3,25,17,45,臺中市,南屯區,0,0,0,8,,,50,,,,,,,,,,,,,,,23,,,,,B03,,,1,,1,,,23,23,1,22,,B03,120.63484,24.153378,3
2022,3,25,17,46,臺中市,龍井區,0,2,0,8,2,5,50,3,1,1,5,4,5,7,4,4,10,5,5,2,16,6,2,9,1,1,C03,7,5,4,8,2,12,,6,6,1,22,8,C03,120.585243,24.185066,2
2022,3,25,17,48,臺中市,大里區,0,0,0,8,,,50,,,,,,,,,,,,,,,16,,,,,B03,,,1,,2,,,16,16,1,5,,B03,120.681483,24.10601,3
2022,3,25,17,50,臺中市,沙鹿區,0,0,0,8,,,50,,,,,,,,,,,,,,,23,,,,,C03,,,1,,2,,,23,23,1,5,,C03,120.558611,24.232499,3
2022,3,25,17,52,臺中市,大里區,0,0,0,8,,,50,,,,,,,,,,,,,,,23,,,,,B03,,,1,,2,,,23,23,1,22,,B03,120.694186,24.109596,3
2022,3,25,17,53,臺中市,南屯區,0,0,0,,,,50,,,,,,,,,,,,,,,23,,,,,B03,,,1,,1,,,23,23,1,4,,B03,120.63439,24.15741,3
2022,3,25,17,56,臺中市,北屯區,0,2,0,8,1,5,50,4,1,1,5,4,5,7,4,4,5,5,4,2,15,6,2,9,1,1,B03,7,9,1,8,2,1,,6,6,1,22,8,B03,120.721732,24.174978,2
2022,3,25,18,0,臺中市,大甲區,0,1,0,8,1,5,50,14,9,1,5,4,5,7,4,4,5,5,5,1,29,44,2,9,1,1,C03,7,9,1,10,2,12,,44,44,1,4,1,C03,120.62038,24.350691,2
2022,3,25,18,1,臺中市,南屯區,0,0,0,8,,,60,,,,,,,,,,,,,,,23,,,,,B12,,,1,,1,,,23,23,1,22,,B12,120.638144,24.118989,3
2022,3,25,18,4,臺中市,北區,0,0,0,8,,,40,,,,,,,,,,,,,,,12,,,,,B03,,,1,,1,,,12,12,1,5,,B03,120.682002,24.163298,3
2022,3,25,18,10,臺中市,大雅區,0,1,0,8,3,5,50,14,8,1,4,4,5,7,1,1,9,4,4,1,17,23,3,10,1,1,B03,7,9,1,8,2,2,,23,23,1,22,9,B03,120.654213,24.229448,2
2022,3,25,18,11,臺中市,北屯區,0,1,0,8,3,5,30,3,1,1,5,4,5,7,4,4,10,5,5,2,16,6,2,9,1,1,C03,7,5,1,10,2,14,,6,6,1,4,8,C03,120.699545,24.167595,2
2022,3,25,18,15,臺中市,大里區,0,0,0,8,,,50,,,,,,,,,,,,,,,23,,,,,C03,,,1,,11,,,23,23,1,4,,C03,120.703431,24.091517,3
2022,3,25,18,21,臺中市,大里區,0,0,0,8,,,50,,,,,,,,,,,,,,,23,,,,,B12,,,1,,2,,,23,23,1,5,,B12,120.698736,24.113153,3
2022,3,25,18,23,臺中市,南屯區,0,0,0,8,,,50,,,,,,,,,,,,,,,6,,,,,A02,,,1,,,,,6,6,1,5,,A02,120.637279,24.147006,3
2022,3,25,18,27,臺中市,南屯區,0,0,0,8,,,50,,,,,,,,,,,,,,,16,,,,,B03,,,1,,1,,,16,16,1,9,,B03,120.61927,24.13975,3
2022,3,25,18,31,臺中市,大里區,0,0,0,8,,,50,,,,,,,,,,,,,,,12,,,,,B03,,,1,,2,,,12,12,1,21,,B03,120.698941,24.091447,3
2022,3,25,18,35,臺中市,豐原區,0,0,0,8,,,50,,,,,,,,,,,,,,,23,,,,,B03,,,1,,2,,,44,23,1,22,,B03,120.716156,24.251686,3
2022,3,25,18,37,臺中市,神岡區,0,0,0,8,,,50,,,,,,,,,,,,,,,23,,,,,B03,,,1,,1,,,23,23,1,22,,B03,120.671175,24.256595,3
2022,3,25,18,39,臺中市,北區,0,1,0,8,3,5,50,14,9,1,5,4,5,7,4,4,5,5,5,2,16,19,3,10,1,1,B03,7,1,1,8,2,8,,19,19,1,22,8,B03,120.675049,24.160407,2
2022,3,25,18,40,臺中市,南屯區,0,0,0,,,,40,,,,,,,,,,,,,,,7,,,,,B03,,,1,,1,,,7,7,1,4,,B03,120.623654,24.144759,3
2022,3,25,18,40,臺中市,豐原區,0,1,0,8,3,5,50,4,4,1,5,4,5,7,1,1,1,2,5,2,13,23,3,10,3,4,B03,7,9,1,8,2,1,,23,23,1,22,8,B03,120.727202,24.276438,2
2022,3,25,18,46,臺中市,清水區,0,2,0,8,3,5,50,3,7,1,5,4,5,7,1,1,5,5,4,2,13,23,2,7,1,1,C03,7,9,1,10,2,11,,23,23,1,5,5,C03,120.556773,24.266315,2
2022,3,25,18,46,臺中市,西屯區,0,1,0,8,3,5,30,3,2,1,5,4,5,7,4,4,10,5,5,2,17,42,2,9,1,1,C03,7,9,3,18,11,12,,42,42,1,8,8,C03,120.64433,24.17667,2
2022,3,25,18,50,臺中市,西屯區,0,0,0,8,,,40,,,,,,,,,,,,,,,16,,,,,B03,,,1,,1,,,16,16,1,22,,B03,120.630626,24.166625,3
2022,3,25,18,56,臺中市,霧峰區,0,1,0,8,3,5,50,4,1,1,5,4,5,7,1,1,10,5,5,2,16,6,3,10,1,1,B03,7,6,1,8,2,5,,6,6,1,22,8,B03,120.692851,24.058525,2
2022,3,25,18,56,臺中市,西屯區,0,1,0,8,3,5,35,3,1,1,5,4,5,7,4,4,1,5,1,2,17,6,3,10,3,4,B03,7,6,1,8,1,5,,6,6,1,22,8,B03,120.627973,24.176638,2
2022,3,25,19,1,臺中市,西屯區,0,0,0,8,,,40,,,,,,,,,,,,,,,17,,,,,B02,,,1,,1,,,17,17,1,22,,B02,120.644407,24.165791,3
2022,3,25,19,2,臺中市,北屯區,0,1,0,8,3,5,50,4,1,1,5,4,5,7,2,1,10,5,5,2,16,26,3,10,1,1,B03,7,6,1,7,2,6,,26,26,1,5,8,B03,120.72062,24.17465,2
2022,3,25,19,8,臺中市,南屯區,0,0,0,8,,,50,,,,,,,,,,,,,,,16,,,,,B03,,,1,,1,,,16,16,1,10,,B03,120.61738,24.14542,3
2022,3,25,19,12,臺中市,北屯區,0,1,0,8,3,5,50,14,9,1,5,4,5,7,4,4,5,4,5,2,13,23,2,9,1,1,C03,7,9,1,10,2,11,,23,23,1,22,8,C03,120.715707,24.165209,2
2022,3,25,19,14,臺中市,霧峰區,0,0,0,8,,,30,,,,,,,,,,,,,,,12,,,,,B12,,,1,,2,,,12,12,1,4,,B12,120.664878,24.064718,3
2022,3,25,19,14,臺中市,太平區,0,0,0,8,,,30,,,,,,,,,,,,,,,12,,,,,B03,,,1,,2,,,12,12,1,9,,B03,120.735314,24.124621,3
2022,3,25,19,18,臺中市,龍井區,1,2,0,8,3,5,50,12,9,1,5,4,5,7,4,4,5,5,5,1,10,21,1,9,1,4,C03,7,15,3,18,8,11,,21,21,1,22,8,C03,120.566358,24.179571,1
2022,3,25,19,19,臺中市,大里區,0,0,0,8,,,30,,,,,,,,,,,,,,,17,,,,,C03,,,1,,2,,,17,17,1,5,,C03,120.66686,24.105145,3
2022,3,25,19,20,臺中市,神岡區,0,2,0,8,4,5,50,3,1,1,5,4,5,7,1,1,5,5,4,2,16,19,2,7,1,1,C03,7,1,1,9,2,14,,19,19,1,21,8,C03,120.704318,24.261905,2
2022,3,25,19,22,臺中市,沙鹿區,0,1,0,8,3,5,50,4,1,1,5,4,5,7,2,1,10,5,5,2,17,42,2,8,1,1,C03,7,9,1,10,2,11,,23,42,1,22,8,C03,120.560836,24.241137,2
2022,3,25,19,34,臺中市,北區,0,2,0,8,3,5,50,14,8,1,5,4,5,7,4,4,3,4,4,2,17,23,2,3,1,1,C03,7,9,1,10,2,11,,23,23,1,22,8,C03,120.673013,24.168593,2
2022,3,25,19,36,臺中市,大里區,0,0,0,8,,,50,,,,,,,,,,,,,,,23,,,,,B03,,,1,,2,,,23,23,1,22,,B03,120.67952,24.095475,3
2022,3,25,20,4,臺中市,大里區,0,2,0,8,3,5,50,4,1,1,5,4,5,7,4,4,5,5,5,1,16,6,2,9,1,1,C03,7,5,1,10,2,12,,6,6,1,5,8,C03,120.686018,24.114903,2
2022,3,25,20,10,臺中市,霧峰區,0,0,0,8,,,60,,,,,,,,,,,,,,,2,,,,,B03,,,1,,2,,,2,2,1,21,,B03,120.6963,24.054327,3
2022,3,25,20,19,臺中市,南屯區,0,2,0,8,1,5,50,14,9,1,5,4,5,7,4,4,5,4,5,2,18,43,2,9,1,1,C03,7,9,1,10,11,14,,43,43,1,22,8,C03,120.647206,24.146738,2
2022,3,25,20,27,臺中市,南屯區,0,2,0,8,3,5,50,4,1,1,5,4,1,7,2,1,10,5,5,2,12,6,2,9,1,1,C03,7,9,1,10,2,12,,6,6,1,22,9,C03,120.636754,24.135748,2
2022,3,25,20,27,臺中市,豐原區,0,2,0,8,3,5,50,3,2,1,5,4,5,7,2,1,4,4,5,2,16,6,3,10,1,1,C03,7,6,1,10,2,12,,6,6,1,4,1,C03,120.723777,24.255769,2
2022,3,25,20,28,臺中市,大雅區,0,0,0,8,,,50,,,,,,,,,,,,,,,16,,,,,B12,,,1,,2,,,16,16,1,22,,B12,120.662924,24.219149,3
2022,3,25,20,33,臺中市,龍井區,0,2,0,8,1,5,40,12,9,1,5,4,5,7,4,4,9,5,5,1,12,26,3,10,1,1,B12,7,9,1,8,2,5,,26,26,1,5,8,B12,120.559078,24.185006,2
2022,3,25,20,36,臺中市,西屯區,0,0,0,8,,,1,,,,,,,,,,,,,,,19,,,,,C03,,,1,,1,,,19,19,1,22,,C03,120.639723,24.185225,3
2022,3,25,20,50,臺中市,北屯區,0,1,0,8,3,5,30,4,1,1,5,4,5,7,3,1,10,5,5,2,15,6,2,9,1,1,C03,7,9,1,10,2,12,14,6,6,1,5,8,C03,120.694568,24.188278,2
2022,3,25,20,50,臺中市,梧棲區,0,1,0,8,3,5,40,4,1,1,5,4,5,7,1,1,8,3,4,1,16,25,2,9,1,1,C03,7,5,1,10,2,12,,25,25,1,21,8,C03,120.539698,24.257595,2
2022,3,25,20,56,臺中市,北屯區,0,2,0,8,3,5,30,4,1,1,5,4,5,7,4,4,10,5,5,2,15,6,2,9,1,1,C03,7,9,1,10,2,11,,6,6,1,22,8,C03,120.665027,24.188988,2
2022,3,25,21,0,臺中市,沙鹿區,0,0,0,,,,50,,,,,,,,,,,,,,,7,,,,,B03,,,1,,2,,,7,7,1,4,,B03,120.565277,24.232453,3
2022,3,25,21,21,臺中市,北屯區,0,1,0,8,3,5,50,14,7,1,5,4,5,7,4,4,5,5,4,2,27,23,2,9,1,1,C03,7,9,1,10,2,11,,23,23,1,5,1,C03,120.710428,24.173416,2
2022,3,25,21,25,臺中市,大里區,0,0,0,8,3,5,30,14,9,1,5,4,5,7,4,4,10,5,5,2,14,12,3,10,1,1,B03,7,2,1,8,5,3,,12,12,1,22,8,B03,120.713918,24.085191,3
2022,3,25,21,33,臺中市,大雅區,0,1,0,8,3,5,50,5,18,1,5,4,5,7,1,1,1,4,4,1,3,15,3,10,1,1,B03,7,5,1,8,2,8,,15,15,1,22,9,B03,120.653648,24.221186,2
2022,3,25,21,42,臺中市,東區,0,1,0,7,3,5,50,14,9,1,5,4,5,7,4,4,5,5,5,2,16,10,3,10,1,1,B03,7,11,1,8,2,8,,10,10,1,22,8,B03,120.701615,24.138199,2
2022,3,25,21,50,臺中市,北區,0,0,0,8,,,30,,,,,,,,,,,,,,,23,,,,,B12,,,1,,1,,,23,23,1,22,,B12,120.689544,24.162205,3
2022,3,25,21,57,臺中市,南區,0,0,0,,,,50,,,,,,,,,,,,,,,7,,,,,B03,,,1,,2,,,7,7,1,22,,B03,120.683747,24.133311,3
2022,3,25,21,58,臺中市,北屯區,0,2,0,8,3,5,50,3,9,1,5,4,5,7,1,1,10,5,5,2,13,23,2,9,1,1,C03,7,9,1,10,2,11,,23,23,1,18,8,C03,120.697197,24.16947,2
2022,3,25,22,0,臺中市,霧峰區,0,1,0,8,3,5,40,14,9,1,5,4,5,7,4,4,9,5,5,1,27,23,2,9,3,4,C03,7,9,1,10,2,11,,23,23,1,21,5,C03,120.701837,24.078433,2
2022,3,25,22,11,臺中市,北區,0,2,0,8,3,5,50,3,1,1,5,4,5,7,2,1,10,5,5,2,16,10,3,10,1,1,B03,7,11,1,8,2,4,,10,10,1,22,9,B03,120.687169,24.148841,2
2022,3,25,22,14,臺中市,烏日區,0,0,0,8,,,50,,,,,,,,,,,,,,,12,,,,,B01,,,1,,,,,12,12,1,22,,B01,120.61615,24.11214,3
2022,3,25,22,17,臺中市,霧峰區,0,0,0,8,,,40,,,,,,,,,,,,,,,23,,,,,B03,,,1,,2,,,23,23,1,21,,B03,120.685442,24.060354,3
2022,3,25,22,18,臺中市,大雅區,0,1,0,8,3,5,50,4,1,1,5,4,5,7,1,1,10,5,5,2,17,19,3,10,1,1,B03,7,1,1,8,2,8,,19,19,1,22,8,B03,120.648329,24.221328,2
2022,3,25,22,22,臺中市,南屯區,0,2,0,8,3,5,50,4,1,1,5,4,5,7,1,1,10,5,5,2,16,25,3,10,1,1,B03,7,5,1,8,2,2,,25,25,1,22,8,B03,120.641356,24.134848,2
2022,3,25,22,23,臺中市,大里區,0,0,0,6,,,30,,,,,,,,,,,,,,,17,,,,,B03,,,1,,2,,,17,17,1,5,,B03,120.688473,24.113785,3
2022,3,25,22,32,臺中市,北區,0,0,0,8,,,50,,,,,,,,,,,,,,,12,,,,,B03,,,1,,2,,,12,12,1,22,,B03,120.695911,24.160532,3
2022,3,25,22,34,臺中市,龍井區,0,0,0,8,,,30,,,,,,,,,,,,,,,16,,,,,B03,,,1,,2,,,16,16,1,22,,B03,120.58018,24.188068,3
2022,3,25,22,36,臺中市,北區,0,0,0,6,,,50,,,,,,,,,,,,,,,6,,,,,C03,,,1,,2,,,6,6,1,22,,C03,120.68713,24.152271,3
2022,3,25,22,45,臺中市,北區,0,1,0,6,3,5,50,14,9,1,4,4,5,7,4,4,5,5,5,2,18,23,2,9,1,1,C03,7,9,1,9,2,12,,23,23,1,22,9,C03,120.676313,24.159621,2
2022,3,25,22,53,臺中市,南屯區,0,1,0,8,1,5,50,14,9,1,5,4,5,7,4,4,5,4,5,2,17,10,3,10,1,1,B03,7,11,1,8,2,8,,10,10,1,22,8,B03,120.65297,24.149653,2
2022,3,25,22,56,臺中市,霧峰區,0,1,0,8,3,5,60,14,7,1,5,4,5,7,4,4,1,4,4,1,18,42,2,9,3,4,C03,7,9,1,10,2,14,,42,42,1,21,5,C03,120.693181,24.037941,2
2022,3,25,23,0,臺中市,北區,0,0,0,8,,,40,,,,,,,,,,,,,,,23,,,,,B03,,,1,,2,,,23,23,1,22,,B03,120.67455,24.154927,3
2022,3,25,23,2,臺中市,北區,0,0,0,8,,,40,,,,,,,,,,,,,,,23,,,,,B03,,,1,,2,,,23,23,1,22,,B03,120.67455,24.154927,3
2022,3,25,23,7,臺中市,龍井區,0,2,0,8,3,5,50,4,1,1,5,4,5,7,3,1,10,5,5,2,15,42,2,9,1,4,C03,7,9,1,10,2,11,,42,42,1,22,8,C03,120.577755,24.186715,2
2022,3,25,23,10,臺中市,清水區,0,2,0,7,3,5,50,14,9,1,5,4,5,7,1,1,1,2,4,2,12,25,3,10,1,1,B03,7,9,1,8,2,2,,25,25,1,5,8,B03,120.577132,24.275718,2
2022,3,25,23,15,臺中市,北區,0,1,0,8,3,5,50,4,1,1,5,4,5,7,3,1,10,5,5,2,15,6,3,10,1,1,B02,7,9,1,8,2,4,,6,6,1,8,8,B02,120.682368,24.16161,2
2022,3,25,23,43,臺中市,大肚區,0,2,0,8,3,5,50,14,8,1,5,4,5,7,4,4,1,4,4,1,17,38,2,9,1,1,B03,7,13,1,8,2,4,,38,38,1,20,8,B03,120.576014,24.119182,2
2022,3,25,23,57,臺中市,豐原區,0,0,0,8,,,50,,,,,,,,,,,,,,,6,,,,,,,,,,,,,6,6,2,,,,120.722423,24.260487,3
2022,3,26,1,42,臺中市,大里區,0,1,0,8,3,5,50,4,1,1,5,4,5,7,3,1,10,5,5,2,16,6,2,9,1,1,C03,7,9,3,18,2,14,,6,6,1,22,8,C03,120.702731,24.088258,2
2022,3,26,2,10,臺中市,南區,0,0,0,8,,,30,,,,,,,,,,,,,,,23,,,,,E01,,,1,,2,,,23,23,1,21,,E01,120.663308,24.121838,3
2022,3,26,2,23,臺中市,潭子區,0,0,0,8,3,5,60,4,1,1,5,4,5,7,1,1,1,2,5,1,16,6,,,,,B03,,,1,,2,,,6,6,1,22,,B03,120.702513,24.194427,3
2022,3,26,2,40,臺中市,大里區,0,1,0,8,3,5,30,3,1,1,5,4,5,7,4,4,10,5,5,2,14,42,3,10,3,4,B03,7,2,3,18,7,6,,42,42,1,22,8,B03,120.692905,24.079661,2
2022,3,26,6,30,臺中市,大雅區,0,2,0,6,1,5,50,14,9,1,4,4,5,7,4,4,8,5,5,1,16,6,2,7,1,1,C03,7,11,1,10,2,11,,6,6,1,22,9,C03,120.653763,24.231856,2
2022,3,26,6,40,臺中市,清水區,0,0,0,8,1,5,50,14,9,1,5,4,5,7,4,4,1,4,5,2,12,23,3,10,1,1,A41,7,9,1,1,2,2,,23,23,1,5,4,A41,120.53411,24.268983,3
2022,3,26,6,41,臺中市,龍井區,0,2,0,7,1,5,50,3,9,1,5,4,5,7,1,1,5,5,5,1,16,43,2,9,1,1,C03,7,6,1,10,2,13,,43,43,1,20,7,C03,120.548175,24.188765,2
2022,3,26,6,41,臺中市,龍井區,0,1,0,7,1,5,40,14,8,1,5,4,5,7,4,4,1,4,4,2,29,23,2,9,1,1,C03,7,9,1,10,5,11,,23,23,1,22,8,C03,120.573425,24.187954,2
2022,3,26,6,56,臺中市,北屯區,0,2,0,6,1,5,50,4,1,1,4,4,5,7,1,1,10,5,5,2,16,7,2,9,1,1,C03,7,10,1,10,2,13,,7,7,1,21,8,C03,120.703095,24.169643,2
2022,3,26,7,6,臺中市,北區,0,1,0,6,1,5,50,4,1,1,4,4,5,7,1,1,10,5,5,2,17,23,2,9,1,1,C03,7,9,1,10,2,11,,23,23,1,22,8,C03,120.684959,24.159118,2
2022,3,26,7,10,臺中市,外埔區,0,0,0,6,,,30,,,,,,,,,,,,,,,6,,,,,B03,,,1,,2,,,6,6,1,22,,B03,120.682333,24.333989,3
2022,3,26,7,16,臺中市,大雅區,0,2,0,6,1,5,50,4,1,1,4,4,5,7,1,1,5,5,5,1,17,23,2,9,1,1,C03,7,9,1,10,2,11,,23,23,1,21,8,C03,120.648289,24.226613,2
2022,3,26,7,28,臺中市,大甲區,0,0,0,6,,,50,,,,,,,,,,,,,,,23,,,,,B12,,,1,,1,,,23,23,1,22,,B12,120.620256,24.349651,3
2022,3,26,7,42,臺中市,北區,0,1,0,6,1,5,40,4,1,1,4,4,5,7,1,1,1,4,4,2,13,23,2,9,1,1,C03,7,9,1,10,2,11,,23,23,1,21,8,C03,120.685568,24.156019,2
2022,3,26,7,45,臺中市,大里區,0,0,0,6,,,50,,,,,,,,,,,,,,,7,,,,,C03,,,1,,2,,,7,7,1,12,,C03,120.70265,24.100967,3
2022,3,26,7,50,臺中市,北區,0,1,0,8,1,5,50,4,1,1,4,4,5,7,4,4,10,5,5,2,16,6,3,10,1,1,B03,7,5,1,8,2,15,,6,6,1,22,8,B03,120.673337,24.166906,2
2022,3,26,7,50,臺中市,南屯區,0,1,0,6,1,5,50,14,9,1,4,4,5,7,4,4,5,4,5,2,16,26,3,10,1,1,B03,7,11,1,8,2,4,,26,26,1,22,9,B03,120.642615,24.148161,2
2022,3,26,7,56,臺中市,梧棲區,0,1,0,6,1,5,30,4,1,1,4,4,3,5,4,4,10,5,5,2,16,6,3,10,1,1,B03,7,5,1,8,2,1,,6,6,1,22,8,B03,120.551733,24.253537,2
2022,3,26,8,0,臺中市,潭子區,0,1,0,7,1,5,50,4,1,1,4,4,5,7,1,1,1,4,5,2,16,26,3,10,1,1,B03,7,5,1,8,2,8,,26,26,1,22,8,B03,120.718206,24.197752,2
2022,3,26,8,5,臺中市,西屯區,0,1,0,6,1,5,50,14,9,1,4,4,5,7,4,4,1,4,5,2,18,23,2,9,3,4,C03,7,9,1,9,2,14,,23,23,1,22,8,C03,120.651816,24.186501,2
2022,3,26,8,9,臺中市,西屯區,0,1,0,6,1,5,50,14,9,1,4,4,5,7,4,4,1,4,5,2,17,23,2,9,3,4,C03,7,9,1,10,2,14,11,23,23,1,22,8,C03,120.651243,24.166036,2
2022,3,26,8,18,臺中市,豐原區,0,1,0,8,1,5,30,3,1,1,5,4,5,7,4,4,10,5,5,2,18,42,2,9,3,4,C03,7,9,1,10,2,15,,42,42,1,22,8,C03,120.730186,24.23769,2
2022,3,26,8,22,臺中市,新社區,0,0,0,6,,,50,,,,,,,,,,,,,,,23,,,,,B03,,,1,,2,,,23,23,1,22,,B03,120.800024,24.291535,3
2022,3,26,8,23,臺中市,霧峰區,0,1,0,7,1,5,80,10,9,1,5,4,5,7,4,4,1,4,5,1,17,22,3,10,1,1,A11,7,9,1,3,2,1,,22,22,1,6,3,A11,120.690381,24.067285,2
2022,3,26,8,25,臺中市,梧棲區,0,0,0,6,,,50,,,,,,,,,,,,,,,23,,,,,B12,,,1,,2,,,23,23,1,22,,B12,120.545001,24.242952,3
2022,3,26,8,27,臺中市,霧峰區,0,0,0,8,,,40,,,,,,,,,,,,,,,23,,,,,B03,,,1,,2,,,23,23,1,12,,B03,120.711095,24.0767,3
2022,3,26,8,27,臺中市,西屯區,0,1,0,8,1,5,50,14,8,1,4,4,5,7,4,4,8,3,4,2,18,42,2,9,1,1,C03,7,9,1,10,2,11,,42,42,1,22,8,C03,120.637115,24.158378,2
2022,3,26,8,31,臺中市,豐原區,0,1,0,7,1,5,50,5,1,1,4,4,5,7,1,1,10,5,5,2,17,42,3,10,3,4,B03,7,11,1,8,2,15,,42,42,1,22,8,B03,120.718841,24.248311,2
2022,3,26,8,33,臺中市,北屯區,0,0,0,6,,,50,,,,,,,,,,,,,,,12,,,,,A12,,,1,,9,,,12,12,1,10,,A12,120.712408,24.175898,3
2022,3,26,8,33,臺中市,南區,0,1,0,6,1,5,40,3,1,1,4,4,5,7,4,4,10,5,5,2,18,16,2,9,1,1,C03,7,9,1,10,2,14,,16,16,1,5,8,C03,120.65907,24.125426,2
2022,3,26,8,34,臺中市,南屯區,0,1,0,6,1,5,50,14,9,1,4,4,5,7,4,4,10,5,5,2,16,19,3,10,1,4,C03,7,1,1,10,2,11,,19,19,1,22,8,C03,120.631848,24.153806,2