年,月,日,時,分,縣市,區,死,受傷,2-30,天候,光線,道路類別,速限,道路型態,事故位置,路面鋪裝,路面狀態,路面缺陷,障礙物,視距,號誌種類,號誌動作,分向設施,快車道或一般車道間,快慢車道間,路面邊線,事故類型及型態,主要肇因,受傷程度,主要傷處,保護裝備,行動電話,當事者區分,車輛用途,當事者行動狀態,駕駛資格情形,駕駛執照種類,飲酒情形,車輛撞擊部位最初,車輛撞擊部位其他,肇事因素個別,肇事因素主要,肇事逃逸,職業,旅次目的,車種,GPS緯度,GPS經度,事故類別
2022,3,28,7,35,臺中市,北區,0,2,0,6,1,5,50,3,1,1,4,4,5,7,4,4,1,5,5,2,16,6,3,10,1,1,B01,7,6,1,4,2,5,,6,6,1,10,8,B01,120.681909,24.16573,2
2022,3,28,7,39,臺中市,北屯區,0,1,0,6,1,5,50,4,1,1,4,4,5,7,2,1,10,5,5,2,16,7,3,10,1,1,B03,7,8,1,8,2,5,,7,7,1,5,8,B03,120.676628,24.199211,2
2022,3,28,7,40,臺中市,霧峰區,0,0,0,6,,,40,,,,,,,,,,,,,,,44,,,,,B12,,,1,,,,,44,44,1,9,,B12,120.684302,24.059772,3
2022,3,28,7,40,臺中市,霧峰區,0,2,0,6,1,5,60,3,1,1,4,4,5,7,4,4,10,5,5,2,16,23,3,10,1,1,B03,7,5,1,8,2,8,,23,23,1,12,8,B03,120.695531,24.058213,2
2022,3,28,7,40,臺中市,南屯區,0,0,0,6,,,50,,,,,,,,,,,,,,,23,,,,,B03,,,1,,1,,,23,23,1,22,,B03,120.629303,24.150943,3
2022,3,28,7,45,臺中市,沙鹿區,0,0,0,,,,50,,,,,,,,,,,,,,,16,,,,,B11,,,1,,2,,,16,16,1,3,,B11,120.61507,24.242775,3
2022,3,28,7,48,臺中市,西屯區,0,0,0,6,,,50,,,,,,,,,,,,,,,23,,,,,B03,,,1,,1,,,23,23,1,22,,B03,120.588728,24.17184,3
2022,3,28,7,48,臺中市,沙鹿區,0,1,0,6,1,5,50,14,8,1,4,4,5,7,4,4,1,4,4,1,29,16,2,9,1,1,C03,7,9,1,10,2,11,,16,16,1,9,1,C03,120.622499,24.242222,2
2022,3,28,7,49,臺中市,太平區,0,2,0,6,1,5,50,3,2,1,4,4,5,7,4,4,5,5,5,1,3,51,2,9,4,5,H01,8,16,8,20,10,16,,51,51,1,20,9,H01,120.73443,24.144491,2
2022,3,28,7,50,臺中市,霧峰區,0,0,0,6,,,50,,,,,,,,,,,,,,,23,,,,,B03,,,1,,2,,,23,23,1,4,,B03,120.69929,24.076837,3
2022,3,28,7,53,臺中市,南屯區,0,0,0,6,1,5,50,4,1,1,4,4,5,7,1,1,10,5,5,2,14,12,,,,,B03,,,1,,1,,,12,12,1,22,,B03,120.640659,24.15121,3
2022,3,28,7,55,臺中市,霧峰區,0,1,0,6,1,5,50,14,9,1,4,4,5,7,4,4,3,4,5,1,17,7,3,10,1,1,B03,7,7,1,8,2,4,,7,7,1,22,8,B03,120.699555,24.076698,2
2022,3,28,7,56,臺中市,北區,0,3,0,6,1,5,50,3,1,1,4,4,5,7,4,4,10,5,5,2,17,16,2,7,1,1,C03,7,9,1,10,2,11,,16,16,1,22,8,C03,120.681483,24.159088,2
2022,3,28,7,58,臺中市,后里區,0,1,0,6,1,5,50,15,19,1,4,4,5,7,1,1,9,4,5,1,3,23,2,9,1,1,C03,7,9,3,18,2,12,,23,23,1,22,8,C03,120.723629,24.294721,2
2022,3,28,8,0,臺中市,烏日區,0,0,0,6,,,50,,,,,,,,,,,,,,,23,,,,,B03,,,1,,2,,,23,23,1,22,,B03,120.646789,24.092858,3
2022,3,28,8,2,臺中市,大雅區,0,1,0,6,1,5,50,14,9,1,4,4,5,7,4,4,7,4,5,1,16,42,3,10,1,1,C03,7,15,1,10,2,13,,42,42,1,22,9,C03,120.672863,24.210885,2
2022,3,28,8,6,臺中市,北區,0,0,0,6,,,50,,,,,,,,,,,,,,,8,,,,,B03,,,1,,2,,,8,8,1,22,,B03,120.682368,24.16161,3
2022,3,28,8,7,臺中市,西區,0,1,0,6,1,5,50,4,1,1,4,4,5,7,1,1,10,5,5,2,12,19,2,9,1,1,C04,7,1,1,11,2,12,,19,19,1,21,8,C04,120.6821,24.142932,2
2022,3,28,8,10,臺中市,西屯區,0,0,0,6,,,50,,,,,,,,,,,,,,,23,,,,,B03,,,1,,1,,,23,23,1,22,,B03,120.641459,24.169966,3
2022,3,28,8,11,臺中市,大里區,0,1,0,6,1,5,50,4,1,1,4,4,5,7,1,1,10,5,5,2,16,25,3,10,1,1,B03,7,9,1,8,2,1,,25,25,1,5,8,B03,120.693855,24.109045,2
2022,3,28,8,15,臺中市,大里區,0,1,0,6,1,5,50,5,1,1,4,4,5,7,1,1,9,5,5,2,15,4,3,10,1,1,F03,7,9,8,20,2,16,,4,4,1,12,8,F03,120.699976,24.093992,2
2022,3,28,8,18,臺中市,西屯區,0,1,0,6,1,5,30,3,2,1,4,4,5,7,4,4,10,5,5,2,12,43,2,9,1,1,C03,7,9,1,10,2,14,,43,43,1,22,8,C03,120.6502,24.202555,2
2022,3,28,8,20,臺中市,清水區,0,0,0,6,,,70,,,,,,,,,,,,,,,23,,,,,B03,,,1,,2,,,23,23,1,22,,B03,120.58314,24.283249,3
2022,3,28,8,26,臺中市,北屯區,0,2,0,6,1,5,40,4,1,1,4,4,5,7,1,1,10,5,5,2,13,16,2,9,1,1,C03,7,9,5,18,9,11,,16,16,1,22,8,C03,120.688716,24.164748,2
2022,3,28,8,27,臺中市,太平區,0,1,0,6,1,5,50,3,1,1,4,4,5,7,4,4,10,5,5,2,16,23,3,10,1,1,B03,7,5,1,8,2,8,,23,23,1,21,8,B03,120.718859,24.125418,2
2022,3,28,8,37,臺中市,西屯區,0,3,0,6,1,5,50,14,7,1,4,4,5,7,4,4,1,4,3,2,13,16,2,2,1,1,B03,7,8,1,8,2,1,,16,16,1,4,8,B03,120.654292,24.160143,2
2022,3,28,8,38,臺中市,西屯區,0,0,0,6,,,80,,,,,,,,,,,,,,,7,,,,,B03,,,1,,1,,,7,7,1,22,,B03,120.628503,24.162733,3
2022,3,28,8,38,臺中市,潭子區,0,0,0,6,,,50,,,,,,,,,,,,,,,23,,,,,B03,,,1,,2,,,23,23,1,22,,B03,120.703402,24.216252,3
2022,3,28,8,42,臺中市,大里區,0,1,0,6,1,5,50,4,1,1,4,4,5,7,1,1,10,5,5,2,15,25,2,8,1,1,C03,7,9,1,10,2,11,,25,25,1,22,9,C03,120.692683,24.121331,2
2022,3,28,8,42,臺中市,西屯區,0,0,0,6,,,30,,,,,,,,,,,,,,,12,,,,,B03,,,1,,1,,,12,12,1,22,,B03,120.640224,24.17074,3
2022,3,28,8,43,臺中市,霧峰區,0,1,0,8,1,5,60,5,1,1,5,4,5,7,1,1,3,4,4,1,18,23,2,9,1,1,C03,7,15,1,10,2,12,,23,23,1,22,8,C03,120.692568,24.046491,2
2022,3,28,8,44,臺中市,北屯區,0,1,0,6,1,5,50,5,1,1,4,4,5,7,4,4,10,5,5,2,17,23,3,10,1,1,B03,7,5,1,8,2,1,,23,23,1,5,8,B03,120.695548,24.174401,2
2022,3,28,8,45,臺中市,東區,0,1,0,6,1,5,25,4,1,1,4,4,5,7,1,1,10,5,5,2,12,1,3,10,1,1,F03,7,9,8,20,11,16,,1,1,1,5,8,F03,120.704804,24.130636,2
2022,3,28,8,46,臺中市,神岡區,0,1,0,6,1,5,50,4,2,1,4,4,5,7,1,1,5,5,5,1,15,25,3,10,3,4,B03,7,9,1,8,2,8,,25,25,1,22,9,B03,120.684926,24.249647,2
2022,3,28,8,48,臺中市,大里區,0,0,0,6,,,50,,,,,,,,,,,,,,,16,,,,,C03,,,1,,2,,,16,16,1,21,,C03,120.677464,24.094022,3
2022,3,28,8,51,臺中市,潭子區,0,2,0,6,1,5,60,3,1,1,4,4,5,7,1,1,10,5,5,2,13,23,2,8,1,1,C03,7,12,1,10,2,11,,23,23,1,22,8,C03,120.703707,24.20249,2
2022,3,28,8,58,臺中市,北區,0,2,0,6,1,5,50,4,1,1,4,4,5,7,1,1,5,5,5,2,16,6,2,9,1,1,C03,7,5,1,10,2,11,,6,6,1,21,8,C03,120.670529,24.162837,2
2022,3,28,8,58,臺中市,大雅區,0,1,0,6,1,5,50,14,9,1,4,4,5,7,4,4,9,5,4,2,12,1,2,9,1,1,C03,7,4,1,10,2,12,,1,1,1,22,9,C03,120.63077,24.24131,2
2022,3,28,8,59,臺中市,北區,0,2,0,6,1,5,50,4,1,1,4,4,5,7,4,4,10,5,5,2,15,6,2,3,1,1,B01,7,9,1,8,2,1,,6,6,1,22,8,B01,120.691047,24.155863,2
2022,3,28,9,0,臺中市,梧棲區,0,1,0,6,1,5,50,14,9,1,4,4,5,7,4,4,5,5,5,1,16,26,3,10,1,1,B12,7,11,6,8,2,4,,26,26,1,9,8,B12,120.538178,24.247916,2
2022,3,28,9,0,臺中市,大雅區,0,1,0,6,1,5,50,14,9,1,4,4,5,7,4,4,1,4,5,1,17,23,2,9,1,1,C03,7,9,1,10,2,15,,23,23,1,22,9,C03,120.613329,24.232809,2
2022,3,28,9,0,臺中市,清水區,0,1,0,6,1,5,50,3,1,1,4,4,5,7,4,4,10,5,5,2,17,10,3,10,1,1,B03,7,11,1,8,2,15,,10,10,1,5,7,B03,120.569564,24.272699,2
2022,3,28,9,2,臺中市,南屯區,0,1,0,6,1,5,30,4,1,1,4,4,5,7,4,4,10,5,4,2,15,6,3,10,1,4,B03,7,9,1,8,2,1,,6,6,1,22,8,B03,120.63213,24.152115,2
2022,3,28,9,3,臺中市,沙鹿區,0,1,0,6,1,5,50,4,1,1,4,4,5,7,2,1,10,5,5,2,16,25,2,9,1,1,C03,7,9,1,10,2,14,,25,25,1,20,8,C03,120.56792,24.254054,2
2022,3,28,9,5,臺中市,西屯區,0,0,0,6,,,50,,,,,,,,,,,,,,,7,,,,,B03,,,1,,1,,,7,7,1,22,,B03,120.619096,24.185126,3
2022,3,28,9,6,臺中市,大里區,0,0,0,6,,,80,,,,,,,,,,,,,,,23,,,,,B03,,,1,,2,,,23,23,1,22,,B03,120.692572,24.102556,3
2022,3,28,9,6,臺中市,西區,0,0,0,6,1,5,60,14,7,1,4,4,5,7,1,1,3,2,3,2,13,23,,,,,B03,,,1,,1,,,23,23,1,19,,B03,120.659508,24.157228,3
2022,3,28,9,7,臺中市,大里區,0,1,0,6,1,5,50,14,9,1,4,4,5,7,4,4,5,2,5,1,16,26,3,10,1,1,B03,7,8,1,8,2,2,,26,26,1,22,9,B03,120.689535,24.114431,2
2022,3,28,9,10,臺中市,西區,0,0,0,,,,50,,,,,,,,,,,,,,,23,,,,,C03,,,1,,1,,,23,23,1,20,,C03,120.667333,24.140588,3
2022,3,28,9,15,臺中市,大里區,0,1,0,6,1,5,30,3,1,1,4,4,5,7,4,4,10,5,5,2,18,42,2,9,1,1,C03,7,5,1,10,2,14,,42,42,1,19,7,C03,120.668122,24.108199,2
2022,3,28,9,17,臺中市,太平區,0,1,0,6,1,5,50,4,1,1,4,4,5,7,2,1,10,5,5,2,13,16,3,10,1,1,B03,7,6,1,8,2,1,,16,16,1,5,2,B03,120.723361,24.14947,2
2022,3,28,9,30,臺中市,大里區,0,1,0,6,1,5,50,4,1,1,4,4,5,7,1,1,1,4,4,1,11,26,3,10,1,1,B03,7,5,1,8,2,5,,26,26,1,22,8,B03,120.679491,24.116589,2
2022,3,28,9,44,臺中市,南屯區,0,0,0,6,,,50,,,,,,,,,,,,,,,7,,,,,B03,,,6,,2,,,7,7,1,22,,B03,120.636738,24.120946,3
2022,3,28,9,50,臺中市,大甲區,0,1,0,6,1,5,50,5,1,1,4,4,5,7,1,1,10,5,5,2,13,16,3,10,1,1,B03,7,9,1,8,2,1,,16,16,1,19,8,B03,120.62417,24.346662,2
2022,3,28,9,51,臺中市,東區,0,1,0,6,1,5,40,14,8,1,4,4,5,7,4,4,1,4,4,2,12,17,3,10,1,1,C03,7,9,3,18,2,12,,17,17,1,21,8,C03,120.6902,24.125785,2
2022,3,28,9,53,臺中市,大雅區,0,1,0,6,1,5,50,3,1,1,4,4,5,7,1,1,5,4,5,1,17,22,2,9,1,1,B03,7,9,1,10,5,1,,22,22,1,22,9,B03,120.67091,24.226972,2
2022,3,28,10,4,臺中市,北區,0,0,0,8,,,30,,,,,,,,,,,,,,,23,,,,,B02,,,1,,11,,,23,23,2,22,,B02,120.688884,24.157822,3
2022,3,28,10,13,臺中市,西屯區,0,0,0,6,1,5,40,14,8,1,4,4,5,7,4,4,1,4,1,2,13,23,,,,,C03,,,1,,2,,,23,23,1,22,,C03,120.655091,24.159848,3
2022,3,28,10,14,臺中市,東區,0,1,0,7,1,5,50,4,1,1,4,4,5,7,2,1,5,5,5,2,12,6,3,10,1,1,B03,7,8,1,8,2,15,,6,6,1,20,5,B03,120.698031,24.147951,2
2022,3,28,10,15,臺中市,豐原區,0,2,0,8,1,5,50,4,1,1,5,4,5,7,1,1,1,4,4,2,15,25,2,7,1,1,E01,7,9,1,4,2,6,,25,25,1,21,8,E01,120.732249,24.2748,2
2022,3,28,10,21,臺中市,清水區,0,0,0,8,1,5,50,3,7,1,4,4,5,7,1,1,1,4,4,2,13,23,3,10,1,1,B03,7,9,1,8,2,1,,23,23,1,5,5,B03,120.572701,24.262449,3
2022,3,28,10,30,臺中市,西區,0,2,0,6,1,5,40,3,2,1,4,4,5,7,1,1,1,4,3,2,13,16,2,7,1,1,C03,7,9,1,10,2,11,,16,16,1,21,8,C03,120.66727,24.152381,2
2022,3,28,10,30,臺中市,大里區,0,0,0,6,,,50,,,,,,,,,,,,,,,6,,,,,C03,,,1,,2,,,6,6,1,20,,C03,120.699072,24.08776,3
2022,3,28,10,35,臺中市,西區,0,1,0,6,1,5,50,4,1,1,4,4,5,7,2,1,10,5,5,2,16,25,3,10,1,1,B03,7,9,1,8,2,1,,25,25,1,20,8,B03,120.661678,24.136547,2
2022,3,28,10,52,臺中市,西區,0,1,0,6,1,5,50,5,1,1,4,4,5,7,4,4,5,5,5,2,11,26,3,10,3,4,B03,7,11,1,8,2,8,,26,26,1,21,8,B03,120.671091,24.149484,2
2022,3,28,11,4,臺中市,外埔區,0,0,0,,,,50,,,,,,,,,,,,,,,9,,,,,B03,,,1,,2,,,9,9,1,22,,B03,120.650322,24.319568,3
2022,3,28,11,4,臺中市,潭子區,0,0,0,6,,,50,,,,,,,,,,,,,,,6,,,,,B12,,,1,,2,,,6,6,1,22,,B12,120.690487,24.21267,3
2022,3,28,11,13,臺中市,西屯區,0,1,0,6,1,5,50,14,9,1,4,4,5,7,4,4,10,4,5,2,19,48,2,9,3,4,B11,7,9,6,18,2,1,,48,48,1,22,8,B11,120.66047,24.200666,2
2022,3,28,11,17,臺中市,南屯區,0,1,0,6,1,5,50,4,1,1,4,4,5,7,4,4,10,5,4,2,15,6,3,10,1,4,B03,7,9,6,8,2,5,,6,6,1,22,8,B03,120.638746,24.132076,2
2022,3,28,11,20,臺中市,大里區,0,0,0,6,,,50,,,,,,,,,,,,,,,17,,,,,A12,,,1,,2,,,17,17,1,10,,A12,120.729865,24.091307,3
2022,3,28,11,27,臺中市,大里區,0,1,0,6,1,5,50,4,9,1,4,4,5,7,1,1,9,5,5,1,16,8,3,10,1,1,B12,7,5,1,8,2,4,,8,8,1,22,8,B12,120.699121,24.096854,2
2022,3,28,11,30,臺中市,沙鹿區,0,1,0,6,1,5,50,3,1,1,4,4,5,7,1,1,10,5,5,2,1,8,3,10,1,1,B03,7,5,1,8,2,1,,8,8,1,21,8,B03,120.56524,24.232606,2
2022,3,28,11,34,臺中市,后里區,0,1,0,6,1,5,60,14,9,1,4,4,5,7,4,4,9,4,5,1,18,23,2,9,1,1,C03,7,9,1,10,2,14,,23,23,1,22,8,C03,120.732165,24.34166,2
2022,3,28,11,49,臺中市,北屯區,0,0,0,6,,,40,,,,,,,,,,,,,,,43,,,,,B03,,,1,,2,,,43,43,1,5,,B03,120.685231,24.178528,3
2022,3,28,11,50,臺中市,西屯區,0,0,0,6,,,50,,,,,,,,,,,,,,,23,,,,,B03,,,1,,1,,,23,23,1,22,,B03,120.655951,24.168904,3
2022,3,28,11,50,臺中市,大雅區,0,0,0,8,,,50,,,,,,,,,,,,,,,16,,,,,B03,,,1,,2,,,16,16,1,22,,B03,120.64567,24.22507,3
2022,3,28,11,55,臺中市,梧棲區,0,0,0,6,,,50,,,,,,,,,,,,,,,19,,,,,A12,,,1,,2,,,19,19,1,10,,A12,120.528516,24.240658,3
2022,3,28,11,55,臺中市,西區,0,1,0,6,1,5,50,4,1,1,4,4,5,7,4,4,10,5,5,2,15,6,2,9,1,1,C03,7,9,1,10,2,12,,6,6,1,22,9,C03,120.664585,24.152857,2
2022,3,28,12,0,臺中市,霧峰區,0,1,0,6,1,5,60,3,1,1,4,4,5,7,1,1,10,5,5,2,3,15,3,10,1,1,B12,7,5,1,6,2,5,,15,15,1,20,8,B12,120.692163,24.044829,2
2022,3,28,12,1,臺中市,西屯區,0,0,0,6,,,50,,,,,,,,,,,,,,,12,,,,,B03,,,1,,2,,,12,12,1,22,,B03,120.60254,24.183682,3
2022,3,28,12,4,臺中市,東區,0,0,0,6,1,5,30,13,9,1,4,4,3,7,4,4,10,5,5,2,17,43,3,10,2,1,C03,7,13,1,10,11,13,12,44,43,1,5,8,C03,120.687696,24.134294,3
2022,3,28,12,5,臺中市,大肚區,0,1,0,6,1,5,50,14,8,1,4,4,5,7,4,4,1,4,4,1,16,7,3,10,1,1,B12,7,8,1,7,2,6,,7,7,1,2,8,B12,120.573399,24.119667,2
2022,3,28,12,7,臺中市,東區,0,2,0,6,1,5,50,4,1,1,4,4,5,7,2,1,1,4,4,2,15,25,2,8,1,1,C03,7,9,6,10,2,12,,25,25,1,21,8,C03,120.694476,24.1479,2
2022,3,28,12,10,臺中市,大里區,0,2,0,6,1,5,50,14,7,1,4,4,5,7,4,4,9,4,4,1,13,16,2,8,1,1,C03,7,9,1,10,2,12,,16,16,1,18,8,C03,120.716806,24.10132,2
2022,3,28,12,15,臺中市,西屯區,0,0,0,6,,,50,,,,,,,,,,,,,,,23,,,,,B12,,,1,,1,,,23,23,1,22,,B12,120.667001,24.175549,3
2022,3,28,12,16,臺中市,龍井區,0,0,0,6,,,70,,,,,,,,,,,,,,,8,,,,,B12,,,1,,2,,,8,8,1,3,,B12,120.505555,24.209722,3
2022,3,28,12,25,臺中市,大甲區,0,0,0,6,,,50,,,,,,,,,,,,,,,19,,,,,B03,,,1,,1,,,19,19,1,4,,B03,120.627596,24.348511,3
2022,3,28,12,28,臺中市,大甲區,0,1,0,6,1,5,30,4,1,1,4,4,5,7,4,4,10,5,5,2,16,8,2,4,1,1,C03,7,5,1,10,2,14,,8,8,1,4,1,C03,120.619413,24.34648,2
2022,3,28,12,32,臺中市,南屯區,0,1,0,6,1,5,40,3,1,1,4,4,5,7,4,4,5,4,4,2,13,17,2,9,1,1,C03,7,9,1,10,2,11,,17,17,1,4,1,C03,120.61728,24.157407,2
2022,3,28,12,32,臺中市,大安區,0,0,0,6,,,40,,,,,,,,,,,,,,,6,,,,,B03,,,1,,1,,,6,6,1,20,,B03,120.603192,24.359776,3
2022,3,28,12,33,臺中市,大甲區,0,3,0,6,1,5,50,14,22,1,4,4,5,7,3,1,1,2,5,1,17,8,2,9,1,1,C03,7,5,1,10,2,13,,8,8,1,4,8,C03,120.617327,24.346504,2
2022,3,28,12,40,臺中市,清水區,0,0,0,6,,,30,,,,,,,,,,,,,,,17,,,,,B03,,,1,,2,,,17,17,1,22,,B03,120.572859,24.266033,3
2022,3,28,12,48,臺中市,南區,0,1,0,6,1,5,50,4,1,1,4,4,5,7,4,4,10,5,5,2,15,6,3,10,1,1,B03,7,9,1,8,2,5,,6,6,1,9,5,B03,120.660906,24.129072,2
2022,3,28,12,50,臺中市,大甲區,0,2,0,6,1,5,50,4,1,1,4,4,5,7,4,4,10,5,5,2,17,19,2,9,1,1,C03,7,1,1,10,2,11,,19,19,1,4,8,C03,120.644994,24.402724,2
2022,3,28,12,59,臺中市,豐原區,0,1,0,6,1,5,50,14,9,1,4,4,5,7,4,4,5,5,5,2,13,16,2,9,3,4,C03,7,9,1,9,2,14,,16,16,1,22,8,C03,120.721558,24.254983,2
2022,3,28,13,0,臺中市,霧峰區,0,1,0,6,1,5,50,4,1,1,4,4,5,7,4,4,10,5,5,2,17,42,2,9,1,1,C03,7,9,1,10,2,14,,42,42,1,20,8,C03,120.684622,24.051138,2
2022,3,28,13,0,臺中市,大里區,0,2,0,8,1,5,50,4,9,1,5,4,5,7,3,1,10,5,5,2,16,6,2,8,1,1,C03,7,9,1,10,2,11,,6,6,1,22,8,C03,120.703761,24.097846,2
2022,3,28,13,1,臺中市,南屯區,0,0,0,6,,,50,,,,,,,,,,,,,,,23,,,,,B03,,,1,,1,,,23,23,1,22,,B03,120.653274,24.131283,3
2022,3,28,13,5,臺中市,南屯區,0,1,0,6,1,5,50,14,9,1,4,4,5,7,4,4,5,4,5,2,18,42,2,9,1,1,C03,7,9,1,10,2,14,,42,42,1,22,8,C03,120.637159,24.142321,2
2022,3,28,13,26,臺中市,南屯區,0,0,0,6,,,50,,,,,,,,,,,,,,,16,,,,,B12,,,1,,1,,,16,16,1,22,,B12,120.623446,24.152163,3
2022,3,28,13,30,臺中市,北區,0,1,0,6,1,5,50,3,1,1,4,4,5,7,1,1,5,4,4,1,16,19,3,10,3,4,B01,7,1,1,4,2,4,,19,19,1,22,9,B01,120.689278,24.153931,2
2022,3,28,13,30,臺中市,大甲區,0,1,0,6,1,5,30,14,9,1,4,4,5,7,4,4,10,5,5,1,11,5,2,9,1,1,C04,7,9,3,18,2,14,,5,5,1,20,8,C04,120.634033,24.355974,2
2022,3,28,13,36,臺中市,西區,0,1,0,6,1,5,50,4,1,1,4,4,5,7,1,1,1,5,5,2,12,6,3,10,3,4,B01,7,6,1,4,2,2,,6,6,1,21,8,B01,120.656946,24.140017,2
2022,3,28,13,38,臺中市,北屯區,0,2,0,6,1,5,40,4,1,1,4,4,5,7,4,4,10,5,5,2,15,6,2,9,1,1,C03,7,9,1,10,2,11,14,6,6,1,5,8,C03,120.69127,24.175535,2
2022,3,28,13,45,臺中市,西屯區,0,1,0,6,1,5,30,4,1,1,4,4,5,7,4,4,10,5,5,2,15,6,2,9,1,1,C03,7,9,1,10,2,12,,6,6,1,22,8,C03,120.638242,24.181802,2
2022,3,28,13,45,臺中市,東勢區,0,0,0,6,,,50,,,,,,,,,,,,,,,10,,,,,B03,,,1,,2,,,10,10,1,22,,B03,120.824263,24.258373,3
2022,3,28,13,58,臺中市,南屯區,0,0,0,6,,,50,,,,,,,,,,,,,,,17,,,,,A21,,,1,,2,,,17,17,1,10,,A21,120.649528,24.139863,4
2022,3,28,14,0,臺中市,霧峰區,0,1,0,6,1,5,60,5,1,1,4,4,5,7,1,1,10,5,5,2,16,6,3,10,1,1,B03,7,6,1,8,2,2,,6,6,1,12,8,B03,120.6963,24.054327,2
2022,3,28,14,1,臺中市,南屯區,0,0,0,6,,,40,,,,,,,,,,,,,,,7,,,,,B03,,,1,,9,,,7,7,1,22,,B03,120.619613,24.123127,3
2022,3,28,14,7,臺中市,南屯區,0,0,0,6,1,5,50,14,7,1,4,4,5,7,4,4,1,4,4,2,13,23,,,,,B03,,,1,,1,,,23,23,1,22,,B03,120.639107,24.142001,3
2022,3,28,14,7,臺中市,北區,0,2,0,6,1,5,50,4,2,1,4,4,5,7,1,1,1,2,5,2,13,16,3,10,1,1,B03,7,9,1,8,2,1,,16,16,1,5,8,B03,120.684859,24.16296,2
2022,3,28,14,11,臺中市,南屯區,0,1,0,6,1,5,50,4,18,1,4,4,5,7,2,1,5,5,5,2,3,15,3,10,1,1,B03,7,5,1,8,2,8,,15,15,1,22,8,B03,120.632783,24.147355,2
2022,3,28,14,16,臺中市,大里區,0,2,0,6,1,5,50,14,8,1,4,4,5,7,4,4,5,4,4,1,12,7,2,8,1,1,C03,7,8,1,10,2,12,,7,7,1,21,1,C03,120.682254,24.109971,2
2022,3,28,14,28,臺中市,西屯區,0,0,0,6,,,30,,,,,,,,,,,,,,,12,,,,,B03,,,1,,2,,,12,12,1,22,,B03,120.60453,24.186628,3
2022,3,28,14,32,臺中市,外埔區,0,2,0,6,1,5,50,14,9,1,4,4,5,6,4,4,9,5,5,1,16,26,2,9,1,1,C03,7,11,1,10,2,11,,26,26,1,21,8,C03,120.621896,24.335594,2
2022,3,28,14,34,臺中市,北區,0,1,0,6,1,5,50,3,1,1,4,4,5,7,1,1,10,5,5,2,13,16,3,10,1,1,B03,7,9,1,8,2,1,,16,16,1,22,9,B03,120.672565,24.168787,2
2022,3,28,14,36,臺中市,沙鹿區,0,2,0,6,1,5,40,4,7,1,4,4,5,7,4,4,1,4,4,1,17,40,3,10,2,1,B03,7,13,1,8,2,4,,40,40,1,21,8,B03,120.560511,24.240246,2
2022,3,28,14,49,臺中市,南區,0,0,0,6,,,50,,,,,,,,,,,,,,,23,,,,,B03,,,1,8,2,,,23,23,1,21,,B03,120.649057,24.119363,3
2022,3,28,14,50,臺中市,大雅區,0,0,0,8,,,50,,,,,,,,,,,,,,,23,,,,,B03,,,1,,2,,,23,23,1,22,,B03,120.65057,24.2105,3
2022,3,28,14,52,臺中市,北屯區,0,1,0,6,1,5,50,3,2,1,4,4,5,7,4,4,5,5,4,2,16,6,3,10,1,1,C03,7,6,1,10,2,12,,6,6,1,21,8,C03,120.674563,24.176898,2
2022,3,28,14,53,臺中市,大里區,0,0,0,6,,,50,,,,,,,,,,,,,,,23,,,,,C03,,,1,,2,,,23,23,1,22,,C03,120.687735,24.094521,3
2022,3,28,14,58,臺中市,西區,0,0,0,6,,,60,,,,,,,,,,,,,,,23,,,,,B03,,,1,,1,,,23,23,1,22,,B03,120.661062,24.156386,3
2022,3,28,15,8,臺中市,大雅區,0,0,0,8,,,60,,,,,,,,,,,,,,,23,,,,,B03,,,1,,1,,,23,23,1,22,,B03,120.64665,24.222574,3
2022,3,28,15,8,臺中市,北屯區,0,0,0,6,,,30,,,,,,,,,,,,,,,23,,,,,B12,,,1,,2,,,23,23,1,21,,B12,120.673001,24.181921,3
2022,3,28,15,9,臺中市,霧峰區,0,1,0,6,1,5,40,14,8,1,4,4,5,7,4,4,5,4,4,1,17,23,3,10,3,4,B03,7,8,1,8,2,6,,7,23,1,21,5,B03,120.699276,24.068047,2
2022,3,28,15,10,臺中市,大里區,0,0,0,8,,,50,,,,,,,,,,,,,,,6,,,,,B03,,,1,,,,,6,6,1,22,,B03,120.679932,24.097234,3
2022,3,28,15,15,臺中市,中區,0,3,0,6,1,5,50,4,1,1,4,4,5,7,1,1,5,5,5,2,16,25,2,9,3,4,C03,7,9,1,10,2,11,,25,25,1,18,8,C03,120.674312,24.14279,2
2022,3,28,15,16,臺中市,西區,0,0,0,6,,,50,,,,,,,,,,,,,,,23,,,,,B12,,,1,8,1,,,23,23,1,22,,B12,120.666515,24.140908,3
2022,3,28,15,16,臺中市,大雅區,0,1,0,6,1,5,50,3,1,1,4,4,5,7,4,4,5,4,5,1,16,9,3,10,1,1,B03,7,6,1,8,2,6,,9,9,1,22,9,B03,120.646989,24.228777,2