年,月,日,時,分,縣市,區,死,受傷,2-30,天候,光線,道路類別,速限,道路型態,事故位置,路面鋪裝,路面狀態,路面缺陷,障礙物,視距,號誌種類,號誌動作,分向設施,快車道或一般車道間,快慢車道間,路面邊線,事故類型及型態,主要肇因,受傷程度,主要傷處,保護裝備,行動電話,當事者區分,車輛用途,當事者行動狀態,駕駛資格情形,駕駛執照種類,飲酒情形,車輛撞擊部位最初,車輛撞擊部位其他,肇事因素個別,肇事因素主要,肇事逃逸,職業,旅次目的,車種,GPS緯度,GPS經度,事故類別
2022,3,29,14,30,臺中市,大里區,0,0,0,8,,,50,,,,,,,,,,,,,,,19,,,,,B03,,,1,,2,,,19,19,1,22,,B03,120.676901,24.108201,3
2022,3,29,14,34,臺中市,梧棲區,0,0,0,8,,,60,,,,,,,,,,,,,,,23,,,,,B12,,,1,,2,,,23,23,1,22,,B12,120.524913,24.223955,3
2022,3,29,14,36,臺中市,大甲區,0,0,0,8,,,50,,,,,,,,,,,,,,,23,,,,,B03,,,1,,2,,,23,23,1,22,,B03,120.654112,24.405414,3
2022,3,29,14,36,臺中市,霧峰區,0,1,0,8,1,5,60,3,1,1,5,4,5,7,1,1,3,4,4,1,16,6,3,10,1,1,B12,7,5,1,8,2,2,,6,6,1,22,8,B12,120.696605,24.023883,2
2022,3,29,14,43,臺中市,北屯區,0,1,0,8,1,5,50,5,1,1,5,4,5,7,2,1,10,5,5,2,16,26,2,9,4,5,F01,7,5,8,20,2,16,,26,26,1,22,8,F01,120.697745,24.170349,2
2022,3,29,14,44,臺中市,西屯區,0,0,0,8,,,50,,,,,,,,,,,,,,,12,,,,,B03,,,1,,11,,,38,12,1,22,,B03,120.585596,24.17317,3
2022,3,29,14,45,臺中市,南屯區,0,1,0,8,1,5,40,14,7,1,5,4,5,7,4,4,5,5,4,2,16,26,3,10,1,1,B03,7,11,1,7,2,8,,26,26,1,4,8,B03,120.630265,24.123581,2
2022,3,29,14,48,臺中市,西屯區,0,1,0,8,1,5,1,4,2,1,5,4,5,7,1,1,10,5,5,2,17,19,3,10,1,1,C03,7,1,1,10,2,14,,19,19,1,22,8,C03,120.659548,24.175157,2
2022,3,29,14,48,臺中市,南屯區,0,2,0,8,1,5,50,14,9,1,5,4,5,7,4,4,1,4,5,2,13,42,2,7,3,4,B03,7,9,1,7,2,1,,42,42,1,22,9,B03,120.62081,24.145171,2
2022,3,29,14,49,臺中市,清水區,0,0,0,8,,,50,,,,,,,,,,,,,,,23,,,,,B03,,,1,,2,,,23,23,1,21,,B03,120.537845,24.269465,3
2022,3,29,14,55,臺中市,沙鹿區,0,0,0,8,,,60,,,,,,,,,,,,,,,7,,,,,B12,,,1,,2,,,7,7,1,4,,B12,120.580968,24.214567,3
2022,3,29,15,3,臺中市,大雅區,0,2,0,8,1,5,50,4,1,1,5,4,5,7,1,1,1,4,1,2,15,25,2,9,1,1,C03,7,9,1,10,2,11,,25,25,1,22,8,C03,120.62904,24.206193,2
2022,3,29,15,7,臺中市,豐原區,0,0,0,8,,,50,,,,,,,,,,,,,,,12,,,,,B03,,,1,,2,,,12,12,1,22,,B03,120.729061,24.24638,4
2022,3,29,15,12,臺中市,大里區,0,1,0,8,1,5,30,5,1,1,5,4,5,7,3,1,10,5,5,1,16,6,3,10,1,1,C04,7,9,3,18,2,14,,6,6,1,5,8,C04,120.680076,24.114978,2
2022,3,29,15,13,臺中市,潭子區,0,0,0,8,,,30,,,,,,,,,,,,,,,18,,,,,B12,,,1,,2,,,18,18,1,22,,B12,120.713608,24.230425,3
2022,3,29,15,16,臺中市,北屯區,0,1,0,8,1,5,50,14,9,1,5,4,5,7,4,4,1,4,5,1,13,26,2,9,1,1,C03,7,9,1,10,2,11,,26,26,1,20,8,C03,120.686186,24.180971,2
2022,3,29,15,16,臺中市,霧峰區,0,0,0,8,,,60,,,,,,,,,,,,,,,12,,,,,B12,,,1,,,,,12,12,1,22,,B12,120.696493,24.022711,3
2022,3,29,15,18,臺中市,霧峰區,0,0,0,8,,,40,,,,,,,,,,,,,,,42,,,,,B03,,,1,,2,,,42,42,1,21,,B03,120.662944,24.063028,3
2022,3,29,15,23,臺中市,西屯區,0,1,0,8,1,5,50,3,1,1,5,4,5,7,4,4,10,5,5,2,17,43,3,10,1,1,B03,7,5,1,8,2,15,,43,43,1,22,8,B03,120.644056,24.169847,2
2022,3,29,15,23,臺中市,龍井區,0,1,0,8,1,5,50,4,1,1,5,4,5,7,2,1,10,5,5,2,16,25,3,10,1,4,B03,7,5,1,8,2,6,,25,25,1,22,8,B03,120.585921,24.186285,2
2022,3,29,15,24,臺中市,大里區,0,2,0,8,1,5,60,4,1,1,5,4,5,7,4,4,1,4,4,1,16,8,2,9,1,1,F03,7,5,8,20,2,16,,8,8,1,19,7,F03,120.688878,24.101145,2
2022,3,29,15,30,臺中市,北屯區,0,0,0,8,,,50,,,,,,,,,,,,,,,12,,,,,B03,,,1,,1,,,12,12,1,20,,B03,120.696284,24.177407,3
2022,3,29,15,34,臺中市,大里區,0,0,0,8,,,80,,,,,,,,,,,,,,,7,,,,,B03,,,1,,2,,,7,7,1,22,,B03,120.685078,24.091596,3
2022,3,29,15,40,臺中市,神岡區,0,0,0,8,,,50,,,,,,,,,,,,,,,12,,,,,B12,,,1,,1,,,12,12,1,12,,B12,120.677277,24.265192,3
2022,3,29,15,46,臺中市,北屯區,0,1,0,8,1,5,50,5,1,1,5,4,5,7,4,4,10,5,5,2,16,6,3,10,1,1,B03,7,11,1,8,2,8,,6,6,1,21,8,B03,120.696028,24.183806,2
2022,3,29,16,0,臺中市,大里區,0,0,0,8,1,5,50,14,9,1,5,4,5,7,4,4,5,5,5,1,29,44,,,,,B03,,,8,,10,,,44,44,1,5,,B03,120.670018,24.10697,3
2022,3,29,16,1,臺中市,大里區,0,0,0,8,,,50,,,,,,,,,,,,,,,23,,,,,C03,,,1,,,,,23,23,1,22,,C03,120.692535,24.09104,3
2022,3,29,16,1,臺中市,南屯區,0,1,0,8,1,5,50,14,9,1,5,4,5,7,4,4,4,3,5,2,16,7,3,10,1,1,B03,7,7,1,8,2,4,,7,7,1,22,8,B03,120.64991,24.136321,2
2022,3,29,16,2,臺中市,北區,0,0,0,8,,,50,,,,,,,,,,,,,,,16,,,,,B03,,,1,,1,,,16,16,1,22,,B03,120.680611,24.152541,3
2022,3,29,16,4,臺中市,霧峰區,0,0,0,8,,,50,,,,,,,,,,,,,,,40,,,,,B12,,,1,,2,,,40,40,1,21,,B12,120.690842,24.048189,3
2022,3,29,16,8,臺中市,霧峰區,0,1,0,8,1,5,30,11,9,1,5,4,5,7,4,4,10,5,5,1,2,23,3,10,2,1,F01,7,9,8,20,2,16,,23,23,1,15,8,F01,120.681568,24.062013,2
2022,3,29,16,18,臺中市,北屯區,0,0,0,8,,,50,,,,,,,,,,,,,,,26,,,,,C03,,,1,,2,,,26,26,1,21,,C03,120.68715,24.18562,3
2022,3,29,16,24,臺中市,大里區,0,2,0,8,1,5,50,14,9,1,5,4,5,7,4,4,5,5,5,1,16,26,2,9,1,1,C03,7,5,1,10,2,12,,26,26,1,22,8,C03,120.680298,24.095448,2
2022,3,29,16,27,臺中市,南屯區,0,1,0,8,1,5,30,15,9,1,5,4,5,7,4,4,10,5,5,2,18,43,2,9,1,1,C03,7,9,1,10,2,12,,43,43,1,22,8,C03,120.619203,24.151163,2
2022,3,29,16,27,臺中市,西區,0,2,0,8,1,5,50,4,1,1,5,4,5,7,1,1,10,5,5,2,12,23,3,10,1,1,B12,7,9,1,8,2,2,,23,23,1,22,9,B12,120.662609,24.155678,2
2022,3,29,16,30,臺中市,北區,0,0,0,,,,50,,,,,,,,,,,,,,,12,,,,,B03,,,1,,,,,12,12,1,22,,B03,120.684248,24.157753,3
2022,3,29,16,30,臺中市,北屯區,0,0,0,8,,,50,,,,,,,,,,,,,,,26,,,,,B12,,,1,,1,,,26,26,1,21,,B12,120.688595,24.181827,3
2022,3,29,16,32,臺中市,潭子區,0,0,0,8,,,30,,,,,,,,,,,,,,,5,,,,,B03,,,1,,2,,,5,5,1,22,,B03,120.724757,24.203755,3
2022,3,29,16,33,臺中市,南屯區,0,2,0,8,2,5,50,4,1,1,5,4,5,7,2,1,5,5,4,2,15,25,2,9,1,1,C03,7,9,1,10,2,11,,25,25,1,18,1,C03,120.652992,24.142641,2
2022,3,29,16,33,臺中市,北區,0,0,0,8,,,50,,,,,,,,,,,,,,,42,,,,,B03,,,1,,2,,,42,42,1,22,,B03,120.68501,24.159353,3
2022,3,29,16,38,臺中市,北屯區,0,0,0,8,,,50,,,,,,,,,,,,,,,7,,,,,B03,,,1,,2,,,7,7,1,21,,B03,120.696321,24.184023,3
2022,3,29,16,45,臺中市,西區,0,1,0,8,1,5,50,4,1,1,5,4,5,7,1,1,5,5,5,1,16,23,3,10,1,1,B01,7,6,1,4,2,5,,23,23,1,21,8,B01,120.675975,24.141326,2
2022,3,29,16,47,臺中市,大肚區,0,0,0,,,,30,,,,,,,,,,,,,,,17,,,,,B12,,,1,,2,,,17,17,1,22,,B12,120.572968,24.163739,3
2022,3,29,16,48,臺中市,北區,0,0,0,,,,50,,,,,,,,,,,,,,,44,,,,,B03,,,1,,,,,44,44,1,22,,B03,120.671514,24.172471,3
2022,3,29,16,50,臺中市,西區,0,1,0,8,1,5,50,3,1,1,5,4,5,7,4,4,10,5,5,2,18,43,2,9,1,1,C03,7,9,1,10,1,11,,43,43,1,20,8,C03,120.673517,24.142047,2
2022,3,29,17,3,臺中市,大雅區,0,0,0,8,,,50,,,,,,,,,,,,,,,23,,,,,B03,,,1,,2,,,23,23,1,22,,B03,120.66966,24.222721,3
2022,3,29,17,4,臺中市,南屯區,0,2,0,8,1,5,50,14,9,1,5,4,5,7,4,4,5,4,5,2,17,23,2,9,1,1,B12,7,9,1,8,2,5,,23,23,1,22,8,B12,120.650086,24.13384,2
2022,3,29,17,5,臺中市,南區,0,1,0,8,1,5,50,14,8,1,5,4,5,7,4,4,5,4,4,2,14,12,3,10,1,1,B12,7,2,1,8,2,7,,12,12,1,22,8,B12,120.680563,24.126351,2
2022,3,29,17,12,臺中市,北屯區,0,1,0,8,1,5,50,4,1,1,5,4,5,7,2,1,5,4,5,1,16,23,2,9,1,1,C03,7,9,1,10,2,11,,23,23,1,21,8,C03,120.699346,24.170366,2
2022,3,29,17,12,臺中市,北屯區,0,1,0,8,2,5,30,14,9,1,5,4,5,7,4,4,5,5,5,2,13,19,2,9,1,1,C03,7,1,1,10,2,11,,19,19,1,18,8,C03,120.662,24.1783,2
2022,3,29,17,13,臺中市,烏日區,0,0,0,8,,,50,,,,,,,,,,,,,,,17,,,,,B12,,,1,,2,,,17,17,1,19,,B12,120.624809,24.105243,3
2022,3,29,17,15,臺中市,大甲區,0,0,0,8,,,50,,,,,,,,,,,,,,,23,,,,,B03,,,1,,,,,23,23,1,21,,B03,120.62245,24.35304,3
2022,3,29,17,18,臺中市,西區,0,2,0,8,1,5,50,3,1,1,5,4,5,7,4,4,10,5,5,2,16,9,2,8,1,1,C03,7,6,1,10,2,14,,9,9,1,21,8,C03,120.668831,24.139268,2
2022,3,29,17,19,臺中市,霧峰區,0,2,0,8,1,5,40,14,9,1,5,4,5,7,4,4,5,5,5,1,17,23,2,8,1,1,C03,7,9,1,10,2,14,,23,23,1,21,5,C03,120.695538,24.041503,2
2022,3,29,17,19,臺中市,烏日區,0,1,0,8,1,5,50,3,1,1,5,4,5,7,4,4,10,5,5,2,16,23,3,10,1,1,B03,7,5,1,8,2,1,,23,23,1,21,8,B03,120.638615,24.104548,2
2022,3,29,17,19,臺中市,南屯區,0,1,0,7,1,5,50,14,9,1,5,4,5,7,4,4,5,2,5,1,17,42,3,10,1,1,B12,7,9,1,8,2,15,,44,42,1,22,8,B12,120.575844,24.146933,2
2022,3,29,17,20,臺中市,大里區,0,0,0,8,1,5,30,14,13,1,5,4,5,7,4,4,5,4,5,1,12,19,,,,,B03,,,1,,9,,,19,19,1,5,,B03,120.689663,24.106491,3
2022,3,29,17,22,臺中市,霧峰區,0,1,0,8,1,5,30,14,9,1,5,4,5,7,4,4,10,5,5,2,17,42,3,10,1,1,C03,7,9,1,10,2,14,,42,42,1,21,8,C03,120.687919,24.044418,2
2022,3,29,17,23,臺中市,北屯區,0,1,0,8,1,5,30,3,1,1,5,4,5,7,1,1,10,5,5,2,17,4,3,10,1,1,C03,7,6,1,10,2,12,,4,4,1,21,8,C03,120.714999,24.17418,2
2022,3,29,17,28,臺中市,南屯區,0,2,0,8,1,5,50,4,1,1,5,4,5,7,4,4,10,5,5,2,15,6,2,9,1,1,C03,7,9,1,10,2,14,,6,6,1,22,8,C03,120.606261,24.134161,2
2022,3,29,17,28,臺中市,烏日區,0,2,0,8,1,5,30,3,1,1,5,4,5,7,3,1,10,5,5,2,16,6,2,8,1,1,C03,7,5,1,10,2,13,,6,6,1,21,8,C03,120.601525,24.112908,2
2022,3,29,17,35,臺中市,西屯區,0,0,0,8,,,30,,,,,,,,,,,,,,,43,,,,,B03,,,1,,1,,,43,43,1,4,,B03,120.665518,24.168583,3
2022,3,29,17,35,臺中市,南屯區,0,0,0,8,,,50,,,,,,,,,,,,,,,42,,,,,B02,,,1,,11,,,42,42,1,4,,B02,120.630811,24.144949,3
2022,3,29,17,40,臺中市,神岡區,0,2,0,7,1,5,50,4,1,1,5,4,5,7,1,1,5,4,5,1,17,25,2,9,1,1,C03,7,9,1,10,2,11,,25,25,1,12,8,C03,120.696123,24.251908,2
2022,3,29,17,42,臺中市,西屯區,0,1,0,8,3,5,40,14,8,1,5,4,5,7,4,4,1,4,4,2,16,19,3,10,3,4,B03,7,1,1,8,1,1,,19,19,1,22,8,B03,120.637175,24.159606,2
2022,3,29,17,45,臺中市,西屯區,0,0,0,8,,,40,,,,,,,,,,,,,,,42,,,,,B03,,,1,,2,,,42,42,1,22,,B03,120.608854,24.183908,3
2022,3,29,17,45,臺中市,西屯區,0,0,0,8,,,40,,,,,,,,,,,,,,,43,,,,,B03,,,1,,,,,43,43,1,22,,B03,120.587614,24.171149,3
2022,3,29,17,46,臺中市,梧棲區,0,0,0,8,,,50,,,,,,,,,,,,,,,16,,,,,B12,,,1,,2,,,16,16,1,12,,B12,120.543064,24.256415,3
2022,3,29,17,46,臺中市,北屯區,0,1,0,8,1,5,50,4,1,1,5,4,5,7,1,1,10,5,5,2,16,6,3,10,1,1,B03,7,5,1,8,2,2,,6,6,1,21,8,B03,120.718851,24.172632,2
2022,3,29,17,47,臺中市,西屯區,0,0,0,8,,,50,,,,,,,,,,,,,,,16,,,,,C03,,,1,,1,,,16,16,1,22,,C03,120.649396,24.168486,3
2022,3,29,17,50,臺中市,北屯區,0,0,0,8,,,50,,,,,,,,,,,,,,,42,,,,,B03,,,1,,9,,,42,42,1,5,,B03,120.706908,24.186711,3
2022,3,29,17,50,臺中市,西區,0,0,0,8,,,50,,,,,,,,,,,,,,,42,,,,,C03,,,1,10,1,,,42,42,1,22,,C03,120.661693,24.139613,3
2022,3,29,17,53,臺中市,豐原區,0,0,0,8,,,30,,,,,,,,,,,,,,,43,,,,,,,,,,,,,43,43,1,,,,120.718234,24.237237,3
2022,3,29,17,53,臺中市,后里區,0,0,0,,,,40,,,,,,,,,,,,,,,23,,,,,B12,,,1,,1,,,23,23,1,21,,B12,120.715842,24.307815,3
2022,3,29,17,54,臺中市,霧峰區,0,0,0,8,,,30,,,,,,,,,,,,,,,6,,,,,B12,,,1,,,,,6,6,1,22,,B12,120.670558,24.042561,3
2022,3,29,17,54,臺中市,南屯區,0,0,0,8,,,50,,,,,,,,,,,,,,,19,,,,,B03,,,1,,,,,19,19,1,5,,B03,120.643866,24.137081,3
2022,3,29,17,56,臺中市,南屯區,0,1,0,8,2,5,50,14,7,1,5,4,5,7,4,4,5,4,4,2,16,26,3,10,1,1,B03,7,5,1,8,2,8,,26,26,1,22,8,B03,120.607016,24.127316,2
2022,3,29,18,2,臺中市,西屯區,0,0,0,8,,,80,,,,,,,,,,,,,,,44,,,,,B03,,,1,,1,,,44,44,1,22,,B03,120.633613,24.173738,3
2022,3,29,18,2,臺中市,大里區,0,1,0,8,3,5,50,3,2,1,5,4,5,7,4,4,10,5,5,2,13,16,2,8,1,1,C03,7,9,1,10,2,11,,16,16,1,2,1,C03,120.698438,24.109476,2
2022,3,29,18,5,臺中市,北區,0,0,0,,,,,,,,,,,,,,,,,,,16,,,,,B03,,,1,,,,,44,16,1,22,,B03,120.679298,24.165404,3
2022,3,29,18,10,臺中市,清水區,0,0,0,,,,50,,,,,,,,,,,,,,,12,,,,,B03,,,1,,2,,,12,12,1,19,,B03,120.574288,24.266641,3
2022,3,29,18,25,臺中市,沙鹿區,0,1,0,8,3,5,40,14,8,1,5,4,5,7,4,4,1,4,1,1,12,43,2,9,1,1,C03,7,9,3,18,2,14,,43,43,1,19,5,C03,120.572113,24.232797,2
2022,3,29,18,31,臺中市,南區,0,1,0,8,3,5,50,5,1,1,5,4,5,7,1,1,9,4,5,2,12,8,2,9,1,1,C03,7,5,1,10,2,14,,8,8,1,5,1,C03,120.658741,24.1172,2
2022,3,29,18,35,臺中市,西屯區,0,1,0,8,3,5,40,14,9,1,5,4,5,7,4,4,8,3,4,1,17,23,2,9,1,1,C03,7,9,1,10,2,11,,23,23,1,22,8,C03,120.658269,24.159138,2
2022,3,29,18,35,臺中市,西屯區,0,1,0,8,3,5,50,3,1,1,5,4,5,7,4,4,5,4,5,2,16,6,3,10,3,4,B03,7,5,1,8,1,6,,6,6,1,22,8,B03,120.60754,24.195238,2
2022,3,29,18,35,臺中市,大里區,0,0,0,8,,,50,,,,,,,,,,,,,,,19,,,,,B12,,,1,,9,,,19,19,1,9,,B12,120.694561,24.111588,3
2022,3,29,18,36,臺中市,東區,0,0,0,8,,,50,,,,,,,,,,,,,,,19,,,,,B03,,,1,,2,,,19,19,1,22,,B03,120.688965,24.134211,3
2022,3,29,18,41,臺中市,北屯區,0,0,0,8,,,50,,,,,,,,,,,,,,,17,,,,,B03,,,1,,1,,,17,17,1,21,,B03,120.686421,24.181511,3
2022,3,29,18,44,臺中市,南屯區,0,0,0,8,,,50,,,,,,,,,,,,,,,42,,,,,B12,,,3,,,,,42,42,1,22,,B12,120.61484,24.14813,3
2022,3,29,18,45,臺中市,梧棲區,0,1,0,8,3,5,30,4,1,1,5,4,5,7,4,4,10,5,5,2,16,6,3,10,1,1,C03,7,5,1,10,2,14,,6,6,1,10,8,C03,120.541217,24.226137,2
2022,3,29,18,46,臺中市,南屯區,0,1,0,8,3,5,50,14,9,1,5,4,5,7,4,4,1,3,5,2,13,23,3,10,1,1,C03,7,9,1,10,2,11,,23,23,1,22,8,C03,120.646748,24.149718,2
2022,3,29,18,46,臺中市,神岡區,0,1,0,8,3,5,50,3,1,1,5,4,5,7,1,1,10,5,5,2,16,25,3,10,1,1,B03,7,9,1,8,2,5,,25,25,1,22,9,B03,120.682581,24.246215,2
2022,3,29,18,46,臺中市,南屯區,0,2,0,8,3,5,50,14,9,1,5,4,5,7,4,4,1,3,5,2,17,43,2,9,1,1,C03,7,9,1,10,2,14,,43,43,1,22,8,C03,120.646748,24.149718,2
2022,3,29,18,48,臺中市,西區,0,0,0,8,,,30,,,,,,,,,,,,,,,6,,,,,C03,,,1,,1,,,6,6,1,22,,C03,120.656192,24.143217,3
2022,3,29,18,50,臺中市,南區,0,0,0,8,,,50,,,,,,,,,,,,,,,38,,,,,C03,,,1,,3,,,38,38,1,22,,C03,120.666151,24.114011,3
2022,3,29,18,51,臺中市,南區,0,1,0,8,3,5,50,4,18,1,5,4,5,7,1,1,5,5,5,2,3,23,3,10,1,1,B03,7,5,1,8,2,8,,23,23,1,21,8,B03,120.657822,24.116171,2
2022,3,29,18,56,臺中市,大里區,0,0,0,8,,,50,,,,,,,,,,,,,,,6,,,,,B03,,,1,,2,,,6,6,1,22,,B03,120.681257,24.115295,3
2022,3,29,19,0,臺中市,神岡區,0,0,0,8,,,30,,,,,,,,,,,,,,,5,,,,,B12,,,1,,11,,,5,5,1,12,,B12,120.691772,24.241034,3
2022,3,29,19,1,臺中市,潭子區,0,0,0,8,,,50,,,,,,,,,,,,,,,23,,,,,C03,,,1,,,,,23,23,1,22,,C03,120.696733,24.193997,3
2022,3,29,19,3,臺中市,南屯區,0,1,0,8,3,5,50,4,1,1,5,4,5,7,2,1,1,2,4,2,16,6,3,10,1,1,B03,7,6,1,8,2,5,2,6,6,1,21,8,B03,120.647748,24.150788,2
2022,3,29,19,11,臺中市,西區,0,0,0,8,,,50,,,,,,,,,,,,,,,42,,,,,B03,,,1,,,,,42,42,1,22,,B03,120.657501,24.150392,3
2022,3,29,19,17,臺中市,東勢區,0,1,0,8,3,5,50,14,9,1,5,4,5,7,4,4,5,4,5,1,14,12,3,10,1,1,B12,7,2,1,8,2,5,,12,12,1,22,9,B12,120.827811,24.257901,2
2022,3,29,19,27,臺中市,梧棲區,0,0,0,8,,,50,,,,,,,,,,,,,,,10,,,,,B02,,,1,,2,,,10,10,1,3,,B02,120.529623,24.25468,3
2022,3,29,19,27,臺中市,清水區,0,0,0,8,,,60,,,,,,,,,,,,,,,17,,,,,B03,,,1,,2,,,17,17,1,21,,B03,120.540499,24.289562,3
2022,3,29,19,31,臺中市,西屯區,0,1,0,8,3,5,40,14,8,1,5,4,5,7,4,4,1,5,1,2,13,16,2,9,1,1,C04,7,9,1,10,2,11,,16,16,1,22,8,C04,120.624099,24.178958,2
2022,3,29,19,32,臺中市,潭子區,0,0,0,8,,,40,,,,,,,,,,,,,,,7,,,,,B03,,,1,,2,,,7,7,1,22,,B03,120.720821,24.228824,3
2022,3,29,19,32,臺中市,南屯區,0,2,0,8,1,5,50,14,9,1,5,4,5,7,4,4,5,5,5,2,17,19,2,9,1,1,C03,7,1,1,10,2,12,,19,19,1,22,8,C03,120.649303,24.142635,2
2022,3,29,19,40,臺中市,烏日區,0,1,0,8,3,5,50,8,8,1,5,4,5,7,4,4,1,4,4,2,23,23,2,9,1,1,C03,7,9,1,10,2,12,,23,23,1,18,8,C03,120.614259,24.106409,2
2022,3,29,19,40,臺中市,豐原區,0,1,0,8,1,5,30,14,9,1,5,4,5,7,4,4,10,5,5,1,16,11,3,10,2,1,G03,7,11,1,10,7,1,,11,11,1,9,8,G03,120.73255,24.270241,2
2022,3,29,19,41,臺中市,北區,0,0,0,8,,,50,,,,,,,,,,,,,,,23,,,,,B03,,,1,,2,,,23,23,1,22,,B03,120.685121,24.161286,3
2022,3,29,19,43,臺中市,西屯區,0,2,0,8,3,5,50,14,9,1,5,4,5,7,4,4,1,4,5,2,13,16,3,10,3,4,B03,7,9,1,8,2,1,,16,16,1,22,8,B03,120.64335,24.164216,2
2022,3,29,19,47,臺中市,南屯區,0,0,0,8,,,50,,,,,,,,,,,,,,,8,,,,,C03,,,1,,1,,,8,8,1,4,,C03,120.639397,24.144469,3
2022,3,29,19,47,臺中市,南區,0,2,0,8,3,5,50,4,1,1,5,4,5,7,3,1,10,5,5,2,15,6,2,9,1,1,C03,7,9,1,10,2,13,,6,6,1,22,8,C03,120.666795,24.115732,2
2022,3,29,19,48,臺中市,北區,0,1,0,7,3,5,50,4,1,1,5,4,5,7,4,4,5,4,4,1,16,6,3,10,3,4,B03,7,9,1,8,2,4,,6,6,1,22,9,B03,120.676496,24.171416,2
2022,3,29,19,53,臺中市,北屯區,0,0,0,8,,,30,,,,,,,,,,,,,,,23,,,,,A12,,,1,,2,,,23,23,1,21,,A12,120.663585,24.19977,3
2022,3,29,19,59,臺中市,后里區,0,2,0,8,3,5,60,14,7,1,5,4,5,7,2,1,1,3,4,1,13,16,2,9,1,1,C03,7,9,1,10,2,14,,16,16,1,22,8,C03,120.724114,24.315121,2
2022,3,29,20,5,臺中市,北區,0,0,0,8,,,50,,,,,,,,,,,,,,,23,,,,,B03,,,1,,2,,,23,23,1,5,,B03,120.672421,24.169988,3
2022,3,29,20,7,臺中市,大里區,0,0,0,8,3,5,50,14,9,1,5,4,5,7,4,4,5,4,5,1,13,16,,,,,B03,,,1,,2,,,16,16,1,5,,B03,120.69449,24.100771,3
2022,3,29,20,9,臺中市,大安區,0,1,0,8,3,5,50,15,9,1,5,4,5,7,4,4,5,4,5,1,26,42,2,9,1,1,B03,7,9,1,8,8,5,2,42,42,1,21,8,B03,120.5944,24.34539,2
2022,3,29,20,11,臺中市,北屯區,0,0,0,8,,,50,,,,,,,,,,,,,,,12,,,,,B03,,,1,,1,,,12,12,1,4,,B03,120.698501,24.162068,3
2022,3,29,20,11,臺中市,南屯區,0,2,0,8,3,5,30,3,1,1,5,4,5,7,4,4,5,4,4,2,17,11,2,9,4,1,F01,7,11,8,20,8,15,,11,11,1,22,8,F01,120.636045,24.133991,2
2022,3,29,20,20,臺中市,清水區,0,0,0,,,,70,,,,,,,,,,,,,,,23,,,,,B03,,,1,,2,,,23,23,1,5,,B03,120.565701,24.267001,3
2022,3,29,20,26,臺中市,北屯區,0,1,0,8,3,5,50,4,1,1,5,4,5,7,1,1,10,5,5,2,15,25,2,8,1,1,C03,7,9,1,10,2,11,12,25,25,1,5,8,C03,120.718946,24.171451,2
2022,3,29,20,27,臺中市,大雅區,0,2,0,8,3,5,30,3,1,1,5,4,5,7,4,4,10,5,5,2,16,6,2,9,1,1,C03,7,5,1,10,2,11,,6,6,1,22,9,C03,120.64928,24.230743,2
2022,3,29,20,29,臺中市,大甲區,0,1,0,8,3,5,25,14,9,1,5,4,5,7,4,4,1,4,5,1,13,42,2,9,1,1,B03,7,14,1,8,2,5,,42,42,1,21,8,B03,120.64591,24.37248,2
2022,3,29,20,40,臺中市,神岡區,0,1,0,8,1,5,50,4,1,1,5,4,5,7,1,1,1,4,5,1,17,40,3,10,1,1,B03,7,13,1,8,2,4,,40,40,1,12,8,B03,120.696351,24.248334,2
2022,3,29,20,41,臺中市,北區,0,0,0,8,,,50,,,,,,,,,,,,,,,43,,,,,B03,,,1,,2,,,43,43,1,22,,B03,120.69198,24.157964,3
2022,3,29,20,45,臺中市,潭子區,0,2,0,8,3,5,50,14,7,1,5,4,5,7,4,4,9,4,4,2,12,23,2,9,1,1,C03,7,9,1,10,2,11,,23,23,1,22,8,C03,120.700765,24.194289,2
2022,3,29,20,50,臺中市,西屯區,0,0,0,8,,,50,,,,,,,,,,,,,,,7,,,,,B03,,,1,,1,,,7,7,1,4,,B03,120.622271,24.186178,3
2022,3,29,20,51,臺中市,大甲區,0,0,0,,,,70,,,,,,,,,,,,,,,67,,,,,B03,,,1,,2,,,67,67,1,22,,B03,120.645012,24.371184,3
2022,3,29,21,4,臺中市,北屯區,0,0,0,8,,,40,,,,,,,,,,,,,,,19,,,,,B03,,,1,,2,,,19,19,1,22,,B03,120.683213,24.17495,3
2022,3,29,21,30,臺中市,東區,0,1,0,8,3,5,50,4,2,1,5,4,5,7,1,1,9,4,5,2,11,6,3,10,1,1,B03,7,5,1,8,2,5,,6,6,1,5,1,B03,120.701255,24.138861,2
2022,3,29,21,33,臺中市,北區,0,3,0,8,3,5,50,4,2,1,5,4,5,7,1,1,1,2,5,2,17,16,2,9,1,1,C03,7,9,1,10,2,11,,16,16,1,20,8,C03,120.671711,24.171703,2