年,月,日,時,分,縣市,區,死,受傷,2-30,天候,光線,道路類別,速限,道路型態,事故位置,路面鋪裝,路面狀態,路面缺陷,障礙物,視距,號誌種類,號誌動作,分向設施,快車道或一般車道間,快慢車道間,路面邊線,事故類型及型態,主要肇因,受傷程度,主要傷處,保護裝備,行動電話,當事者區分,車輛用途,當事者行動狀態,駕駛資格情形,駕駛執照種類,飲酒情形,車輛撞擊部位最初,車輛撞擊部位其他,肇事因素個別,肇事因素主要,肇事逃逸,職業,旅次目的,車種,GPS緯度,GPS經度,事故類別
2022,3,29,21,54,臺中市,西區,0,0,0,8,,,50,,,,,,,,,,,,,,,26,,,,,B03,,,1,,1,,,26,26,1,22,,B03,120.660168,24.150661,3
2022,3,29,22,0,臺中市,西區,0,2,0,8,3,5,50,3,1,1,5,4,5,7,1,1,10,5,5,2,16,6,3,10,1,1,B03,7,6,2,18,2,2,,6,6,1,22,9,B03,120.665314,24.143222,2
2022,3,29,22,3,臺中市,南屯區,0,0,0,,,,50,,,,,,,,,,,,,,,6,,,,,C03,,,1,,1,,,6,6,1,22,,C03,120.635393,24.141587,3
2022,3,29,22,10,臺中市,西屯區,0,2,0,8,3,5,30,4,1,1,5,4,5,7,4,4,10,5,5,2,13,23,2,9,3,4,C03,7,9,1,10,2,11,,23,23,1,22,8,C03,120.642768,24.176353,2
2022,3,29,22,21,臺中市,北屯區,0,2,0,8,3,5,50,14,9,1,5,4,5,7,4,4,1,4,5,1,13,23,2,9,1,1,C03,7,9,3,18,2,11,,23,23,1,21,8,C03,120.67729,24.173395,2
2022,3,29,22,32,臺中市,西屯區,0,1,0,8,3,5,30,14,9,1,5,4,3,5,4,4,10,5,5,2,16,23,2,9,3,4,C03,7,9,1,10,2,12,,23,23,1,22,8,C03,120.645505,24.166443,2
2022,3,29,22,59,臺中市,大里區,0,1,0,8,1,5,40,14,9,1,5,4,5,7,4,4,9,5,5,1,17,26,2,9,1,1,C03,7,9,1,10,2,15,,26,26,1,3,8,C03,120.710249,24.090395,2
2022,3,29,23,15,臺中市,北屯區,0,0,0,8,,,50,,,,,,,,,,,,,,,23,,,,,B03,,,1,,2,,,23,23,1,21,,B03,120.686492,24.18825,3
2022,3,29,23,31,臺中市,西區,0,1,0,8,3,5,50,3,1,1,5,4,5,7,1,1,10,5,5,2,13,16,2,9,1,1,C03,7,9,1,10,2,11,,16,16,1,22,9,C03,120.661743,24.16016,2
2022,3,30,0,5,臺中市,東區,0,1,0,8,3,5,50,4,1,1,5,4,5,7,1,1,10,5,5,2,17,6,3,10,1,1,B03,7,5,1,8,2,1,,6,6,1,22,8,B03,120.704457,24.142744,2
2022,3,30,0,38,臺中市,神岡區,1,0,0,8,3,5,50,3,1,1,5,4,5,7,3,1,10,5,5,2,25,21,1,3,1,4,B03,7,9,6,8,7,1,,21,21,1,22,9,B03,120.65662,24.251015,1
2022,3,30,1,18,臺中市,南區,0,1,0,8,3,5,50,3,1,1,5,4,5,7,4,4,10,5,5,2,16,6,3,10,3,4,B03,7,6,1,8,2,5,,6,6,1,5,8,B03,120.65859,24.117166,2
2022,3,30,2,10,臺中市,大甲區,0,0,0,8,,,50,,,,,,,,,,,,,,,6,,,,,B03,,,1,,2,,,6,6,1,9,,B03,120.621961,24.34425,3
2022,3,30,2,38,臺中市,西屯區,0,2,0,8,3,5,40,4,1,1,5,4,5,7,1,1,5,4,4,2,16,19,2,9,1,1,C03,7,1,1,10,2,14,,19,19,1,22,8,C03,120.645628,24.172201,2
2022,3,30,3,29,臺中市,北區,0,0,0,8,,,50,,,,,,,,,,,,,,,7,,,,,B03,,,1,,2,,,7,7,1,21,,B03,120.670056,24.166886,3
2022,3,30,4,41,臺中市,南屯區,0,1,0,8,3,5,50,4,1,1,5,4,5,7,3,1,10,5,5,2,15,6,3,10,1,1,B03,7,9,1,8,1,4,,6,6,1,22,8,B03,120.641337,24.129531,2
2022,3,30,5,46,臺中市,東勢區,0,0,0,8,,,60,,,,,,,,,,,,,,,23,,,,,B12,,,1,,2,,,23,23,1,21,,B12,120.83012,24.248445,3
2022,3,30,5,53,臺中市,后里區,0,4,0,8,2,5,50,4,1,1,5,4,5,7,3,1,5,2,4,1,15,6,2,9,1,1,B03,7,9,6,18,2,2,,6,6,1,21,8,B03,120.717266,24.302635,2
2022,3,30,6,34,臺中市,石岡區,0,0,0,8,1,5,70,4,2,1,5,4,5,7,2,1,1,5,5,1,13,16,3,10,3,4,B03,7,1,1,8,2,1,,16,16,1,22,8,B03,120.773924,24.27487,3
2022,3,30,6,38,臺中市,霧峰區,0,0,0,8,1,5,50,4,1,1,5,4,5,7,4,4,10,5,5,2,16,6,,,,,B03,,,1,,2,,,6,6,1,11,,B03,120.656106,24.076547,3
2022,3,30,7,4,臺中市,北屯區,0,2,0,8,1,5,50,4,1,1,5,4,5,7,2,1,10,5,5,2,15,25,2,9,1,1,C03,7,9,3,18,2,14,,25,25,1,21,8,C03,120.68543,24.170816,2
2022,3,30,7,15,臺中市,后里區,0,0,0,8,,,50,,,,,,,,,,,,,,,17,3,10,1,1,B03,7,9,1,8,2,2,,17,17,1,4,1,B03,120.726936,24.307745,3
2022,3,30,7,15,臺中市,豐原區,0,0,0,8,,,50,,,,,,,,,,,,,,,42,,,,,B03,,,7,,9,,,42,42,2,22,,B03,120.703123,24.249458,3
2022,3,30,7,18,臺中市,大雅區,0,0,0,8,,,60,,,,,,,,,,,,,,,26,,,,,B02,,,1,,2,,,26,26,1,22,,B02,120.649346,24.21615,3
2022,3,30,7,20,臺中市,大雅區,0,0,0,8,,,50,,,,,,,,,,,,,,,7,,,,,B03,,,1,,2,,,7,7,1,22,,B03,120.648815,24.217354,3
2022,3,30,7,20,臺中市,神岡區,0,1,0,8,1,5,50,14,7,1,5,4,5,7,4,4,9,5,4,2,16,19,3,10,1,1,B03,7,1,1,8,2,4,,19,19,1,21,8,B03,120.656751,24.251911,2
2022,3,30,7,27,臺中市,西屯區,0,1,0,8,1,5,50,4,1,1,5,4,5,7,1,1,4,5,5,2,18,42,2,9,1,1,C03,7,9,1,10,2,14,,42,42,1,22,8,C03,120.650761,24.166433,2
2022,3,30,7,30,臺中市,外埔區,0,1,0,7,1,5,50,14,9,1,5,4,5,7,3,1,4,3,4,1,13,16,2,8,1,1,C03,7,9,1,10,2,11,,16,16,1,22,8,C03,120.65186,24.333163,2
2022,3,30,7,36,臺中市,大甲區,0,1,0,7,1,5,50,14,9,1,5,4,5,7,4,4,5,5,5,1,13,23,3,10,1,1,B03,7,9,1,8,2,1,,23,23,1,22,1,B03,120.623031,24.347578,2
2022,3,30,7,36,臺中市,北屯區,0,0,0,8,,,50,,,,,,,,,,,,,,,23,,,,,C03,,,1,,9,,,23,23,1,4,,C03,120.739906,24.16058,3
2022,3,30,7,39,臺中市,豐原區,0,1,0,8,1,5,50,4,1,1,5,4,5,7,4,4,10,5,5,2,18,14,2,8,1,1,C03,7,9,1,10,2,14,,14,14,1,21,8,C03,120.732305,24.2517,2
2022,3,30,7,39,臺中市,東區,0,1,0,8,1,5,50,4,1,1,5,4,5,7,2,1,10,5,5,2,16,6,3,10,1,1,B01,7,5,1,4,2,8,,6,6,1,10,8,B01,120.689298,24.140058,2
2022,3,30,7,40,臺中市,神岡區,0,1,0,8,1,5,50,3,1,1,5,4,5,7,4,4,5,4,4,2,17,7,3,10,1,1,B03,7,8,1,8,2,2,,7,7,1,12,8,B03,120.679431,24.249574,2
2022,3,30,7,40,臺中市,西屯區,0,0,0,8,,,40,,,,,,,,,,,,,,,23,,,,,,,,,,,,,23,23,1,,,,120.645855,24.164369,3
2022,3,30,7,42,臺中市,大里區,0,3,0,8,1,5,50,14,9,1,5,4,5,7,4,4,5,4,5,1,10,4,2,9,1,1,C03,7,15,1,10,2,11,,4,4,1,22,8,C03,120.686423,24.095511,2
2022,3,30,7,48,臺中市,南屯區,0,1,0,8,1,5,50,4,4,1,5,4,5,7,1,1,1,4,5,2,13,16,2,8,1,1,C03,7,9,1,10,2,11,,16,16,1,18,8,C03,120.64681,24.14674,2
2022,3,30,7,52,臺中市,南區,0,3,0,8,1,5,50,4,1,1,5,4,5,7,1,1,10,5,5,2,16,26,2,9,1,1,C03,7,1,1,10,2,14,,26,26,1,22,8,C03,120.649993,24.111764,2
2022,3,30,7,56,臺中市,北屯區,0,2,0,8,1,5,50,14,9,1,5,4,5,7,4,4,1,4,5,2,13,23,3,10,1,1,B03,7,9,1,8,2,1,,23,23,1,22,8,B03,120.701425,24.18008,2
2022,3,30,7,59,臺中市,大里區,0,0,0,8,,,50,,,,,,,,,,,,,,,9,,,,,B03,,,1,,2,,,9,9,1,21,,B03,120.694197,24.100186,3
2022,3,30,8,1,臺中市,南屯區,0,2,0,8,1,5,50,3,1,1,5,4,5,7,4,4,10,5,5,2,17,42,2,9,1,1,C03,7,9,1,10,2,11,,42,42,1,5,1,C03,120.636427,24.154276,2
2022,3,30,8,6,臺中市,外埔區,0,0,0,8,1,3,50,4,1,1,5,4,5,7,4,4,9,5,5,2,10,6,,,,,B03,,,1,,2,,,6,6,1,5,,B03,120.638144,24.342211,3
2022,3,30,8,14,臺中市,西屯區,0,1,0,8,1,5,30,14,9,1,5,4,5,7,4,4,10,5,5,2,16,17,2,7,1,1,C03,7,9,1,10,1,14,,17,17,1,4,8,C03,120.649096,24.174858,2
2022,3,30,8,18,臺中市,大里區,0,2,0,8,1,5,30,3,1,1,5,4,5,7,4,4,10,5,5,2,16,4,2,8,1,1,C03,7,5,1,10,2,11,,23,4,1,22,8,C03,120.677953,24.09441,2
2022,3,30,8,19,臺中市,西屯區,0,2,0,8,1,5,30,3,1,1,5,4,5,7,4,4,10,5,5,2,16,6,2,9,1,1,C03,7,9,1,10,2,14,,6,6,1,4,8,C03,120.647653,24.176046,2
2022,3,30,8,20,臺中市,大雅區,0,0,0,8,,,50,,,,,,,,,,,,,,,23,,,,,B03,,,1,,2,,,23,23,1,22,,B03,120.66999,24.223768,3
2022,3,30,8,20,臺中市,南屯區,0,2,0,8,1,5,40,14,8,1,5,4,5,7,4,4,1,4,1,2,13,16,2,9,1,1,B03,7,9,1,8,2,1,,16,16,1,22,8,B03,120.622906,24.148045,2
2022,3,30,8,25,臺中市,西屯區,0,1,0,8,1,5,50,14,8,1,5,4,5,7,4,4,9,4,4,2,12,9,3,10,1,1,B03,7,6,1,8,2,2,,9,9,1,12,8,B03,120.641818,24.15929,2
2022,3,30,8,27,臺中市,南區,0,0,0,8,,,50,,,,,,,,,,,,,,,23,,,,,B03,,,1,,2,,,23,23,1,22,,B03,120.668462,24.12939,3
2022,3,30,8,27,臺中市,西區,0,1,0,8,1,5,50,4,1,1,5,4,5,7,1,1,10,5,5,2,16,6,3,10,1,1,B03,7,5,1,8,2,5,,6,6,1,21,8,B03,120.652997,24.146726,2
2022,3,30,8,29,臺中市,南區,0,2,0,8,1,5,30,4,1,1,5,4,5,7,4,4,10,5,5,2,15,6,2,9,1,1,C03,7,9,1,10,2,14,,6,6,1,5,8,C03,120.669266,24.123004,2
2022,3,30,8,30,臺中市,西屯區,0,1,0,8,1,5,40,14,8,1,5,4,5,7,4,4,1,4,4,1,16,7,3,10,1,4,B03,7,8,1,8,2,2,,7,7,1,4,8,B03,120.654928,24.201136,2
2022,3,30,8,30,臺中市,大里區,0,1,0,8,1,5,50,14,8,1,5,4,5,7,4,4,1,4,4,1,13,23,3,10,1,1,C03,7,9,1,10,2,11,,23,23,1,22,8,C03,120.692643,24.09088,2
2022,3,30,8,32,臺中市,霧峰區,0,1,0,8,1,5,50,3,1,1,5,4,5,7,1,1,10,5,5,1,16,8,2,9,1,1,C03,7,5,1,10,2,13,,8,8,1,18,8,C03,120.714264,24.075698,2
2022,3,30,8,33,臺中市,中區,0,1,0,8,1,5,50,14,9,1,5,4,5,7,4,4,5,4,5,2,16,26,3,10,1,1,B03,7,5,1,8,2,2,,26,26,1,5,5,B03,120.681501,24.140786,2
2022,3,30,8,40,臺中市,大里區,0,0,0,8,,,30,,,,,,,,,,,,,,,12,,,,,B12,,,1,,2,,,12,12,1,22,,B12,120.70371,24.082251,3
2022,3,30,8,41,臺中市,西屯區,0,0,0,8,,,80,,,,,,,,,,,,,,,16,,,,,B03,,,1,,2,,,16,16,1,22,,B03,120.632614,24.17112,3
2022,3,30,8,42,臺中市,龍井區,0,1,0,8,1,5,50,14,9,1,5,4,5,7,4,4,5,4,5,1,12,19,2,9,1,1,C03,7,1,1,10,2,11,,19,19,1,12,8,C03,120.533368,24.200785,2
2022,3,30,8,49,臺中市,西屯區,0,0,0,8,,,50,,,,,,,,,,,,,,,12,,,,,B03,,,1,,11,,,12,12,2,22,,B03,120.625127,24.158061,3
2022,3,30,8,54,臺中市,大里區,0,2,0,8,1,5,50,3,1,1,5,4,5,7,4,4,5,4,4,2,11,6,2,9,1,1,C03,7,5,1,10,2,12,,6,6,1,22,8,C03,120.694834,24.099959,2
2022,3,30,8,55,臺中市,南區,0,0,0,8,,,50,,,,,,,,,,,,,,,23,,,,,A12,,,1,,2,,,23,23,1,22,,A12,120.669009,24.125277,3
2022,3,30,9,1,臺中市,北屯區,0,0,0,8,,,60,,,,,,,,,,,,,,,23,,,,,B03,,,1,,1,,,23,23,1,21,,B03,120.733262,24.161052,3
2022,3,30,9,1,臺中市,西屯區,0,0,0,8,,,1,,,,,,,,,,,,,,,12,,,,,B03,,,1,,1,,,12,12,1,22,,B03,120.644995,24.184296,3
2022,3,30,9,10,臺中市,沙鹿區,0,2,0,8,1,5,50,3,1,1,5,4,5,7,4,4,5,5,5,1,17,19,2,9,1,1,B01,7,1,1,2,2,8,,19,19,1,10,9,B01,120.601217,24.258122,2
2022,3,30,9,12,臺中市,西區,0,1,0,8,1,5,50,3,2,1,5,4,5,7,4,4,1,2,1,1,13,23,3,10,1,1,C03,7,9,1,10,2,11,,23,23,1,21,8,C03,120.669353,24.151588,2
2022,3,30,9,20,臺中市,清水區,0,1,0,8,1,5,70,14,7,1,5,4,5,7,1,1,1,4,3,2,13,45,3,10,1,1,A41,7,9,1,2,2,1,,45,45,1,5,1,A41,120.564446,24.296968,2
2022,3,30,9,27,臺中市,南屯區,0,1,0,8,1,5,50,4,1,1,5,4,5,7,1,1,10,5,5,2,16,9,3,10,1,1,B02,7,6,1,7,2,2,,9,9,1,9,8,B02,120.63086,24.14665,2
2022,3,30,9,30,臺中市,南屯區,0,0,0,8,,,40,,,,,,,,,,,,,,,12,,,,,B03,,,1,,2,,,12,12,1,22,,B03,120.638819,24.148925,3
2022,3,30,9,36,臺中市,西屯區,0,0,0,8,,,40,,,,,,,,,,,,,,,23,,,,,C03,,,1,,11,,,23,23,2,22,,C03,120.608117,24.18427,3
2022,3,30,9,36,臺中市,梧棲區,0,0,0,8,,,30,,,,,,,,,,,,,,,6,,,,,A12,,,1,,2,,,6,6,1,3,,A12,120.550816,24.260048,3
2022,3,30,9,40,臺中市,北屯區,0,2,0,8,1,5,30,4,1,1,5,4,5,7,4,4,10,5,5,2,15,6,3,10,1,1,B03,7,9,1,8,2,2,,6,6,1,21,8,B03,120.692756,24.166983,2
2022,3,30,9,49,臺中市,大肚區,0,2,0,4,1,5,30,14,9,1,5,4,5,7,4,4,10,5,5,2,9,42,2,9,3,4,F03,7,9,8,20,2,16,,42,42,1,22,9,F03,120.579258,24.171965,2
2022,3,30,9,50,臺中市,大雅區,0,1,0,8,1,5,50,14,9,1,5,4,5,7,4,4,5,5,5,1,12,23,3,10,1,1,A12,7,9,1,3,9,15,,23,23,1,22,9,A12,120.643702,24.22043,2
2022,3,30,10,9,臺中市,西屯區,0,9,0,8,1,5,40,4,1,1,5,4,5,7,1,1,9,4,1,2,16,26,2,9,1,1,B03,7,5,1,8,2,2,,26,26,1,12,8,B03,120.631926,24.170806,2
2022,3,30,10,20,臺中市,大雅區,0,1,0,8,1,5,30,4,1,1,5,4,5,7,1,1,9,4,5,1,17,25,3,10,1,1,B03,7,1,1,8,2,4,,25,25,1,22,9,B03,120.654354,24.229388,2
2022,3,30,10,24,臺中市,中區,0,1,0,8,1,5,50,4,1,1,5,4,5,7,2,1,10,5,5,2,16,8,2,8,1,1,C03,7,5,1,10,2,14,,8,8,1,9,9,C03,120.680272,24.143142,2
2022,3,30,10,29,臺中市,沙鹿區,0,2,0,8,1,5,50,14,7,1,5,4,5,7,4,4,5,5,4,2,17,42,2,7,1,1,C03,7,15,1,10,2,12,,42,42,1,5,1,C03,120.578531,24.221572,2
2022,3,30,10,33,臺中市,南屯區,0,0,0,8,,,50,,,,,,,,,,,,,,,16,,,,,C03,,,1,,1,,,16,16,1,22,,C03,120.6545,24.140039,3
2022,3,30,10,34,臺中市,東區,0,1,0,8,1,5,50,14,7,1,5,4,5,7,4,4,5,5,4,2,12,23,3,10,1,1,B01,7,9,1,4,2,2,,23,23,1,10,8,B01,120.687617,24.129397,2
2022,3,30,10,41,臺中市,南區,0,2,0,8,1,5,40,4,2,1,5,4,5,7,1,1,5,4,4,2,12,23,2,9,1,1,C03,7,9,1,10,2,11,,44,23,1,21,8,C03,120.657943,24.117891,2
2022,3,30,10,43,臺中市,大里區,0,2,0,8,1,5,50,4,2,1,5,4,5,7,1,1,10,5,5,2,16,8,2,9,1,1,C03,7,5,4,10,2,11,,8,8,1,22,8,C03,120.713346,24.094189,2
2022,3,30,10,59,臺中市,大里區,0,1,0,8,1,5,50,3,2,1,5,4,5,7,4,4,5,5,5,1,17,23,2,9,3,4,C03,7,9,1,10,2,12,,23,23,1,22,8,C03,120.682366,24.105165,2
2022,3,30,11,14,臺中市,南區,0,0,0,8,1,5,50,14,9,1,5,4,5,7,4,4,1,2,5,2,12,7,,,,,B12,,,6,,2,,,7,7,1,5,,B12,120.66189,24.122275,3
2022,3,30,11,14,臺中市,南區,0,1,0,8,1,5,50,4,2,1,5,4,5,7,1,1,10,5,5,2,13,23,3,10,1,1,A04,7,9,1,2,2,1,,23,23,1,5,8,A04,120.66157,24.121601,2
2022,3,30,11,23,臺中市,大里區,0,0,0,8,,,50,,,,,,,,,,,,,,,42,,,,,A41,,,1,,2,,,42,42,1,4,,A41,120.688631,24.080636,3
2022,3,30,11,27,臺中市,后里區,0,0,0,8,,,50,,,,,,,,,,,,,,,12,,,,,B12,,,1,,2,,,26,26,1,10,,B12,120.718195,24.310863,3
2022,3,30,11,28,臺中市,大里區,0,0,0,8,,,50,,,,,,,,,,,,,,,17,,,,,B03,,,1,,2,,,17,17,1,22,,B03,120.697935,24.089985,3
2022,3,30,11,33,臺中市,潭子區,0,1,0,8,1,5,60,4,1,1,5,4,5,7,1,1,1,4,4,1,15,25,3,10,1,1,C03,7,9,1,10,2,12,,25,25,1,22,8,C03,120.705127,24.207127,2
2022,3,30,11,35,臺中市,神岡區,0,1,0,8,1,5,50,14,9,1,5,4,5,7,4,4,9,4,5,1,17,42,3,10,1,1,B12,7,9,1,8,2,3,,42,42,1,12,8,B12,120.661611,24.269748,2
2022,3,30,11,46,臺中市,北區,0,0,0,8,,,50,,,,,,,,,,,,,,,1,,,,,B03,,,1,,1,,,1,1,1,22,,B03,120.674561,24.173545,3
2022,3,30,11,52,臺中市,南屯區,0,2,0,8,1,5,50,4,1,1,5,4,5,7,1,1,10,5,5,2,15,25,2,9,1,1,C03,7,9,1,10,2,11,,25,25,1,22,8,C03,120.626086,24.140349,2
2022,3,30,12,0,臺中市,清水區,0,2,0,6,1,5,50,4,1,1,4,4,5,7,2,1,1,3,4,1,16,8,2,9,1,1,C03,7,5,1,10,2,11,,8,8,1,21,8,C03,120.577053,24.272998,2
2022,3,30,12,3,臺中市,西屯區,0,2,0,8,1,5,50,14,7,1,5,4,5,7,4,4,5,4,4,2,17,26,2,9,3,4,C03,7,5,1,10,2,14,,26,26,1,22,8,C03,120.641471,24.17677,2
2022,3,30,12,5,臺中市,豐原區,0,1,0,8,1,5,40,4,1,1,5,4,5,7,1,1,5,4,4,2,11,8,3,10,1,1,C03,7,5,1,10,2,13,,8,8,1,22,8,C03,120.717496,24.238713,2
2022,3,30,12,6,臺中市,大安區,0,1,0,6,1,5,50,4,1,1,4,4,5,7,1,1,10,5,5,2,16,42,3,10,1,1,A02,7,9,1,2,11,6,,42,42,1,10,3,A02,120.58633,24.37937,2
2022,3,30,12,8,臺中市,南屯區,0,0,0,8,,,1,,,,,,,,,,,,,,,12,,,,,B12,,,1,,11,,,12,12,1,5,,B12,120.64688,24.15118,3
2022,3,30,12,8,臺中市,北屯區,0,1,0,8,1,5,50,14,7,1,5,4,5,7,1,1,5,5,4,2,13,23,3,10,1,1,B01,7,9,1,4,2,5,,23,23,1,22,8,B01,120.7411,24.178463,2
2022,3,30,12,10,臺中市,西屯區,0,1,0,8,1,5,50,14,9,1,5,4,5,7,4,4,3,4,5,2,16,6,2,9,1,1,C03,7,9,1,10,2,14,,44,6,1,4,8,C03,120.625613,24.181868,2
2022,3,30,12,10,臺中市,南區,0,1,0,8,1,5,50,4,1,1,5,4,5,7,1,1,10,5,5,2,12,3,3,10,1,1,C03,7,9,1,10,2,14,,3,3,1,21,8,C03,120.670095,24.119043,2
2022,3,30,12,13,臺中市,南區,0,1,0,8,1,5,50,3,2,1,5,4,5,7,4,4,5,2,4,2,16,23,3,10,1,1,B02,7,5,1,8,2,8,,23,23,1,5,8,B02,120.671407,24.119146,2
2022,3,30,12,14,臺中市,豐原區,0,1,0,8,1,5,30,14,9,1,5,4,5,7,4,4,10,5,5,2,18,42,2,8,3,4,C03,7,9,1,10,2,14,,42,42,1,22,8,C03,120.723401,24.2334,2
2022,3,30,12,22,臺中市,北屯區,0,0,0,8,,,50,,,,,,,,,,,,,,,23,,,,,B12,,,1,,9,,,23,23,2,21,,B12,120.721167,24.161982,3
2022,3,30,12,30,臺中市,豐原區,0,0,0,8,,,60,,,,,,,,,,,,,,,26,,,,,B12,,,1,,2,,,26,26,1,21,,B12,120.703361,24.238383,3
2022,3,30,12,38,臺中市,南區,0,1,0,8,1,5,50,14,7,1,5,4,5,7,4,4,1,4,4,2,13,16,2,9,1,1,C03,7,9,1,10,2,11,,16,16,1,22,8,C03,120.6705,24.118805,2
2022,3,30,12,47,臺中市,南屯區,0,0,0,8,,,40,,,,,,,,,,,,,,,19,,,,,B03,,,1,,1,,,19,19,1,22,,B03,120.614856,24.14811,3
2022,3,30,12,47,臺中市,西屯區,0,1,0,8,1,5,50,4,1,1,5,4,5,7,1,1,9,4,4,2,16,23,3,10,1,1,B03,7,9,1,8,2,2,,23,23,1,12,8,B03,120.624801,24.181835,2
2022,3,30,12,50,臺中市,大肚區,0,0,0,8,,,30,,,,,,,,,,,,,,,6,,,,,B03,,,1,,2,,,6,6,1,4,,B03,120.578274,24.111962,3
2022,3,30,12,54,臺中市,北屯區,0,2,0,8,1,5,50,14,9,1,5,4,5,7,4,4,9,5,5,2,16,19,2,9,1,1,C03,7,1,1,10,2,11,,19,19,1,22,8,C03,120.735096,24.175265,2
2022,3,30,12,57,臺中市,大里區,0,0,0,8,,,30,,,,,,,,,,,,,,,9,,,,,C03,,,1,,2,,,9,9,1,22,,C03,120.69292,24.092886,3
2022,3,30,13,2,臺中市,南屯區,0,1,0,8,1,5,50,4,1,1,5,4,5,7,2,1,10,5,5,2,16,23,3,10,1,1,C03,7,9,1,10,2,11,,23,23,1,5,8,C03,120.633406,24.149745,2
2022,3,30,13,21,臺中市,北屯區,0,0,0,8,,,50,,,,,,,,,,,,,,,44,,,,,B03,,,1,,1,,,44,44,1,21,,B03,120.692682,24.162407,3
2022,3,30,13,24,臺中市,西屯區,0,1,0,8,1,5,30,4,1,1,5,4,5,7,4,4,10,5,5,2,15,6,2,9,1,1,C03,7,9,1,10,2,11,,6,6,1,22,8,C03,120.643483,24.179643,2
2022,3,30,13,30,臺中市,大雅區,0,1,0,8,1,5,30,3,1,1,5,4,5,7,4,4,10,5,5,2,16,6,3,10,1,1,B03,7,5,1,8,2,1,,6,6,1,22,9,B03,120.655207,24.229689,2
2022,3,30,13,38,臺中市,南屯區,0,0,0,,,,50,,,,,,,,,,,,,,,12,,,,,B02,,,1,,2,,,12,12,1,22,,B02,120.653419,24.135019,3
2022,3,30,13,43,臺中市,南屯區,0,1,0,8,1,5,50,4,2,1,5,4,5,7,2,1,5,5,5,2,12,7,2,9,2,1,F01,7,7,8,20,2,16,,7,7,1,19,8,F01,120.643921,24.13821,2
2022,3,30,13,43,臺中市,北屯區,0,0,0,8,,,50,,,,,,,,,,,,,,,7,,,,,A02,,,1,,1,,,7,7,1,10,,A02,120.658475,24.179578,3
2022,3,30,13,57,臺中市,東區,0,1,0,8,1,5,30,14,9,1,5,4,5,7,4,4,10,5,5,2,11,19,3,10,1,1,C03,7,1,6,10,2,14,,19,19,1,21,8,C03,120.694062,24.125905,2
2022,3,30,14,0,臺中市,西屯區,0,1,0,8,1,5,50,4,1,1,5,4,5,7,4,4,9,4,5,2,16,19,2,8,1,1,C03,7,1,1,10,1,11,,19,19,1,12,8,C03,120.647325,24.170906,2
2022,3,30,14,2,臺中市,霧峰區,0,0,0,8,,,80,,,,,,,,,,,,,,,6,,,,,B12,,,1,,2,,,6,6,1,4,,B12,120.684769,24.055122,3
2022,3,30,14,2,臺中市,北屯區,0,0,0,8,,,30,,,,,,,,,,,,,,,12,,,,,B03,,,1,,1,,,12,12,1,21,,B03,120.72016,24.17625,3
2022,3,30,14,8,臺中市,南區,0,0,0,8,,,50,,,,,,,,,,,,,,,16,,,,,B03,,,1,,1,,,16,16,1,22,,B03,120.651008,24.119775,3
2022,3,30,14,8,臺中市,大雅區,0,1,0,8,1,5,50,4,1,1,5,4,5,7,1,1,1,4,5,1,16,6,3,10,1,1,B12,7,6,1,8,2,2,,6,6,1,22,9,B12,120.662144,24.232656,2
2022,3,30,14,20,臺中市,北屯區,0,1,0,8,1,5,40,4,1,1,5,4,5,7,1,1,10,5,5,2,16,43,2,9,1,1,C03,7,9,1,10,2,11,14,43,43,1,22,8,C03,120.706143,24.164665,2
2022,3,30,14,23,臺中市,后里區,0,0,0,8,,,40,,,,,,,,,,,,,,,19,,,,,B03,,,1,,2,,,19,19,1,22,,B03,120.723581,24.313103,3
2022,3,30,14,29,臺中市,西屯區,0,1,0,8,1,5,50,4,1,1,5,4,5,7,1,1,4,5,5,2,15,25,2,9,1,1,C03,7,9,1,10,2,11,,25,25,1,22,8,C03,120.647432,24.172818,2
2022,3,30,14,49,臺中市,東區,0,1,0,8,1,5,50,3,1,1,5,4,5,7,3,1,10,5,5,2,16,6,3,10,1,1,A04,7,5,1,2,2,8,,23,6,1,5,8,A04,120.68734,24.140235,2
2022,3,30,14,54,臺中市,西屯區,0,0,0,8,,,30,,,,,,,,,,,,,,,12,,,,,B12,,,1,,2,,,12,12,1,22,,B12,120.65491,24.160099,3
2022,3,30,15,17,臺中市,霧峰區,0,1,0,8,1,5,60,14,13,1,5,4,5,7,4,4,1,4,4,1,13,23,2,9,3,5,F03,7,9,8,20,2,16,,23,23,1,22,8,F03,120.69651,24.069844,2
2022,3,30,15,18,臺中市,神岡區,0,1,0,8,1,5,50,3,1,1,5,4,5,7,3,1,5,4,4,2,17,6,3,10,1,1,B12,7,6,1,8,2,7,,6,6,1,12,8,B12,120.659043,24.276679,2
2022,3,30,15,19,臺中市,北屯區,0,0,0,8,,,50,,,,,,,,,,,,,,,12,,,,,B03,,,1,,2,,,12,12,1,21,,B03,120.747823,24.195497,3