年,月,日,時,分,縣市,區,死,受傷,2-30,天候,光線,道路類別,速限,道路型態,事故位置,路面鋪裝,路面狀態,路面缺陷,障礙物,視距,號誌種類,號誌動作,分向設施,快車道或一般車道間,快慢車道間,路面邊線,事故類型及型態,主要肇因,受傷程度,主要傷處,保護裝備,行動電話,當事者區分,車輛用途,當事者行動狀態,駕駛資格情形,駕駛執照種類,飲酒情形,車輛撞擊部位最初,車輛撞擊部位其他,肇事因素個別,肇事因素主要,肇事逃逸,職業,旅次目的,車種,GPS緯度,GPS經度,事故類別
2022,3,30,15,22,臺中市,西屯區,0,0,0,8,,,50,,,,,,,,,,,,,,,23,,,,,B03,,,1,,2,,,23,23,1,22,,B03,120.612592,24.19012,3
2022,3,30,15,27,臺中市,霧峰區,0,0,0,8,,,40,,,,,,,,,,,,,,,23,,,,,B12,,,1,,2,,,23,23,1,21,,B12,120.691122,24.06593,3
2022,3,30,15,35,臺中市,東區,0,0,0,,,,50,,,,,,,,,,,,,,,23,,,,,B03,,,1,,2,,,23,23,1,22,,B03,120.701828,24.13879,3
2022,3,30,15,36,臺中市,神岡區,0,1,0,8,1,5,30,4,1,1,5,4,5,7,4,4,10,5,5,1,17,6,3,10,1,1,B03,7,5,1,8,2,1,,6,6,1,12,8,B03,120.674386,24.248882,2
2022,3,30,15,38,臺中市,南屯區,0,1,0,8,1,5,40,14,8,1,5,4,5,7,4,4,5,4,4,2,17,23,2,9,1,1,C03,7,9,1,10,2,11,,23,23,1,22,8,C03,120.609441,24.130506,2
2022,3,30,15,41,臺中市,大里區,0,0,0,8,,,40,,,,,,,,,,,,,,,10,,,,,B03,,,1,,2,,,10,10,1,9,,B03,120.69155,24.10051,3
2022,3,30,15,45,臺中市,大雅區,0,2,0,8,1,5,50,4,1,1,5,4,5,7,1,1,1,4,4,1,16,26,2,7,1,1,C03,7,5,1,10,2,11,,26,26,1,22,9,C03,120.64454,24.227069,2
2022,3,30,15,45,臺中市,北區,0,2,0,8,1,5,50,5,1,1,5,4,5,7,4,4,3,2,3,1,13,16,2,9,3,4,C03,7,9,1,10,2,11,,16,16,1,22,9,C03,120.674616,24.162533,2
2022,3,30,15,50,臺中市,南區,0,0,0,8,,,50,,,,,,,,,,,,,,,7,,,,,B03,,,1,,2,,,7,7,1,22,,B03,120.662856,24.126748,3
2022,3,30,15,50,臺中市,清水區,0,1,0,8,1,5,50,4,1,1,5,4,5,7,1,1,10,5,5,2,16,4,2,9,1,1,C03,7,9,1,10,2,11,12,4,4,1,5,6,C03,120.559813,24.282691,2
2022,3,30,16,0,臺中市,西區,0,0,0,8,,,,,,,,,,,,,,,,,,42,,,,,,,,,,,,,42,42,1,,,,120.66499,24.151021,3
2022,3,30,16,2,臺中市,梧棲區,0,0,0,8,,,50,,,,,,,,,,,,,,,7,,,,,B03,,,6,,11,,,7,7,1,11,,B03,120.555492,24.251079,3
2022,3,30,16,2,臺中市,大雅區,0,0,0,8,,,30,,,,,,,,,,,,,,,12,,,,,B03,,,1,,2,,,12,12,1,22,,B03,120.667207,24.217636,4
2022,3,30,16,3,臺中市,梧棲區,0,0,0,8,,,70,,,,,,,,,,,,,,,23,,,,,B03,,,1,,2,,,23,23,1,9,,B03,120.536094,24.24993,3
2022,3,30,16,5,臺中市,南區,0,1,0,8,1,5,50,4,1,1,5,4,5,7,1,1,10,5,5,2,15,42,3,10,1,1,C03,7,1,1,10,2,11,,42,42,1,22,8,C03,120.684769,24.130826,2
2022,3,30,16,24,臺中市,西屯區,0,0,0,8,,,40,,,,,,,,,,,,,,,42,,,,,B03,,,1,,1,,,42,42,1,22,,B03,120.64682,24.195752,3
2022,3,30,16,26,臺中市,北屯區,0,2,0,8,1,5,50,4,1,1,5,4,5,7,4,4,10,5,5,2,15,6,3,10,1,1,B03,7,9,1,8,2,4,,6,6,1,4,8,B03,120.703076,24.180085,2
2022,3,30,16,29,臺中市,西區,0,1,0,8,1,5,50,4,1,1,5,4,5,7,1,1,10,5,5,2,16,8,3,10,1,1,B03,7,5,3,18,2,2,,8,8,1,21,8,B03,120.669798,24.149599,2
2022,3,30,16,33,臺中市,南屯區,0,0,0,,,,50,,,,,,,,,,,,,,,9,,,,,B03,,,1,,1,,,9,9,1,22,,B03,120.634238,24.136647,3
2022,3,30,16,34,臺中市,北屯區,0,2,0,8,1,8,50,4,2,1,5,4,5,7,4,4,5,5,5,2,16,6,2,9,1,1,B12,7,5,1,8,2,4,,6,6,1,21,8,B12,120.716726,24.167363,2
2022,3,30,16,40,臺中市,北屯區,0,0,0,8,,,50,,,,,,,,,,,,,,,23,,,,,B03,,,1,,1,,,23,23,1,5,,B03,120.701958,24.182408,3
2022,3,30,16,50,臺中市,霧峰區,0,0,0,8,,,50,,,,,,,,,,,,,,,12,,,,,B03,,,1,,,,,12,12,1,22,,B03,120.673215,24.063192,3
2022,3,30,16,56,臺中市,大里區,0,1,0,8,1,5,30,14,8,1,5,4,5,7,4,4,1,4,4,1,17,40,3,10,3,4,B03,7,13,1,8,2,4,,40,40,1,21,5,B03,120.692571,24.091142,2
2022,3,30,16,56,臺中市,大里區,0,0,0,8,,,80,,,,,,,,,,,,,,,16,,,,,B02,,,3,,2,,,16,16,1,22,,B02,120.690704,24.098029,3
2022,3,30,17,1,臺中市,西屯區,0,0,0,8,,,50,,,,,,,,,,,,,,,17,,,,,B03,,,1,,2,,,17,17,1,22,,B03,120.651792,24.206518,3
2022,3,30,17,2,臺中市,大里區,0,0,0,8,,,50,,,,,,,,,,,,,,,23,,,,,B12,,,1,,2,,,23,23,1,21,,B12,120.699301,24.110145,3
2022,3,30,17,6,臺中市,霧峰區,0,1,0,8,1,5,40,12,9,1,5,4,5,7,4,4,4,5,5,2,16,23,3,10,3,4,B03,7,9,1,8,2,8,,23,23,1,22,8,B03,120.671279,24.08268,2
2022,3,30,17,6,臺中市,南屯區,0,1,0,8,1,5,30,4,1,1,5,4,5,7,4,4,10,5,5,2,16,6,3,10,1,1,B03,7,5,1,8,2,1,,6,6,1,22,8,B03,120.647507,24.155639,2
2022,3,30,17,8,臺中市,東區,0,1,0,8,1,5,50,4,1,1,5,4,5,7,1,1,9,4,5,2,12,9,3,10,1,1,B03,7,6,1,8,2,2,,9,9,1,4,1,B03,120.711015,24.144385,2
2022,3,30,17,15,臺中市,沙鹿區,0,1,0,8,1,5,30,14,9,1,5,4,5,7,4,4,10,5,5,2,11,5,2,9,4,5,F01,7,9,8,20,2,16,,5,5,1,21,8,F01,120.566029,24.241708,2
2022,3,30,17,15,臺中市,東區,0,1,0,8,1,5,50,5,1,1,5,4,5,7,1,1,10,5,5,2,13,43,3,10,1,1,B03,7,5,1,8,2,1,3,43,43,1,22,8,B03,120.692935,24.132735,2
2022,3,30,17,16,臺中市,神岡區,0,2,0,8,1,5,50,14,9,1,5,4,5,7,2,1,1,4,5,1,17,25,2,9,1,1,C03,7,9,1,10,2,11,,25,25,1,22,8,C03,120.680399,24.244674,2
2022,3,30,17,18,臺中市,霧峰區,0,1,0,8,1,5,30,14,9,1,5,4,5,7,4,4,10,5,5,1,25,44,2,2,3,4,A11,7,9,1,5,2,2,,44,44,1,22,8,A11,120.654615,24.076421,2
2022,3,30,17,20,臺中市,神岡區,0,0,0,8,1,6,40,3,1,1,5,4,5,7,4,4,9,5,5,1,11,5,,,,,B03,,,1,,2,,,5,5,1,22,,B03,120.66808,24.27319,3
2022,3,30,17,20,臺中市,沙鹿區,0,2,0,8,1,5,50,4,1,1,5,4,5,7,4,4,10,5,5,2,15,6,2,8,1,1,C03,7,9,1,10,2,11,,6,6,1,20,8,C03,120.573346,24.219278,2
2022,3,30,17,22,臺中市,南屯區,0,1,0,8,1,5,50,4,2,1,5,4,5,7,4,4,5,4,4,2,16,9,3,10,1,1,B03,7,6,1,8,2,2,,9,9,1,22,8,B03,120.636575,24.134297,2
2022,3,30,17,24,臺中市,西屯區,0,2,0,8,1,5,50,3,1,1,5,4,5,7,4,4,5,4,5,2,16,26,2,9,1,1,C03,7,9,1,10,2,12,,26,26,1,22,8,C03,120.658397,24.161241,2
2022,3,30,17,26,臺中市,霧峰區,0,1,0,8,1,5,40,3,1,1,5,4,5,7,4,4,10,5,5,2,17,23,2,9,1,1,C03,7,9,1,10,2,14,,23,23,1,21,5,C03,120.692468,24.072359,2
2022,3,30,17,28,臺中市,南區,0,0,0,8,,,40,,,,,,,,,,,,,,,67,,,,,,,,,,,,,67,67,1,,,,120.658945,24.125355,3
2022,3,30,17,36,臺中市,北屯區,0,0,0,8,,,40,,,,,,,,,,,,,,,67,,,,,,,,,,,,,67,67,1,,,,120.681861,24.18176,3
2022,3,30,17,37,臺中市,西區,0,0,0,8,,,50,,,,,,,,,,,,,,,6,,,,,B03,,,1,,1,,,6,6,1,22,,B03,120.667341,24.140589,3
2022,3,30,17,47,臺中市,南屯區,0,1,0,8,2,5,50,14,9,1,5,4,5,7,4,4,9,5,5,2,13,16,2,9,1,1,C03,7,9,1,10,2,11,,16,16,1,22,8,C03,120.643773,24.133786,2
2022,3,30,17,47,臺中市,北屯區,0,0,0,6,,,50,,,,,,,,,,,,,,,16,,,,,B03,,9,1,8,1,1,,16,16,1,21,8,B03,120.700351,24.170133,3
2022,3,30,17,51,臺中市,大里區,0,1,0,8,1,5,40,14,8,1,5,4,5,7,4,4,10,5,4,1,16,19,3,10,1,1,B03,7,1,1,8,2,8,,19,19,1,5,8,B03,120.664061,24.085166,2
2022,3,30,17,53,臺中市,西屯區,0,2,0,8,1,5,50,3,1,1,5,4,5,7,3,1,10,5,5,2,16,6,2,9,3,4,C03,7,5,1,10,2,13,,6,6,1,22,8,C03,120.665708,24.175568,2
2022,3,30,17,54,臺中市,神岡區,0,1,0,8,1,5,50,14,9,1,5,4,5,7,4,4,5,5,5,1,17,44,2,9,1,1,C03,7,4,1,10,2,12,,44,44,1,22,8,C03,120.6566,24.2645,2
2022,3,30,17,55,臺中市,南屯區,0,1,0,8,1,5,50,14,7,1,5,4,5,7,4,4,1,4,5,2,12,17,2,8,1,1,C03,7,9,1,10,2,14,,17,17,1,22,9,C03,120.647777,24.14,2
2022,3,30,17,56,臺中市,西屯區,0,1,0,8,1,5,50,14,9,1,5,4,5,7,4,4,10,5,5,2,17,42,2,8,1,1,C03,7,15,1,10,11,11,,42,42,1,22,8,C03,120.625215,24.185083,2
2022,3,30,17,57,臺中市,清水區,0,0,0,8,1,5,30,5,1,1,5,4,5,7,1,1,10,5,5,1,17,25,3,10,3,4,B12,7,9,6,18,7,14,,25,25,1,22,8,B12,120.54019,24.288908,3
2022,3,30,17,58,臺中市,東區,0,1,0,8,1,5,50,4,1,1,5,4,5,7,1,1,10,4,5,2,13,16,3,10,1,1,C03,7,9,1,10,2,11,,16,16,1,22,8,C03,120.692456,24.142745,2
2022,3,30,18,0,臺中市,大甲區,0,1,0,8,3,5,30,3,1,1,5,4,5,7,4,4,10,5,5,2,14,12,2,9,1,1,C03,7,5,1,10,2,14,,44,12,1,20,8,C03,120.624383,24.350736,2
2022,3,30,18,2,臺中市,北區,0,0,0,,,,50,,,,,,,,,,,,,,,16,,,,,B03,,,1,,,,,16,16,1,22,,B03,120.685079,24.151991,3
2022,3,30,18,4,臺中市,霧峰區,0,2,0,8,2,5,50,14,13,1,5,4,5,7,4,4,9,5,5,1,16,16,2,9,3,4,C03,7,4,1,10,2,11,,16,16,1,22,8,C03,120.686626,24.053691,2
2022,3,30,18,6,臺中市,南區,0,1,0,8,3,5,40,4,1,1,5,4,5,7,2,1,5,5,4,2,13,23,3,10,1,1,C03,7,9,1,10,2,14,,23,23,1,21,8,C03,120.666665,24.114103,2
2022,3,30,18,10,臺中市,大里區,0,0,0,8,,,40,,,,,,,,,,,,,,,16,,,,,B12,,,1,,2,,,16,16,1,22,,B12,120.692439,24.102409,3
2022,3,30,18,11,臺中市,北屯區,0,1,0,8,2,5,50,4,1,1,5,4,5,7,4,4,10,5,5,2,15,6,2,8,1,1,C03,7,9,1,10,2,11,,6,6,1,21,8,C03,120.715816,24.17172,2
2022,3,30,18,12,臺中市,西屯區,0,1,0,8,3,5,40,14,9,1,5,4,5,7,4,4,10,3,5,2,13,23,2,8,1,1,C03,7,9,1,10,2,11,,23,23,1,22,8,C03,120.638483,24.176672,2
2022,3,30,18,15,臺中市,南區,0,1,0,8,3,5,50,3,1,1,5,4,5,7,4,4,9,4,5,2,12,9,3,10,1,1,B03,7,6,1,8,2,2,,9,9,1,5,1,B03,120.680025,24.127605,2
2022,3,30,18,15,臺中市,梧棲區,0,0,0,8,,,70,,,,,,,,,,,,,,,7,,,,,B03,,,1,,1,,,7,7,1,2,,B03,120.547421,24.233878,3
2022,3,30,18,21,臺中市,南屯區,0,0,0,,,,50,,,,,,,,,,,,,,,23,,,,,B12,,,1,,1,,,23,23,1,22,,B12,120.652922,24.1296,3
2022,3,30,18,25,臺中市,梧棲區,0,2,0,8,3,5,50,3,2,1,5,4,5,7,4,4,5,5,5,1,17,11,2,9,1,1,C03,7,11,1,10,2,13,,11,11,1,9,8,C03,120.529455,24.254199,2
2022,3,30,18,29,臺中市,北區,0,2,0,8,3,5,50,14,9,1,5,4,5,7,4,4,5,5,5,2,17,23,2,9,1,1,C03,7,1,1,10,2,11,,23,23,1,20,8,C03,120.685202,24.149342,2
2022,3,30,18,30,臺中市,南區,0,0,0,,,,50,,,,,,,,,,,,,,,23,,,,,B03,,,1,,2,,,23,23,1,22,,B03,120.670245,24.112305,3
2022,3,30,18,34,臺中市,大里區,0,0,0,8,,,30,,,,,,,,,,,,,,,23,,,,,B03,,,1,,2,,,23,23,1,21,,B03,120.675982,24.087662,3
2022,3,30,18,37,臺中市,北屯區,0,0,0,,,,50,,,,,,,,,,,,,,,25,,,,,B03,,9,1,8,1,8,,25,25,1,21,8,B03,120.658969,24.188532,3
2022,3,30,18,37,臺中市,南屯區,0,0,0,8,,,50,,,,,,,,,,,,,,,23,,,,,A41,,,1,,1,,,23,23,1,22,,A41,120.614883,24.148603,3
2022,3,30,18,40,臺中市,北屯區,0,0,0,8,,,50,,,,,,,,,,,,,,,26,,,,,B03,,,1,,2,,,26,26,1,4,,B03,120.66507,24.186295,3
2022,3,30,18,52,臺中市,北區,0,0,0,8,,,50,,,,,,,,,,,,,,,17,,,,,B03,,,1,,2,,,17,17,1,22,,B03,120.700399,24.154502,3
2022,3,30,18,55,臺中市,南屯區,0,0,0,8,,,50,,,,,,,,,,,,,,,17,,,,,B03,,,1,,,,,17,17,2,22,,B03,120.634952,24.14751,3
2022,3,30,18,56,臺中市,西屯區,0,1,0,8,3,5,50,4,1,1,5,4,5,7,1,1,9,4,4,2,11,6,3,10,1,1,B01,7,5,1,8,2,1,,6,6,1,12,8,B01,120.639967,24.185145,2
2022,3,30,18,56,臺中市,霧峰區,0,0,0,8,,,50,,,,,,,,,,,,,,,19,,,,,B03,,,1,,,,,19,19,1,22,,B03,120.697718,24.062151,4
2022,3,30,19,0,臺中市,南屯區,0,0,0,8,,,50,,,,,,,,,,,,,,,7,,,,,B03,,,1,,,,,7,7,1,22,,B03,120.615716,24.147421,3
2022,3,30,19,0,臺中市,西屯區,0,2,0,8,3,5,50,14,9,1,5,4,5,7,4,4,1,4,5,2,12,17,2,9,3,4,B03,7,9,1,8,1,7,,17,17,1,22,8,B03,120.658306,24.200251,2
2022,3,30,19,16,臺中市,南區,0,1,0,8,3,5,30,3,1,1,5,4,5,7,4,4,10,5,5,2,16,19,3,10,1,1,B03,7,1,1,8,2,1,,19,19,1,21,8,B03,120.665465,24.117538,2
2022,3,30,19,20,臺中市,北屯區,0,2,0,8,3,5,50,3,1,1,5,4,5,7,4,4,10,5,5,2,16,6,2,9,1,1,C03,7,5,1,10,2,11,,6,6,1,21,8,C03,120.693368,24.173751,2
2022,3,30,19,22,臺中市,南屯區,0,1,0,8,3,5,50,14,9,1,5,4,5,7,4,4,5,2,5,1,18,23,2,9,1,1,C03,7,9,1,9,2,11,,23,23,1,22,8,C03,120.619819,24.130377,2
2022,3,30,19,23,臺中市,南屯區,0,2,0,8,3,5,50,14,9,1,5,4,5,7,4,4,3,4,5,2,17,23,2,9,1,1,C03,7,9,1,10,2,11,,23,23,1,22,8,C03,120.61581,24.147158,2
2022,3,30,19,26,臺中市,北屯區,0,0,0,8,,,50,,,,,,,,,,,,,,,12,,,,,B03,,,1,,,,,12,12,1,21,,B03,120.686938,24.189349,3
2022,3,30,19,30,臺中市,大里區,0,0,0,8,3,5,30,4,2,1,5,4,5,7,3,1,10,5,5,2,14,12,,,,,B03,,,1,,2,,,12,12,1,19,,B03,120.676966,24.098101,3
2022,3,30,19,32,臺中市,西屯區,0,1,0,8,1,5,50,14,7,1,5,4,5,7,4,4,8,4,4,1,16,7,2,9,1,4,C03,7,8,1,10,2,13,,7,7,1,4,8,C03,120.634976,24.16498,2
2022,3,30,19,33,臺中市,大雅區,0,1,0,8,3,5,50,14,13,1,5,4,5,7,4,4,1,4,5,1,17,43,,,,,,,,,,,,,43,43,2,,,,120.613365,24.231181,2
2022,3,30,19,34,臺中市,南區,0,0,0,8,,,50,,,,,,,,,,,,,,,23,,,,,B03,,,1,,2,,,23,23,1,5,,B03,120.670141,24.114376,3
2022,3,30,19,35,臺中市,烏日區,0,1,0,8,3,5,50,4,1,1,5,4,5,7,4,4,10,5,5,2,17,23,2,9,1,1,B03,7,9,1,8,5,5,,23,23,1,9,8,B03,120.641495,24.103253,2
2022,3,30,19,39,臺中市,北屯區,0,0,0,8,,,50,,,,,,,,,,,,,,,26,,,,,B12,,,1,,2,,,26,26,1,5,,B12,120.692285,24.180108,3
2022,3,30,19,39,臺中市,南區,0,1,0,8,3,5,50,3,1,1,5,4,5,7,4,4,9,5,4,2,13,16,2,8,1,1,C03,7,9,1,10,2,11,,16,16,1,22,8,C03,120.674729,24.127023,2
2022,3,30,19,40,臺中市,霧峰區,0,0,0,8,3,5,50,5,1,1,5,4,5,7,3,1,1,4,4,2,16,6,,,,,B03,,,1,,2,,,6,6,1,22,,B03,120.693106,24.073131,3
2022,3,30,19,40,臺中市,北屯區,0,0,0,8,,,80,,,,,,,,,,,,,,,16,,,,,B12,,,1,,1,,,16,16,1,5,,B12,120.7189,24.163373,3
2022,3,30,19,45,臺中市,北屯區,0,0,0,8,,,50,,,,,,,,,,,,,,,44,,,,,C03,,,1,,2,,,44,44,1,18,,C03,120.726836,24.180166,3
2022,3,30,19,45,臺中市,西屯區,0,1,0,8,3,5,50,14,9,1,5,4,5,7,4,4,5,4,5,2,17,23,2,9,1,1,C03,7,9,1,10,2,11,,23,23,1,22,8,C03,120.607733,24.196109,2
2022,3,30,19,56,臺中市,西屯區,0,1,0,8,3,5,40,14,8,1,5,4,5,7,4,4,9,4,4,2,13,23,2,9,1,1,C03,7,9,1,10,1,11,,23,23,1,12,8,C03,120.644666,24.171518,2
2022,3,30,20,3,臺中市,大甲區,0,2,0,8,3,5,50,4,1,1,5,4,5,7,2,1,10,5,5,2,16,6,2,8,1,1,C03,7,5,1,10,2,12,,6,6,1,5,8,C03,120.622694,24.342405,2
2022,3,30,20,11,臺中市,西區,0,3,0,8,3,5,50,4,1,1,5,4,5,7,1,1,10,5,5,2,16,19,2,8,1,1,C03,7,1,1,10,2,14,,19,19,1,22,8,C03,120.661725,24.144333,2
2022,3,30,20,20,臺中市,南屯區,0,0,0,8,,,50,,,,,,,,,,,,,,,40,,,,,B03,,,1,,1,,,40,40,1,22,,B03,120.630555,24.1525,3
2022,3,30,20,20,臺中市,大雅區,0,1,0,8,3,5,50,3,1,1,5,4,5,7,1,1,10,4,5,1,16,25,2,9,1,1,C03,7,9,1,10,2,12,,25,25,1,22,9,C03,120.613962,24.215243,2
2022,3,30,20,21,臺中市,北屯區,0,1,0,8,3,5,50,14,9,1,5,4,5,7,4,4,4,3,5,2,16,26,3,10,1,1,B03,7,5,1,8,2,7,,26,26,1,21,8,B03,120.912213,24.18326,2
2022,3,30,20,22,臺中市,北區,0,1,0,8,3,5,50,3,1,1,5,4,5,7,4,4,10,5,5,2,12,1,3,10,1,1,B03,7,9,4,10,2,2,,1,1,1,5,8,B03,120.671387,24.163119,2
2022,3,30,20,41,臺中市,北區,0,1,0,8,3,5,50,4,1,1,5,4,5,7,4,4,10,5,5,2,17,23,2,9,1,1,C03,7,9,1,10,2,11,,23,23,1,22,9,C03,120.685456,24.163099,2
2022,3,30,20,49,臺中市,西區,0,0,0,8,,,50,,,,,,,,,,,,,,,23,,,,,B03,,,1,,1,,,23,23,1,21,,B03,120.675829,24.138696,4
2022,3,30,20,50,臺中市,大里區,0,3,0,8,3,5,50,3,1,1,5,4,5,7,4,4,10,5,5,2,17,6,2,9,1,1,C03,7,5,1,10,2,14,,6,6,1,21,5,C03,120.700991,24.088746,2
2022,3,30,20,53,臺中市,北屯區,0,0,0,8,,,50,,,,,,,,,,,,,,,23,,,,,B03,,,1,,1,,,23,23,1,21,,B03,120.686208,24.188735,3
2022,3,30,20,54,臺中市,北區,0,1,0,8,3,5,50,4,1,1,5,4,5,7,4,4,5,5,5,2,17,26,2,9,1,1,C02,7,4,1,9,2,11,,26,26,1,22,9,C02,120.67046,24.168776,2
2022,3,30,21,5,臺中市,北屯區,0,2,0,8,3,5,50,5,1,1,5,4,5,7,1,1,10,5,5,2,17,23,2,7,1,1,C03,7,9,1,10,2,14,,23,23,1,21,8,C03,120.690575,24.172423,2
2022,3,30,21,5,臺中市,后里區,0,1,0,8,3,5,40,14,8,1,5,4,5,7,4,4,9,4,4,1,17,42,2,9,1,1,C04,7,9,1,10,2,12,,42,42,1,22,8,C04,120.716277,24.302836,2
2022,3,30,21,10,臺中市,大肚區,0,0,0,,,,70,,,,,,,,,,,,,,,16,,,,,B12,,,1,,2,,,16,16,1,22,,B12,120.564327,24.123054,3
2022,3,30,21,12,臺中市,南屯區,0,0,0,8,,,40,,,,,,,,,,,,,,,2,,,,,B03,,,1,,2,,,2,2,1,22,,B03,120.62339,24.1497,3
2022,3,30,21,20,臺中市,大里區,0,0,0,8,3,5,50,14,9,1,5,3,5,7,4,4,5,5,5,1,29,23,,,,,C03,,,1,,,,,23,23,1,5,,C03,120.712315,24.092622,3
2022,3,30,21,25,臺中市,南屯區,0,1,0,8,3,5,50,14,9,1,5,4,5,7,4,4,5,4,5,2,17,26,3,10,1,1,B03,7,11,1,8,2,8,,26,26,1,22,8,B03,120.605173,24.138779,2
2022,3,30,21,26,臺中市,霧峰區,0,2,0,8,3,5,50,14,9,1,5,4,5,7,3,1,5,5,5,1,16,26,2,9,3,4,C03,7,11,1,10,2,15,,26,26,1,22,8,C03,120.696741,24.062407,2
2022,3,30,21,40,臺中市,東區,0,1,0,7,3,5,50,4,1,1,5,4,5,7,1,1,10,5,5,2,16,8,3,10,1,1,B03,7,5,1,8,2,3,,8,8,1,22,9,B03,120.692346,24.148051,2
2022,3,30,21,41,臺中市,后里區,0,0,0,8,,,40,,,,,,,,,,,,,,,23,,,,,B03,,,1,,2,,,23,23,1,22,,B03,120.71785,24.30474,3
2022,3,30,21,59,臺中市,東區,0,1,0,8,3,5,50,3,1,1,5,4,5,7,2,1,10,5,5,2,18,13,2,9,1,1,C03,7,9,1,10,2,11,14,13,13,1,21,8,C03,120.694383,24.1515,2
2022,3,30,22,15,臺中市,大雅區,0,0,0,8,,,30,,,,,,,,,,,,,,,12,,,,,B03,,,1,,2,,,12,12,1,22,,B03,120.6569,24.22392,3
2022,3,30,22,18,臺中市,霧峰區,0,1,0,8,1,5,50,14,9,1,5,4,5,7,4,4,5,5,5,1,18,42,2,9,3,4,C03,7,9,1,10,2,15,,42,42,1,22,8,C03,120.686378,24.053645,2
2022,3,30,22,25,臺中市,東區,0,1,0,8,3,5,50,5,4,1,5,4,5,7,4,4,9,4,4,2,12,23,3,10,1,1,B03,7,9,1,8,2,1,,23,23,1,5,1,B03,120.69512,24.142713,2
2022,3,30,22,47,臺中市,沙鹿區,0,1,0,8,3,5,50,3,1,1,5,4,5,7,1,1,10,5,5,2,17,25,3,10,1,1,B03,7,5,1,8,2,1,,25,25,1,21,8,B03,120.575738,24.227118,2
2022,3,30,23,30,臺中市,南區,0,0,0,,,,50,,,,,,,,,,,,,,,12,,,,,B03,,,1,,2,,,12,12,1,22,,B03,120.665509,24.116717,3
2022,3,31,0,9,臺中市,南屯區,0,3,0,8,3,5,50,4,1,1,5,4,5,7,3,1,10,5,5,2,15,6,2,1,1,1,B03,7,9,1,8,2,2,,6,6,1,22,8,B03,120.64829,24.132036,2
2022,3,31,1,7,臺中市,北區,0,1,0,8,3,5,50,4,1,1,5,4,5,7,1,1,10,5,5,2,16,26,2,9,1,1,C03,7,5,4,8,2,12,,26,26,1,22,8,C03,120.666058,24.162971,2
2022,3,31,2,6,臺中市,大雅區,0,1,0,8,3,5,50,14,13,1,5,4,5,7,4,4,1,4,4,1,17,23,2,9,1,1,C03,7,9,1,10,2,12,,23,23,1,22,9,C03,120.64461,24.226942,2
2022,3,31,4,30,臺中市,西屯區,0,0,0,8,,,30,,,,,,,,,,,,,,,17,,,,,B12,,,1,,1,,,17,17,1,22,,B12,120.645124,24.17352,3
2022,3,31,5,15,臺中市,東區,0,1,0,7,2,5,50,4,1,1,5,4,5,7,4,4,10,5,5,2,15,6,3,10,1,1,B03,7,9,1,8,2,1,,6,6,1,22,9,B03,120.684303,24.125006,2
2022,3,31,6,25,臺中市,南區,0,1,0,8,1,5,50,14,8,1,5,4,5,7,4,4,9,4,4,2,16,6,3,10,1,1,B03,7,6,3,18,2,5,,6,6,1,22,8,B03,120.649398,24.121663,2
2022,3,31,6,36,臺中市,南區,0,0,0,,,,50,,,,,,,,,,,,,,,23,,,,,B03,,,1,,2,,,23,23,1,22,,B03,120.657868,24.108885,3
2022,3,31,7,0,臺中市,北屯區,0,0,0,8,,,50,,,,,,,,,,,,,,,23,,,,,B03,,,1,,1,,,23,23,1,22,,B03,120.712085,24.180123,3
2022,3,31,7,0,臺中市,后里區,0,1,0,8,2,5,40,14,9,1,5,4,5,7,4,4,5,5,5,2,13,16,3,10,1,1,C03,7,9,1,10,2,11,,16,16,1,22,8,C03,120.711826,24.30524,2
2022,3,31,7,15,臺中市,大甲區,0,3,0,8,1,5,30,4,1,1,5,4,5,7,4,4,5,5,5,2,16,6,2,9,1,1,C03,7,9,4,8,2,12,,6,6,1,19,2,C03,120.622665,24.33854,2
2022,3,31,7,16,臺中市,西屯區,0,0,0,8,,,50,,,,,,,,,,,,,,,17,,,,,B03,,,1,,1,,,17,17,1,22,,B03,120.627302,24.200905,3
2022,3,31,7,21,臺中市,南屯區,0,1,0,8,1,5,50,5,1,1,5,4,5,7,1,1,10,5,5,2,12,26,2,9,1,1,C03,7,11,1,10,2,14,,26,26,1,20,8,C03,120.6378,24.14244,2
2022,3,31,7,23,臺中市,梧棲區,0,0,0,8,,,50,,,,,,,,,,,,,,,23,,,,,B03,,,1,,2,,,23,23,1,3,,B03,120.550421,24.24132,3
2022,3,31,7,25,臺中市,大雅區,0,0,0,8,,,50,,,,,,,,,,,,,,,16,,,,,B03,,,1,,2,,,16,16,1,22,,B03,120.641119,24.230263,3