年,月,日,時,分,縣市,區,死,受傷,2-30,天候,光線,道路類別,速限,道路型態,事故位置,路面鋪裝,路面狀態,路面缺陷,障礙物,視距,號誌種類,號誌動作,分向設施,快車道或一般車道間,快慢車道間,路面邊線,事故類型及型態,主要肇因,受傷程度,主要傷處,保護裝備,行動電話,當事者區分,車輛用途,當事者行動狀態,駕駛資格情形,駕駛執照種類,飲酒情形,車輛撞擊部位最初,車輛撞擊部位其他,肇事因素個別,肇事因素主要,肇事逃逸,職業,旅次目的,車種,GPS緯度,GPS經度,事故類別
2022,3,31,15,16,臺中市,西屯區,0,0,0,8,,,50,,,,,,,,,,,,,,,43,,,,,B03,,,1,,2,,,43,43,1,22,,B03,120.653679,24.201135,3
2022,3,31,15,19,臺中市,南區,0,1,0,8,1,5,50,4,1,1,5,4,5,7,1,1,10,5,5,2,12,17,3,10,1,1,C03,7,9,1,10,2,12,,17,17,1,21,8,C03,120.682443,24.12247,2
2022,3,31,15,22,臺中市,中區,0,2,0,8,1,5,50,14,9,1,5,4,5,7,2,1,5,5,5,2,13,16,2,8,1,1,C03,7,9,1,10,2,11,,16,16,1,5,8,C03,120.677981,24.140891,2
2022,3,31,15,23,臺中市,南屯區,0,0,0,8,,,50,,,,,,,,,,,,,,,7,,,,,A12,,,1,,2,,,7,7,1,22,,A12,120.647705,24.124115,3
2022,3,31,15,24,臺中市,西屯區,0,2,0,8,1,5,30,4,1,1,5,4,5,7,4,4,10,5,5,2,16,6,2,9,1,1,C03,7,9,1,10,2,11,,6,6,1,22,8,C03,120.644194,24.17997,2
2022,3,31,15,34,臺中市,東區,0,3,0,8,1,5,50,4,1,1,5,4,5,7,2,1,10,5,5,2,16,3,2,9,1,1,C03,7,9,1,10,2,12,,3,3,1,22,8,C03,120.700103,24.138881,2
2022,3,31,15,36,臺中市,霧峰區,0,1,0,8,1,5,30,14,9,1,5,4,5,7,4,4,10,5,5,1,21,42,2,9,3,4,B03,7,9,6,18,11,1,,42,42,1,22,8,B03,120.661575,24.073433,2
2022,3,31,15,36,臺中市,西屯區,0,0,0,8,,,50,,,,,,,,,,,,,,,23,,,,,C03,,,6,,2,,,23,23,1,12,,C03,120.637286,24.171798,3
2022,3,31,15,39,臺中市,南屯區,0,1,0,8,1,5,50,14,7,1,5,4,1,7,4,4,5,5,4,2,13,16,2,9,1,1,C03,7,9,1,10,2,11,,16,16,1,22,8,C03,120.610335,24.144001,2
2022,3,31,15,39,臺中市,東區,0,0,0,,,,50,,,,,,,,,,,,,,,12,,,,,B02,,,1,,2,,,12,12,1,21,,B02,120.696348,24.126647,3
2022,3,31,15,42,臺中市,南屯區,0,0,0,8,1,5,50,3,2,1,5,4,5,7,1,1,1,4,5,2,12,17,3,10,1,1,B03,7,6,1,8,1,2,,17,17,1,6,3,B03,120.622397,24.15013,3
2022,3,31,15,50,臺中市,霧峰區,0,1,0,8,1,5,50,14,8,1,5,4,5,7,4,4,5,5,4,1,17,26,2,6,1,1,C03,7,11,1,10,2,14,,26,26,1,22,8,C03,120.699459,24.069962,2
2022,3,31,15,50,臺中市,大里區,0,0,0,8,1,5,40,14,8,1,5,4,5,7,4,4,5,5,4,2,12,17,,,,,B03,,,1,,2,,,17,17,1,19,,B03,120.677375,24.097563,3
2022,3,31,15,50,臺中市,北屯區,0,0,0,8,,,50,,,,,,,,,,,,,,,23,,,,,B03,,,1,,1,,,23,23,1,21,,B03,120.67457,24.203435,3
2022,3,31,15,53,臺中市,北屯區,0,0,0,8,,,50,,,,,,,,,,,,,,,23,,,,,B03,,,1,,1,,,23,23,1,21,,B03,120.691356,24.162858,3
2022,3,31,15,55,臺中市,外埔區,0,0,0,8,,,40,,,,,,,,,,,,,,,23,,,,,B12,,,1,,2,,,23,23,1,22,,B12,120.637348,24.342662,3
2022,3,31,16,0,臺中市,霧峰區,0,0,0,8,,,50,,,,,,,,,,,,,,,44,,,,,B03,,,1,,,,,44,44,1,22,,B03,120.699038,24.054181,3
2022,3,31,16,0,臺中市,沙鹿區,0,0,0,8,,,50,,,,,,,,,,,,,,,18,,,,,B03,,,1,,1,,,38,17,1,21,,B03,120.561481,24.237077,3
2022,3,31,16,8,臺中市,大里區,0,0,0,8,,,50,,,,,,,,,,,,,,,26,,,,,B03,,,1,,2,,,26,26,1,22,,B03,120.68558,24.101286,3
2022,3,31,16,11,臺中市,南區,0,1,0,8,1,5,50,5,1,1,5,4,5,7,1,1,10,5,5,2,16,8,3,10,1,1,C03,7,5,1,10,2,14,,8,8,1,22,8,C03,120.680619,24.12908,2
2022,3,31,16,17,臺中市,中區,0,1,0,8,1,5,50,4,1,1,5,4,5,7,1,1,10,5,5,2,17,8,2,9,1,1,C03,7,5,1,10,2,14,,8,8,1,21,8,C03,120.681796,24.144577,2
2022,3,31,16,18,臺中市,大里區,0,0,0,8,,,50,,,,,,,,,,,,,,,23,,,,,F03,,,8,,,,,23,23,1,22,,F03,120.687631,24.0869,3
2022,3,31,16,19,臺中市,豐原區,0,0,0,8,,,50,,,,,,,,,,,,,,,23,,,,,B03,,,1,,2,,,23,23,1,22,,B03,120.715203,24.24467,3
2022,3,31,16,20,臺中市,太平區,0,0,0,8,,,50,,,,,,,,,,,,,,,23,,,,,B03,,,1,,2,,,23,23,1,22,,B03,120.722649,24.149477,3
2022,3,31,16,21,臺中市,南屯區,0,0,0,,,,50,,,,,,,,,,,,,,,19,,,,,A41,,,1,,2,,,19,19,1,22,,A41,120.630705,24.122683,3
2022,3,31,16,35,臺中市,石岡區,0,2,0,8,1,5,70,14,8,1,5,4,5,7,4,4,1,5,5,1,1,23,2,9,3,4,C03,7,9,1,10,2,11,,23,23,1,22,8,C03,120.785179,24.274422,2
2022,3,31,16,40,臺中市,南屯區,0,1,0,8,1,5,50,4,1,1,5,4,5,7,4,4,5,4,5,2,17,6,3,10,1,1,B03,7,6,1,8,2,5,,6,6,1,22,8,B03,120.641906,24.147001,2
2022,3,31,16,40,臺中市,北屯區,0,0,0,8,,,50,,,,,,,,,,,,,,,18,,,,,B12,,,1,,1,,,18,18,1,22,,B12,120.690857,24.164465,3
2022,3,31,16,45,臺中市,大里區,0,1,0,8,1,5,40,14,8,1,5,4,5,7,4,4,5,5,4,1,16,7,3,10,1,1,B03,7,8,1,8,2,2,,7,7,1,5,8,B03,120.690835,24.106251,2
2022,3,31,16,45,臺中市,霧峰區,0,0,0,8,,,50,,,,,,,,,,,,,,,17,,,,,B03,,,1,,11,,,17,17,1,22,,B03,120.669934,24.024599,3
2022,3,31,16,49,臺中市,南屯區,0,1,0,8,1,5,50,4,4,1,5,4,5,7,2,1,1,2,4,2,13,16,3,10,1,1,B03,7,9,1,8,2,5,,16,16,1,22,8,B03,120.631058,24.145111,2
2022,3,31,16,50,臺中市,南區,0,1,0,8,1,5,50,4,1,1,5,4,5,7,2,1,10,5,5,2,16,26,3,10,1,1,B03,7,6,1,8,2,5,,26,26,1,21,8,B03,120.670047,24.126452,2
2022,3,31,16,52,臺中市,大甲區,0,2,0,8,1,5,50,3,1,1,5,4,5,7,4,4,10,5,5,2,6,53,2,9,4,5,H01,8,18,8,20,10,16,,53,53,1,15,8,H01,120.653886,24.379151,2
2022,3,31,16,54,臺中市,南屯區,0,1,0,8,1,5,50,5,1,1,5,4,5,7,1,1,3,4,5,2,17,6,3,10,1,1,B03,7,6,1,8,2,2,,6,6,1,22,8,B03,120.646587,24.142604,2
2022,3,31,16,54,臺中市,南屯區,0,1,0,8,1,5,50,4,1,1,5,4,5,7,2,1,10,5,5,2,15,25,3,10,1,1,B12,7,9,1,8,2,5,,25,25,1,22,8,B12,120.623399,24.135649,2
2022,3,31,16,55,臺中市,西屯區,0,1,0,8,1,5,50,3,1,1,5,4,5,7,4,4,10,5,5,2,17,6,3,10,1,1,B03,7,6,1,8,1,15,,6,6,1,22,8,B03,120.649858,24.163484,2
2022,3,31,16,56,臺中市,沙鹿區,0,1,0,8,1,5,40,14,8,1,5,4,5,7,4,4,1,3,1,1,17,23,2,9,1,1,C03,7,9,1,10,2,15,,23,23,1,9,9,C03,120.568793,24.237689,2
2022,3,31,17,3,臺中市,西屯區,0,1,0,8,1,5,40,4,1,1,5,4,5,7,1,1,9,4,5,2,17,25,2,9,1,1,C03,7,9,1,10,2,14,,25,25,1,12,8,C03,120.661561,24.162979,2
2022,3,31,17,6,臺中市,太平區,0,0,0,8,,,50,,,,,,,,,,,,,,,42,,,,,C03,,,3,,9,,,42,42,1,21,,C03,120.732718,24.13471,3
2022,3,31,17,6,臺中市,東區,0,0,0,8,,,50,,,,,,,,,,,,,,,42,,,,,C04,,,1,,9,,,42,42,1,22,,C04,120.686625,24.134382,3
2022,3,31,17,8,臺中市,南屯區,0,0,0,7,1,5,40,14,9,1,5,4,5,7,4,4,1,4,5,2,13,16,3,10,1,1,B03,7,9,1,8,1,1,,16,16,1,22,8,B03,120.597507,24.154749,3
2022,3,31,17,11,臺中市,大里區,0,2,0,8,1,5,60,4,1,1,5,4,5,7,1,1,3,4,4,1,16,6,3,10,3,4,B03,7,5,1,8,2,1,,6,6,1,22,8,B03,120.69577,24.087915,2
2022,3,31,17,12,臺中市,大雅區,0,0,0,8,,,50,,,,,,,,,,,,,,,23,,,,,B03,,,1,,2,,,23,23,1,22,,B03,120.66212,24.232677,3
2022,3,31,17,12,臺中市,南屯區,0,0,0,,,,50,,,,,,,,,,,,,,,7,,,,,C03,,,1,,2,,,7,7,1,22,,C03,120.623189,24.140547,3
2022,3,31,17,15,臺中市,北屯區,1,0,0,8,1,5,50,4,1,1,5,4,5,7,4,4,10,5,5,2,15,6,1,1,1,1,C03,7,9,1,10,2,11,,6,6,1,19,8,C03,120.723538,24.171629,1
2022,3,31,17,16,臺中市,西屯區,0,1,0,8,1,5,50,4,1,1,5,4,5,7,1,1,9,4,4,2,12,17,3,10,1,1,A11,7,6,1,7,2,2,,17,17,1,10,8,A11,120.597839,24.175472,2
2022,3,31,17,18,臺中市,西屯區,0,1,0,8,2,5,50,14,9,1,5,4,5,7,4,4,1,4,5,2,17,42,2,9,1,4,C03,7,9,1,10,2,14,,42,42,1,22,8,C03,120.635308,24.171768,2
2022,3,31,17,18,臺中市,大里區,0,2,0,8,1,5,60,11,12,1,5,4,5,7,4,4,1,4,4,1,16,7,2,9,1,1,C03,7,8,1,10,2,12,,7,7,1,21,1,C03,120.690427,24.101086,2
2022,3,31,17,19,臺中市,大甲區,0,0,0,,,,40,,,,,,,,,,,,,,,19,,,,,B03,,,1,,1,,,19,19,1,22,,B03,120.597582,24.334457,3
2022,3,31,17,19,臺中市,大里區,0,1,0,8,1,5,50,14,9,1,5,4,5,7,1,1,5,5,5,1,17,26,2,9,1,1,C03,7,15,1,10,2,11,,26,26,1,22,8,C03,120.689263,24.118335,2
2022,3,31,17,21,臺中市,烏日區,0,1,0,8,1,5,40,3,1,1,5,4,5,7,4,4,1,4,5,2,13,23,3,10,1,1,C03,7,9,1,10,2,11,,23,23,1,21,8,C03,120.649595,24.094474,2
2022,3,31,17,24,臺中市,南屯區,0,1,0,8,1,5,50,4,1,1,5,4,5,7,2,1,10,5,5,2,18,23,2,9,1,1,C03,7,9,1,10,2,14,,23,23,1,22,8,C03,120.612254,24.150463,2
2022,3,31,17,26,臺中市,南屯區,0,0,0,8,1,5,50,4,1,1,5,4,5,7,1,1,10,5,5,2,13,16,3,10,1,1,B03,7,9,1,8,1,1,,16,16,1,22,8,B03,120.613063,24.139981,3
2022,3,31,17,30,臺中市,北屯區,0,1,0,8,1,5,50,14,9,1,5,4,5,7,4,4,5,5,5,1,14,12,2,9,1,1,C03,7,9,1,10,2,11,,44,12,1,21,8,C03,120.719445,24.172363,2
2022,3,31,17,32,臺中市,西區,0,0,0,8,,,50,,,,,,,,,,,,,,,23,,,,,B03,,,1,,1,,,23,23,1,22,,B03,120.670625,24.145644,3
2022,3,31,17,35,臺中市,西屯區,0,1,0,8,1,5,50,14,9,1,5,4,5,7,4,4,1,4,5,1,16,7,3,10,1,4,B03,7,7,1,8,2,4,,7,7,1,4,8,B03,120.602944,24.184731,2
2022,3,31,17,35,臺中市,大雅區,0,1,0,8,2,5,50,4,18,1,5,4,5,7,1,1,1,5,5,2,3,23,3,10,1,1,B03,7,5,1,8,2,8,,23,23,1,22,9,B03,120.66437,24.23384,2
2022,3,31,17,38,臺中市,北屯區,0,0,0,8,,,50,,,,,,,,,,,,,,,23,,,,,B03,,,1,,1,,,23,23,1,21,,B03,120.727781,24.161074,3
2022,3,31,17,38,臺中市,梧棲區,0,1,0,8,1,8,40,14,9,1,5,4,5,7,4,4,8,3,3,1,16,23,3,10,1,1,C03,7,9,1,10,2,11,,23,23,1,21,8,C03,120.554701,24.242924,2
2022,3,31,17,42,臺中市,南屯區,0,0,0,,,,50,,,,,,,,,,,,,,,12,,,,,B03,,,1,,1,,,12,12,1,22,,B03,120.649745,24.144478,3
2022,3,31,17,44,臺中市,西區,0,1,0,8,1,5,50,4,1,1,5,4,5,7,2,1,10,5,5,2,15,25,3,10,1,1,B03,7,9,1,8,2,1,,25,25,1,5,8,B03,120.665287,24.150867,2
2022,3,31,17,47,臺中市,北區,0,0,0,8,,,50,,,,,,,,,,,,,,,23,,,,,B03,,,1,,2,,,44,23,1,22,,B03,120.684668,24.166423,3
2022,3,31,17,52,臺中市,清水區,0,0,0,8,3,5,50,14,9,1,5,4,5,7,4,4,5,5,4,2,12,19,3,10,1,1,B03,7,1,1,8,2,4,,19,19,1,5,5,B03,120.579082,24.270822,3
2022,3,31,17,55,臺中市,南區,0,0,0,,,,50,,,,,,,,,,,,,,,23,,,,,B03,,,1,,2,,,23,23,1,22,,B03,120.685127,24.13383,3
2022,3,31,17,56,臺中市,北屯區,0,0,0,8,,,50,,,,,,,,,,,,,,,23,,,,,C03,,,1,,1,,,23,23,1,5,,C03,120.671694,24.173971,3
2022,3,31,17,58,臺中市,西區,0,0,0,8,,,50,,,,,,,,,,,,,,,4,,,,,C03,,,1,,2,,,4,4,1,21,,C03,120.66315,24.144333,3
2022,3,31,18,1,臺中市,東勢區,0,1,0,8,3,5,50,3,9,1,5,4,5,7,4,4,5,5,5,2,16,26,3,10,3,4,B03,7,5,1,8,2,8,,26,26,1,22,8,B03,120.83845,24.223176,2
2022,3,31,18,4,臺中市,豐原區,0,1,0,8,3,5,50,4,9,1,5,4,5,7,1,1,5,5,5,1,12,23,3,10,1,1,B03,7,5,1,8,2,15,,23,23,1,22,8,B03,120.702829,24.251533,2
2022,3,31,18,13,臺中市,南屯區,0,0,0,8,3,5,50,4,1,1,5,4,5,7,4,1,10,5,5,2,16,23,3,10,1,1,B03,7,5,1,8,1,4,,23,23,1,22,8,B03,120.614854,24.145286,3
2022,3,31,18,16,臺中市,大里區,0,2,0,8,3,5,50,3,1,1,5,4,5,7,1,1,10,5,5,1,12,17,2,9,1,1,C03,7,5,1,10,2,12,,17,17,1,5,8,C03,120.69032,24.121298,2
2022,3,31,18,20,臺中市,龍井區,0,3,0,8,3,5,70,4,1,1,5,4,5,7,1,1,10,5,5,2,16,6,2,7,1,1,B03,7,5,1,10,2,2,,6,6,1,4,5,B03,120.537642,24.199901,2
2022,3,31,18,21,臺中市,南屯區,0,0,0,8,2,5,50,14,2,1,5,4,5,7,4,4,1,4,5,2,12,17,3,10,1,1,B03,7,8,1,8,1,2,,17,17,1,2,5,B03,120.644989,24.15113,3
2022,3,31,18,22,臺中市,南屯區,0,0,0,8,2,5,50,14,9,1,5,4,5,7,4,4,9,5,5,2,11,4,3,10,1,1,C03,7,9,1,10,2,14,,4,4,1,4,1,C03,120.643348,24.1432,3
2022,3,31,18,25,臺中市,北屯區,0,2,0,8,3,5,50,4,1,5,5,4,5,7,1,1,10,5,5,2,16,25,2,7,1,1,C03,7,9,6,10,2,11,,25,25,1,21,8,C03,120.703775,24.175966,2
2022,3,31,18,25,臺中市,沙鹿區,0,1,0,8,3,5,50,3,1,1,5,4,5,7,4,4,10,5,5,2,17,6,2,9,1,1,C03,7,6,1,10,2,14,,6,6,1,21,8,C03,120.579314,24.223824,2
2022,3,31,18,32,臺中市,后里區,0,1,0,8,3,5,60,4,1,1,5,4,5,7,1,1,1,2,5,1,16,6,2,9,1,1,B03,7,5,1,8,2,2,,6,6,1,21,8,B03,120.680783,24.313405,2
2022,3,31,18,32,臺中市,大里區,0,1,0,8,2,5,50,14,7,1,5,4,5,7,4,4,5,5,4,1,29,23,2,9,1,1,C03,7,9,1,10,2,11,,23,23,1,22,1,C03,120.695413,24.102808,2
2022,3,31,18,33,臺中市,北屯區,0,1,0,8,3,5,40,3,2,1,5,4,5,7,4,4,5,5,4,1,11,4,2,9,4,1,F01,7,6,8,20,2,16,,4,4,1,22,8,F01,120.67166,24.17532,2
2022,3,31,18,36,臺中市,西屯區,0,0,0,8,,,40,,,,,,,,,,,,,,,23,,,,,B03,,,1,,1,,,23,23,1,22,,B03,120.628663,24.163155,3
2022,3,31,18,38,臺中市,西屯區,0,0,0,8,,,50,,,,,,,,,,,,,,,16,,,,,B03,,,1,,2,,,16,16,1,22,,B03,120.630772,24.170852,3
2022,3,31,18,40,臺中市,新社區,0,1,0,8,3,5,50,4,9,1,5,4,5,7,1,1,5,5,5,2,13,23,3,10,3,4,B03,7,9,1,8,2,5,,23,23,1,22,8,B03,120.808682,24.241525,2
2022,3,31,18,43,臺中市,西區,0,1,0,8,3,5,50,11,9,1,5,4,5,7,4,4,5,4,5,2,17,23,2,9,3,4,C03,7,9,1,10,2,11,,23,23,1,22,5,C03,120.65322,24.154757,2
2022,3,31,18,45,臺中市,南屯區,0,0,0,,,,50,,,,,,,,,,,,,,,26,,,,,B03,,,1,,1,,,26,26,1,22,,B03,120.635762,24.143398,3
2022,3,31,18,48,臺中市,豐原區,0,1,0,8,3,5,50,4,1,1,5,4,5,7,2,1,5,4,4,2,16,6,3,10,1,1,B02,7,6,1,7,2,5,,6,6,1,21,3,B02,120.712975,24.255616,2
2022,3,31,18,48,臺中市,清水區,0,2,0,8,4,5,40,14,8,1,5,4,5,7,1,1,1,4,3,1,12,6,3,10,1,1,B03,7,6,1,8,2,2,,6,6,1,5,1,B03,120.577798,24.300576,2
2022,3,31,18,58,臺中市,霧峰區,0,0,0,8,,,50,,,,,,,,,,,,,,,17,,,,,A12,,,1,,2,,,17,17,1,22,,A12,120.700009,24.073665,3
2022,3,31,18,59,臺中市,西屯區,0,1,0,8,1,5,50,14,9,1,5,4,5,7,4,4,8,5,5,1,13,23,3,10,1,4,B03,7,9,1,8,1,1,,23,23,1,4,8,B03,120.597609,24.191355,2
2022,3,31,18,59,臺中市,南屯區,0,0,0,8,,,50,,,,,,,,,,,,,,,17,,,,,A11,,,1,,2,,,17,17,2,22,,A11,120.648375,24.15561,3
2022,3,31,19,4,臺中市,太平區,0,1,0,8,3,5,50,4,1,1,5,4,5,7,4,4,10,5,5,2,15,6,3,10,1,1,C03,7,9,1,10,2,11,,6,6,1,6,4,C03,120.722364,24.149952,2
2022,3,31,19,6,臺中市,南屯區,0,0,0,,,,50,,,,,,,,,,,,,,,12,,,,,B02,,,1,,1,,,12,12,1,22,,B02,120.647478,24.143003,3
2022,3,31,19,9,臺中市,西屯區,0,0,0,8,,,50,,,,,,,,,,,,,,,42,,,,,B03,,,1,,1,,,42,42,1,22,,B03,120.654219,24.201967,3
2022,3,31,19,11,臺中市,霧峰區,0,1,0,8,3,5,30,14,9,1,5,4,5,7,4,4,10,5,5,1,17,43,2,9,3,4,C03,7,9,1,10,2,13,,43,43,1,22,8,C03,120.664506,24.048254,2
2022,3,31,19,18,臺中市,大雅區,0,1,0,8,3,5,50,14,7,1,5,4,5,7,4,4,5,4,4,1,12,10,3,10,1,1,B12,7,11,1,8,2,1,,10,10,1,22,9,B12,120.64995,24.22222,2
2022,3,31,19,21,臺中市,北屯區,0,1,0,8,3,5,50,3,1,1,5,4,5,7,4,4,10,5,5,2,16,23,2,9,1,1,C02,7,9,1,9,2,14,,23,23,1,21,8,C02,120.689406,24.201358,2
2022,3,31,19,25,臺中市,西屯區,0,0,0,8,,,30,,,,,,,,,,,,,,,12,,,,,B03,,,1,,1,,,12,12,1,12,,B03,120.642723,24.176253,3
2022,3,31,19,29,臺中市,南屯區,0,1,0,8,3,5,40,14,8,1,5,4,5,7,4,4,1,4,4,2,17,40,3,10,1,1,B03,7,15,1,8,2,2,,40,40,1,22,8,B03,120.651675,24.150795,2
2022,3,31,19,37,臺中市,梧棲區,0,0,0,8,,,50,,,,,,,,,,,,,,,7,,,,,B03,,,1,,2,,,7,7,1,21,,B03,120.523862,24.236572,3
2022,3,31,19,39,臺中市,大雅區,0,1,0,8,3,5,50,3,1,1,5,4,5,7,4,4,10,5,5,2,16,6,3,10,1,1,B03,7,6,1,8,2,5,,6,6,1,22,9,B03,120.650093,24.220725,2
2022,3,31,19,40,臺中市,霧峰區,0,2,0,8,3,5,50,14,8,1,5,4,5,7,4,4,5,5,4,1,16,26,2,8,3,4,C03,7,11,4,8,2,12,,26,26,1,22,8,C03,120.698683,24.062578,2
2022,3,31,19,42,臺中市,西屯區,0,1,0,8,3,5,40,14,8,1,5,4,5,7,4,4,5,5,4,2,18,43,2,9,3,4,C03,7,9,1,10,1,14,,43,43,1,22,8,C03,120.644133,24.17881,2
2022,3,31,19,45,臺中市,西屯區,0,2,0,8,3,5,40,3,1,1,5,4,5,7,4,4,10,5,5,2,16,6,2,9,1,1,C03,7,6,1,10,2,12,,6,6,1,22,8,C03,120.637505,24.180327,2
2022,3,31,20,2,臺中市,神岡區,0,1,0,8,3,5,50,14,9,1,5,4,5,7,4,4,1,4,5,1,13,16,3,10,1,1,C03,7,9,1,10,2,14,,16,16,1,22,8,C03,120.682173,24.245857,2
2022,3,31,20,2,臺中市,神岡區,0,1,0,8,3,5,50,4,1,1,5,4,5,7,1,1,5,5,5,1,16,6,3,10,1,1,B03,7,5,1,8,2,2,,6,6,1,21,8,B03,120.677546,24.264888,2
2022,3,31,20,10,臺中市,西區,0,0,0,,,,50,,,,,,,,,,,,,,,6,,,,,B01,,,1,,,,,6,6,1,21,,B01,120.658859,24.152542,3
2022,3,31,20,16,臺中市,北屯區,0,1,0,8,3,5,40,4,1,1,5,4,5,7,1,1,1,4,4,2,16,19,2,9,1,1,C03,7,1,1,10,6,14,,19,19,1,22,8,C03,120.665153,24.18396,2
2022,3,31,20,20,臺中市,南區,0,0,0,8,3,5,50,3,1,1,5,4,5,7,1,1,10,5,5,2,12,6,3,10,1,1,B03,7,6,1,8,2,2,,6,6,1,22,8,B03,120.657585,24.124615,3
2022,3,31,20,33,臺中市,沙鹿區,0,1,0,8,3,5,30,3,1,1,5,4,5,7,4,4,10,5,5,2,10,23,3,10,1,1,B03,7,9,1,8,2,1,,23,23,1,21,8,B03,120.569314,24.250869,2
2022,3,31,20,34,臺中市,北屯區,0,1,0,8,3,5,50,4,1,1,5,4,5,7,1,1,10,5,5,2,13,23,3,10,1,1,B03,7,9,1,8,2,8,,23,23,1,21,8,B03,120.696863,24.176228,2
2022,3,31,20,35,臺中市,南區,0,2,0,8,3,5,50,5,1,1,5,4,5,7,2,1,10,5,5,2,17,19,3,10,1,1,B03,7,1,1,1,2,8,,19,19,1,21,8,B03,120.657849,24.11258,2
2022,3,31,20,39,臺中市,大雅區,0,0,0,8,,,50,,,,,,,,,,,,,,,19,,,,,B03,,,1,,2,,,19,19,1,22,,B03,120.648542,24.218513,3
2022,3,31,20,40,臺中市,西屯區,0,1,0,8,3,5,50,4,1,1,5,4,5,7,4,4,9,4,5,2,16,19,3,10,1,1,B03,7,1,1,8,2,3,,19,19,1,12,8,B03,120.604255,24.186616,2
2022,3,31,20,43,臺中市,西屯區,0,1,0,8,3,5,30,3,1,1,5,4,5,7,4,4,10,5,5,2,17,6,3,10,1,1,B03,7,6,1,8,2,4,,6,6,1,22,5,B03,120.617456,24.195925,2
2022,3,31,20,44,臺中市,大里區,0,1,0,8,3,5,50,14,9,1,5,4,5,7,4,4,5,4,5,1,13,16,2,8,1,1,C03,7,9,1,10,2,11,,16,16,1,22,5,C03,120.689881,24.109428,2
2022,3,31,20,55,臺中市,北屯區,0,1,0,8,3,5,50,3,1,1,5,4,5,7,4,4,10,5,5,2,16,6,3,10,1,1,B03,7,5,1,8,2,6,,6,6,1,21,8,B03,120.672633,24.176533,2
2022,3,31,21,3,臺中市,沙鹿區,0,0,0,8,,,30,,,,,,,,,,,,,,,8,,,,,C03,,,1,,2,,,8,8,1,18,,C03,120.560319,24.234248,3
2022,3,31,21,10,臺中市,西屯區,0,1,0,8,3,5,40,3,1,1,5,4,5,7,4,4,10,5,5,2,16,10,3,10,3,4,B03,7,11,1,8,2,2,,10,10,1,22,8,B03,120.640356,24.175936,2
2022,3,31,21,12,臺中市,神岡區,0,1,0,8,1,5,50,3,1,1,5,4,5,7,4,4,5,5,5,1,17,6,3,10,1,1,B03,7,5,1,8,2,15,,6,6,1,21,8,B03,120.68472,24.24236,2
2022,3,31,21,23,臺中市,西屯區,0,0,0,8,,,30,,,,,,,,,,,,,,,43,,,,,C03,,,1,,11,,,43,43,1,22,,C03,120.622938,24.185049,3
2022,3,31,21,26,臺中市,后里區,0,2,0,8,1,5,50,4,1,1,5,4,5,7,4,4,4,3,5,2,15,6,3,10,1,1,B03,7,9,1,8,2,7,,6,6,1,22,8,B03,120.699273,24.317661,2
2022,3,31,21,43,臺中市,西區,0,1,0,8,3,5,50,3,1,1,5,4,5,7,2,1,10,5,5,2,16,6,3,10,1,1,B03,7,5,1,8,2,8,,6,6,1,21,8,B03,120.66347,24.150862,2
2022,3,31,21,58,臺中市,霧峰區,0,0,0,8,,,40,,,,,,,,,,,,,,,26,,,,,B03,,,1,,2,,,26,26,1,22,,B03,120.662944,24.063028,3
2022,3,31,22,5,臺中市,南屯區,0,2,0,8,3,5,50,4,1,1,5,4,5,7,4,4,10,5,5,2,15,6,2,9,3,4,C03,7,9,1,10,2,12,,6,6,1,12,8,C03,120.647803,24.142595,2
2022,3,31,22,25,臺中市,北屯區,0,0,0,8,,,40,,,,,,,,,,,,,,,43,,,,,C03,,,1,,1,,,43,43,1,3,,C03,120.6705,24.1758,3
2022,3,31,22,35,臺中市,西區,0,1,0,8,3,5,50,4,7,1,5,4,5,7,2,1,5,4,4,2,17,23,2,9,1,1,C03,7,9,1,10,2,12,,23,23,1,5,8,C03,120.665275,24.147883,2
2022,3,31,22,49,臺中市,西屯區,0,1,0,8,3,5,50,14,9,1,5,4,5,7,4,4,1,4,5,2,17,12,3,10,1,4,B03,7,2,1,8,2,4,,12,12,1,22,8,B03,120.649672,24.167204,2
2022,3,31,22,52,臺中市,大里區,0,2,0,8,3,5,50,4,7,1,5,4,5,7,1,1,1,2,4,2,13,16,2,9,1,1,C03,7,9,1,10,2,11,,16,16,1,5,8,C03,120.679363,24.116746,2
2022,3,31,23,20,臺中市,北屯區,0,1,0,8,3,5,50,4,1,1,5,4,5,7,3,1,10,5,5,2,16,6,3,10,1,1,B03,7,5,1,8,2,1,,6,6,1,22,8,B03,120.707076,24.192726,2
2022,3,31,23,30,臺中市,東區,0,3,0,8,3,5,50,4,1,1,5,4,5,7,4,4,10,5,5,2,15,6,2,9,1,1,C03,7,9,1,10,2,12,,6,6,1,22,8,C03,120.708853,24.143298,2